INSERT INTO Staff (staffID, firstName, lastName, gender, dateOfBirth, nationality, idType, idNumber, contactNumber, email, address, position, medicalLicenseNumber, password, employmentDate) VALUES ('ST0001', 'Michael', 'Collins', 'Male', '1980-09-04', 'Heard Island and McDonald Islands', 'Passport', '354-31-5288', '+1-698-761-9937x49929', 'flemingjonathan@example.org', '237 Hunt Wall Suite 180, North Robertville, NE 39864', 'Admin', '', 'Password123!', '2023-10-25');
INSERT INTO Staff (staffID, firstName, lastName, gender, dateOfBirth, nationality, idType, idNumber, contactNumber, email, address, position, medicalLicenseNumber, password, employmentDate) VALUES ('ST0002', 'Katelyn', 'Woods', 'Male', '1989-07-08', 'Christmas Island', 'Passport', '159-68-4436', '(289)229-3909x0728', 'alexandramiller@example.org', '74815 Sharon Road, Mariostad, OK 73404', 'Doctor', 'MED418', 'Password123!', '2017-08-02');
INSERT INTO Staff (staffID, firstName, lastName, gender, dateOfBirth, nationality, idType, idNumber, contactNumber, email, address, position, medicalLicenseNumber, password, employmentDate) VALUES ('ST0003', 'Paul', 'Potter', 'Female', '1990-11-09', 'Papua New Guinea', 'IC', '849-98-3587', '001-952-995-8297x4112', 'farleyjohn@example.com', '2862 Margaret Estates, Barreraport, AS 14127', 'Admin', '', 'Password123!', '2024-02-10');
INSERT INTO Staff (staffID, firstName, lastName, gender, dateOfBirth, nationality, idType, idNumber, contactNumber, email, address, position, medicalLicenseNumber, password, employmentDate) VALUES ('ST0004', 'Sue', 'Aguilar', 'Female', '1971-05-18', 'South Georgia and the South Sandwich Islands', 'Passport', '442-63-0624', '(633)503-0137x4084', 'ryanwilliams@example.net', '78083 Sherry Walks Apt. 500, Justinmouth, DE 25500', 'Admin', '', 'Password123!', '2018-09-05');
INSERT INTO Staff (staffID, firstName, lastName, gender, dateOfBirth, nationality, idType, idNumber, contactNumber, email, address, position, medicalLicenseNumber, password, employmentDate) VALUES ('ST0005', 'Brian', 'Salazar', 'Male', '1959-12-11', 'Greenland', 'Passport', '546-57-5055', '835-940-7337x614', 'jessicacollins@example.com', '346 Golden Well Apt. 094, North Michaelport, PR 67432', 'Admin', '', 'Password123!', '2022-07-19');
INSERT INTO Staff (staffID, firstName, lastName, gender, dateOfBirth, nationality, idType, idNumber, contactNumber, email, address, position, medicalLicenseNumber, password, employmentDate) VALUES ('ST0006', 'Jeremy', 'Baldwin', 'Male', '1987-10-10', 'Iraq', 'IC', '347-01-7106', '(223)227-8999x962', 'stacy27@example.org', 'Unit 5454 Box 4660, DPO AP 13392', 'Admin', '', 'Password123!', '2023-09-24');
INSERT INTO Staff (staffID, firstName, lastName, gender, dateOfBirth, nationality, idType, idNumber, contactNumber, email, address, position, medicalLicenseNumber, password, employmentDate) VALUES ('ST0007', 'Andrew', 'Briggs', 'Female', '1969-01-14', 'North Macedonia', 'IC', '611-71-0437', '578.493.5802', 'lanecheryl@example.org', '6492 Payne Trace Apt. 304, Kylemouth, LA 55472', 'Doctor', 'MED069', 'Password123!', '2018-12-26');
INSERT INTO Staff (staffID, firstName, lastName, gender, dateOfBirth, nationality, idType, idNumber, contactNumber, email, address, position, medicalLicenseNumber, password, employmentDate) VALUES ('ST0008', 'Gwendolyn', 'Mccoy', 'Male', '1965-06-30', 'Austria', 'IC', '623-81-0255', '758-936-4905x502', 'jeffrey27@example.com', '4133 Derek Motorway Apt. 790, Stevensfort, ID 30664', 'Admin', '', 'Password123!', '2019-11-24');
INSERT INTO Staff (staffID, firstName, lastName, gender, dateOfBirth, nationality, idType, idNumber, contactNumber, email, address, position, medicalLicenseNumber, password, employmentDate) VALUES ('ST0009', 'Mark', 'Hernandez', 'Female', '1964-05-16', 'Falkland Islands (Malvinas)', 'IC', '747-19-8449', '+1-390-754-7341x35821', 'cevans@example.net', '0453 Linda Rapid, South Jacob, MP 15617', 'Doctor', 'MED257', 'Password123!', '2016-03-27');
INSERT INTO Staff (staffID, firstName, lastName, gender, dateOfBirth, nationality, idType, idNumber, contactNumber, email, address, position, medicalLicenseNumber, password, employmentDate) VALUES ('ST0010', 'Kaitlin', 'Moran', 'Female', '1993-02-27', 'Cocos (Keeling) Islands', 'IC', '430-89-9810', '(676)540-7484x928', 'lorigray@example.com', '67458 Miller Circle, East Isaacstad, OH 32016', 'Doctor', 'MED660', 'Password123!', '2022-01-22');
INSERT INTO Patient (patientID, firstName, lastName, gender, dateOfBirth, age, nationality, idType, idNumber, studentId, contactNumber, email, address, emergencyContactName, emergencyContactNumber, allergies, bloodType) VALUES ('PT0001', 'Darryl', 'Brown', 'Female', '1990-08-10', 35, 'Saint Vincent and the Grenadines', 'IC', '887-43-9160', 'S00092', '013-2419402', 'calderonmichael@example.com', '2195 Chavez Oval Suite 544, Calebfurt, Malaysia', 'Kevin Garcia', '010-3323909', 'Pollen', 'O-');
INSERT INTO Patient (patientID, firstName, lastName, gender, dateOfBirth, age, nationality, idType, idNumber, studentId, contactNumber, email, address, emergencyContactName, emergencyContactNumber, allergies, bloodType) VALUES ('PT0002', 'Gabriela', 'Hull', 'Male', '1974-08-22', 50, 'Macao', 'Passport', '268-41-3515', 'S03423', '011-6177592', 'tammy42@example.com', '82222 Norton Mission Apt. 260, South Maryton, Malaysia', 'Michelle Velez', '012-5158391', 'Pollen', 'AB+');
INSERT INTO Patient (patientID, firstName, lastName, gender, dateOfBirth, age, nationality, idType, idNumber, studentId, contactNumber, email, address, emergencyContactName, emergencyContactNumber, allergies, bloodType) VALUES ('PT0003', 'Kelly', 'Donovan', 'Female', '1983-07-11', 42, 'Saint Lucia', 'Passport', '898-76-7960', 'S05062', '015-7159463', 'piercerichard@example.net', '9920 Jennings Street, Randyborough, Malaysia', 'Nicholas Key', '013-3903541', 'Peanuts', 'O+');
INSERT INTO Patient (patientID, firstName, lastName, gender, dateOfBirth, age, nationality, idType, idNumber, studentId, contactNumber, email, address, emergencyContactName, emergencyContactNumber, allergies, bloodType) VALUES ('PT0004', 'James', 'Powell', 'Male', '2005-11-14', 19, 'Canada', 'Passport', '514-72-7919', 'S01885', '016-5204894', 'ogilbert@example.org', '6363 Sierra Haven, Micheleburgh, Malaysia', 'Ashley Edwards', '018-8848639', 'Penicillin', 'A+');
INSERT INTO Patient (patientID, firstName, lastName, gender, dateOfBirth, age, nationality, idType, idNumber, studentId, contactNumber, email, address, emergencyContactName, emergencyContactNumber, allergies, bloodType) VALUES ('PT0005', 'Katherine', 'Pugh', 'Male', '1990-02-07', 35, 'French Polynesia', 'Passport', '874-47-4088', 'S08031', '014-1120773', 'kaylaklein@example.com', '1743 Mendoza Motorway, East Paul, Malaysia', 'Elizabeth Patton', '011-4474861', 'Pollen', 'AB+');
INSERT INTO Patient (patientID, firstName, lastName, gender, dateOfBirth, age, nationality, idType, idNumber, studentId, contactNumber, email, address, emergencyContactName, emergencyContactNumber, allergies, bloodType) VALUES ('PT0006', 'Stacy', 'Mcdaniel', 'Female', '1981-06-30', 44, 'Sudan', 'IC', '736-01-9190', 'S05353', '012-2859098', 'randyharrison@example.org', '88202 Meyer Summit Apt. 782, Matthewburgh, Malaysia', 'Gabriella Hendricks', '017-8801437', 'Penicillin', 'B-');
INSERT INTO Patient (patientID, firstName, lastName, gender, dateOfBirth, age, nationality, idType, idNumber, studentId, contactNumber, email, address, emergencyContactName, emergencyContactNumber, allergies, bloodType) VALUES ('PT0007', 'Melanie', 'Mckinney', 'Female', '2003-12-27', 21, 'Zambia', 'Passport', '469-86-5803', 'S03708', '015-7699799', 'scottpatrick@example.com', '55030 Brittany Underpass, Cabreraberg, Malaysia', 'Amber Logan', '016-8032735', 'Latex', 'A-');
INSERT INTO Patient (patientID, firstName, lastName, gender, dateOfBirth, age, nationality, idType, idNumber, studentId, contactNumber, email, address, emergencyContactName, emergencyContactNumber, allergies, bloodType) VALUES ('PT0008', 'Shane', 'Reid', 'Female', '1977-03-13', 48, 'Argentina', 'IC', '430-33-2333', 'S02975', '019-3999094', 'nrivas@example.org', '48190 Julie Crossing, New Larry, Malaysia', 'Jessica Edwards', '017-3198207', 'Latex', 'O+');
INSERT INTO Patient (patientID, firstName, lastName, gender, dateOfBirth, age, nationality, idType, idNumber, studentId, contactNumber, email, address, emergencyContactName, emergencyContactNumber, allergies, bloodType) VALUES ('PT0009', 'Charles', 'Thornton', 'Male', '1996-02-21', 29, 'Japan', 'IC', '514-55-7277', 'S08905', '011-1064628', 'laurenvaldez@example.net', '206 Jason Pines Apt. 091, North Danielle, Malaysia', 'Heather Navarro', '019-4636938', 'Peanuts', 'B+');
INSERT INTO Patient (patientID, firstName, lastName, gender, dateOfBirth, age, nationality, idType, idNumber, studentId, contactNumber, email, address, emergencyContactName, emergencyContactNumber, allergies, bloodType) VALUES ('PT0010', 'Sheila', 'Smith', 'Male', '1978-03-14', 47, 'Tokelau', 'Passport', '854-52-7545', 'S03906', '016-1472383', 'victoria83@example.net', '166 Leah Land, Tuckermouth, Malaysia', 'Michael Sweeney', '012-2181652', 'Pollen', 'AB+');
INSERT INTO Patient (patientID, firstName, lastName, gender, dateOfBirth, age, nationality, idType, idNumber, studentId, contactNumber, email, address, emergencyContactName, emergencyContactNumber, allergies, bloodType) VALUES ('PT0011', 'Robert', 'Holland', 'Male', '1978-01-17', 47, 'Canada', 'Passport', '286-17-6450', 'S01706', '019-1233900', 'mitchell42@example.net', '364 Michelle Unions Suite 443, Lake Kevinmouth, Malaysia', 'Jason Cook', '011-6411230', 'Latex', 'B+');
INSERT INTO Patient (patientID, firstName, lastName, gender, dateOfBirth, age, nationality, idType, idNumber, studentId, contactNumber, email, address, emergencyContactName, emergencyContactNumber, allergies, bloodType) VALUES ('PT0012', 'Ronald', 'Martin', 'Male', '1988-01-09', 37, 'Vanuatu', 'IC', '470-76-2759', 'S08812', '016-2485431', 'edwin43@example.net', '940 Daniels Island Suite 907, Elizabethton, Malaysia', 'Mark Reed', '015-3530079', 'Latex', 'B-');
INSERT INTO Patient (patientID, firstName, lastName, gender, dateOfBirth, age, nationality, idType, idNumber, studentId, contactNumber, email, address, emergencyContactName, emergencyContactNumber, allergies, bloodType) VALUES ('PT0013', 'Jillian', 'Berry', 'Male', '2000-05-10', 25, 'Bahamas', 'Passport', '036-51-3503', 'S01508', '017-4589467', 'perkinsmartha@example.net', '41190 Michael Square, New Rachel, Malaysia', 'Christine Martinez', '016-6825512', 'Penicillin', 'B-');
INSERT INTO Patient (patientID, firstName, lastName, gender, dateOfBirth, age, nationality, idType, idNumber, studentId, contactNumber, email, address, emergencyContactName, emergencyContactNumber, allergies, bloodType) VALUES ('PT0014', 'Katherine', 'Zavala', 'Male', '1981-07-30', 44, 'Guam', 'IC', '147-04-3024', 'S07543', '010-8782225', 'savannah54@example.org', '046 Flowers Mountains, New Laura, Malaysia', 'Barbara Davis', '019-1099966', 'None', 'AB-');
INSERT INTO Patient (patientID, firstName, lastName, gender, dateOfBirth, age, nationality, idType, idNumber, studentId, contactNumber, email, address, emergencyContactName, emergencyContactNumber, allergies, bloodType) VALUES ('PT0015', 'Duane', 'Conner', 'Female', '1982-09-19', 42, 'Gibraltar', 'IC', '475-93-7505', 'S04582', '011-8933908', 'gsmith@example.net', '5780 Kimberly Greens, Joshuaton, Malaysia', 'John Jordan', '011-4541761', 'Pollen', 'A-');
INSERT INTO Patient (patientID, firstName, lastName, gender, dateOfBirth, age, nationality, idType, idNumber, studentId, contactNumber, email, address, emergencyContactName, emergencyContactNumber, allergies, bloodType) VALUES ('PT0016', 'Matthew', 'Hernandez', 'Female', '1979-03-04', 46, 'Jersey', 'Passport', '499-83-7592', 'S01694', '016-7642212', 'jessethomas@example.org', '13859 Laura Summit, Jordanton, Malaysia', 'Adam Price', '015-6356352', 'Peanuts', 'B-');
INSERT INTO Patient (patientID, firstName, lastName, gender, dateOfBirth, age, nationality, idType, idNumber, studentId, contactNumber, email, address, emergencyContactName, emergencyContactNumber, allergies, bloodType) VALUES ('PT0017', 'Edwin', 'Wong', 'Female', '2002-08-05', 23, 'Bolivia', 'IC', '492-38-4377', 'S00942', '019-2831582', 'timothy68@example.org', '52421 John Well, Port Stephen, Malaysia', 'Christopher Walters', '016-5215816', 'Penicillin', 'O+');
INSERT INTO Patient (patientID, firstName, lastName, gender, dateOfBirth, age, nationality, idType, idNumber, studentId, contactNumber, email, address, emergencyContactName, emergencyContactNumber, allergies, bloodType) VALUES ('PT0018', 'Christopher', 'Flores', 'Male', '1985-11-10', 39, 'New Zealand', 'IC', '764-03-6831', 'S01298', '013-3647345', 'michael33@example.com', '408 Jessica Trail Suite 808, Jennifershire, Malaysia', 'Kristopher Morgan', '012-9110519', 'Latex', 'O-');
INSERT INTO Patient (patientID, firstName, lastName, gender, dateOfBirth, age, nationality, idType, idNumber, studentId, contactNumber, email, address, emergencyContactName, emergencyContactNumber, allergies, bloodType) VALUES ('PT0019', 'Robin', 'Rodriguez', 'Male', '1982-08-19', 42, 'Ukraine', 'IC', '509-76-6674', 'S01473', '012-7038171', 'tracymckinney@example.net', '80972 Collier Curve Apt. 459, Cherylshire, Malaysia', 'Darrell Mercado', '017-4119346', 'None', 'B+');
INSERT INTO Patient (patientID, firstName, lastName, gender, dateOfBirth, age, nationality, idType, idNumber, studentId, contactNumber, email, address, emergencyContactName, emergencyContactNumber, allergies, bloodType) VALUES ('PT0020', 'Jason', 'Richards', 'Female', '1996-07-16', 29, 'Belize', 'IC', '568-88-9774', 'S01140', '019-6367092', 'jhuff@example.net', '51929 Edwards Terrace Suite 254, Santiagoshire, Malaysia', 'Lance Price', '017-7004491', 'None', 'O-');
INSERT INTO Appointment (appointmentID, patientID, appointmentTime, status) VALUES ('AP0001', 'PT0020', '2025-08-01 09:00:00', 'Checked-in');
INSERT INTO Appointment (appointmentID, patientID, appointmentTime, status) VALUES ('AP0002', 'PT0018', '2025-08-01 08:30:00', 'Cancelled');
INSERT INTO Appointment (appointmentID, patientID, appointmentTime, status) VALUES ('AP0003', 'PT0006', '2025-08-02 14:30:00', 'Checked-in');
INSERT INTO Appointment (appointmentID, patientID, appointmentTime, status) VALUES ('AP0004', 'PT0001', '2025-08-02 08:00:00', 'Cancelled');
INSERT INTO Appointment (appointmentID, patientID, appointmentTime, status) VALUES ('AP0005', 'PT0020', '2025-08-02 10:00:00', 'Checked-in');
INSERT INTO Appointment (appointmentID, patientID, appointmentTime, status) VALUES ('AP0006', 'PT0015', '2025-08-03 18:00:00', 'Checked-in');
INSERT INTO Appointment (appointmentID, patientID, appointmentTime, status) VALUES ('AP0007', 'PT0009', '2025-08-03 19:00:00', 'Cancelled');
INSERT INTO Appointment (appointmentID, patientID, appointmentTime, status) VALUES ('AP0008', 'PT0013', '2025-08-03 14:00:00', 'No shown');
INSERT INTO Appointment (appointmentID, patientID, appointmentTime, status) VALUES ('AP0009', 'PT0013', '2025-08-04 09:30:00', 'No shown');
INSERT INTO Appointment (appointmentID, patientID, appointmentTime, status) VALUES ('AP0010', 'PT0006', '2025-08-04 08:30:00', 'Checked-in');
INSERT INTO Appointment (appointmentID, patientID, appointmentTime, status) VALUES ('AP0011', 'PT0002', '2025-08-04 11:30:00', 'Scheduled');
INSERT INTO Appointment (appointmentID, patientID, appointmentTime, status) VALUES ('AP0012', 'PT0002', '2025-08-04 12:00:00', 'Cancelled');
INSERT INTO Appointment (appointmentID, patientID, appointmentTime, status) VALUES ('AP0013', 'PT0017', '2025-08-05 17:00:00', 'Checked-in');
INSERT INTO Appointment (appointmentID, patientID, appointmentTime, status) VALUES ('AP0014', 'PT0006', '2025-08-05 15:30:00', 'Cancelled');
INSERT INTO Appointment (appointmentID, patientID, appointmentTime, status) VALUES ('AP0015', 'PT0004', '2025-08-05 17:30:00', 'Cancelled');
INSERT INTO Appointment (appointmentID, patientID, appointmentTime, status) VALUES ('AP0016', 'PT0003', '2025-08-06 14:30:00', 'Scheduled');
INSERT INTO Appointment (appointmentID, patientID, appointmentTime, status) VALUES ('AP0017', 'PT0007', '2025-08-06 12:00:00', 'No shown');
INSERT INTO Appointment (appointmentID, patientID, appointmentTime, status) VALUES ('AP0018', 'PT0009', '2025-08-06 19:00:00', 'Scheduled');
INSERT INTO Appointment (appointmentID, patientID, appointmentTime, status) VALUES ('AP0019', 'PT0020', '2025-08-06 16:30:00', 'No shown');
INSERT INTO Appointment (appointmentID, patientID, appointmentTime, status) VALUES ('AP0020', 'PT0004', '2025-08-07 19:30:00', 'Cancelled');
INSERT INTO Appointment (appointmentID, patientID, appointmentTime, status) VALUES ('AP0021', 'PT0016', '2025-08-07 17:00:00', 'No shown');
INSERT INTO Appointment (appointmentID, patientID, appointmentTime, status) VALUES ('AP0022', 'PT0011', '2025-08-07 14:00:00', 'Checked-in');
INSERT INTO Appointment (appointmentID, patientID, appointmentTime, status) VALUES ('AP0023', 'PT0020', '2025-08-08 11:00:00', 'Cancelled');
INSERT INTO Appointment (appointmentID, patientID, appointmentTime, status) VALUES ('AP0024', 'PT0008', '2025-08-08 18:30:00', 'Scheduled');
INSERT INTO Appointment (appointmentID, patientID, appointmentTime, status) VALUES ('AP0025', 'PT0005', '2025-08-08 09:30:00', 'Checked-in');
INSERT INTO Appointment (appointmentID, patientID, appointmentTime, status) VALUES ('AP0026', 'PT0010', '2025-08-08 10:30:00', 'Scheduled');
INSERT INTO Appointment (appointmentID, patientID, appointmentTime, status) VALUES ('AP0027', 'PT0005', '2025-08-09 11:00:00', 'No shown');
INSERT INTO Appointment (appointmentID, patientID, appointmentTime, status) VALUES ('AP0028', 'PT0016', '2025-08-09 16:00:00', 'Scheduled');
INSERT INTO Appointment (appointmentID, patientID, appointmentTime, status) VALUES ('AP0029', 'PT0010', '2025-08-09 14:30:00', 'Scheduled');
INSERT INTO Appointment (appointmentID, patientID, appointmentTime, status) VALUES ('AP0030', 'PT0015', '2025-08-10 15:30:00', 'Checked-in');
INSERT INTO Appointment (appointmentID, patientID, appointmentTime, status) VALUES ('AP0031', 'PT0003', '2025-08-10 08:30:00', 'Scheduled');
INSERT INTO Appointment (appointmentID, patientID, appointmentTime, status) VALUES ('AP0032', 'PT0016', '2025-08-10 10:30:00', 'Checked-in');
INSERT INTO Appointment (appointmentID, patientID, appointmentTime, status) VALUES ('AP0033', 'PT0011', '2025-08-11 13:30:00', 'Checked-in');
INSERT INTO Appointment (appointmentID, patientID, appointmentTime, status) VALUES ('AP0034', 'PT0008', '2025-08-11 19:00:00', 'No shown');
INSERT INTO Appointment (appointmentID, patientID, appointmentTime, status) VALUES ('AP0035', 'PT0007', '2025-08-12 10:00:00', 'No shown');
INSERT INTO Appointment (appointmentID, patientID, appointmentTime, status) VALUES ('AP0036', 'PT0019', '2025-08-12 19:00:00', 'Cancelled');
INSERT INTO Appointment (appointmentID, patientID, appointmentTime, status) VALUES ('AP0037', 'PT0002', '2025-08-12 12:30:00', 'Checked-in');
INSERT INTO Appointment (appointmentID, patientID, appointmentTime, status) VALUES ('AP0038', 'PT0014', '2025-08-12 09:30:00', 'Checked-in');
INSERT INTO Appointment (appointmentID, patientID, appointmentTime, status) VALUES ('AP0039', 'PT0018', '2025-08-13 10:00:00', 'Scheduled');
INSERT INTO Appointment (appointmentID, patientID, appointmentTime, status) VALUES ('AP0040', 'PT0007', '2025-08-13 09:00:00', 'Scheduled');
INSERT INTO Appointment (appointmentID, patientID, appointmentTime, status) VALUES ('AP0041', 'PT0002', '2025-08-13 14:30:00', 'No shown');
INSERT INTO Appointment (appointmentID, patientID, appointmentTime, status) VALUES ('AP0042', 'PT0019', '2025-08-13 19:00:00', 'Cancelled');
INSERT INTO Appointment (appointmentID, patientID, appointmentTime, status) VALUES ('AP0043', 'PT0012', '2025-08-14 15:00:00', 'Checked-in');
INSERT INTO Appointment (appointmentID, patientID, appointmentTime, status) VALUES ('AP0044', 'PT0007', '2025-08-14 15:30:00', 'Checked-in');
INSERT INTO Appointment (appointmentID, patientID, appointmentTime, status) VALUES ('AP0045', 'PT0014', '2025-08-14 08:00:00', 'Scheduled');
INSERT INTO Appointment (appointmentID, patientID, appointmentTime, status) VALUES ('AP0046', 'PT0007', '2025-08-15 18:30:00', 'Cancelled');
INSERT INTO Appointment (appointmentID, patientID, appointmentTime, status) VALUES ('AP0047', 'PT0011', '2025-08-15 17:00:00', 'Scheduled');
INSERT INTO Appointment (appointmentID, patientID, appointmentTime, status) VALUES ('AP0048', 'PT0014', '2025-08-15 12:30:00', 'Scheduled');
INSERT INTO Appointment (appointmentID, patientID, appointmentTime, status) VALUES ('AP0049', 'PT0002', '2025-08-15 08:30:00', 'No shown');
INSERT INTO Appointment (appointmentID, patientID, appointmentTime, status) VALUES ('AP0050', 'PT0018', '2025-08-16 17:00:00', 'Checked-in');
INSERT INTO Appointment (appointmentID, patientID, appointmentTime, status) VALUES ('AP0051', 'PT0020', '2025-08-16 14:30:00', 'No shown');
INSERT INTO Appointment (appointmentID, patientID, appointmentTime, status) VALUES ('AP0052', 'PT0006', '2025-08-17 12:00:00', 'Checked-in');
INSERT INTO Appointment (appointmentID, patientID, appointmentTime, status) VALUES ('AP0053', 'PT0002', '2025-08-17 16:00:00', 'No shown');
INSERT INTO Appointment (appointmentID, patientID, appointmentTime, status) VALUES ('AP0054', 'PT0002', '2025-08-17 16:30:00', 'No shown');
INSERT INTO Appointment (appointmentID, patientID, appointmentTime, status) VALUES ('AP0055', 'PT0011', '2025-08-17 11:00:00', 'No shown');
INSERT INTO Appointment (appointmentID, patientID, appointmentTime, status) VALUES ('AP0056', 'PT0009', '2025-08-18 09:30:00', 'Cancelled');
INSERT INTO Appointment (appointmentID, patientID, appointmentTime, status) VALUES ('AP0057', 'PT0003', '2025-08-18 19:30:00', 'No shown');
INSERT INTO Appointment (appointmentID, patientID, appointmentTime, status) VALUES ('AP0058', 'PT0016', '2025-08-18 17:00:00', 'Scheduled');
INSERT INTO Appointment (appointmentID, patientID, appointmentTime, status) VALUES ('AP0059', 'PT0011', '2025-08-18 14:00:00', 'No shown');
INSERT INTO Appointment (appointmentID, patientID, appointmentTime, status) VALUES ('AP0060', 'PT0004', '2025-08-19 15:00:00', 'Cancelled');
INSERT INTO Appointment (appointmentID, patientID, appointmentTime, status) VALUES ('AP0061', 'PT0011', '2025-08-19 08:30:00', 'Checked-in');
INSERT INTO Appointment (appointmentID, patientID, appointmentTime, status) VALUES ('AP0062', 'PT0002', '2025-08-19 15:30:00', 'No shown');
INSERT INTO Appointment (appointmentID, patientID, appointmentTime, status) VALUES ('AP0063', 'PT0017', '2025-08-19 08:00:00', 'Checked-in');
INSERT INTO Appointment (appointmentID, patientID, appointmentTime, status) VALUES ('AP0064', 'PT0011', '2025-08-20 11:00:00', 'No shown');
INSERT INTO Appointment (appointmentID, patientID, appointmentTime, status) VALUES ('AP0065', 'PT0018', '2025-08-20 14:30:00', 'No shown');
INSERT INTO Appointment (appointmentID, patientID, appointmentTime, status) VALUES ('AP0066', 'PT0018', '2025-08-21 17:00:00', 'Checked-in');
INSERT INTO Appointment (appointmentID, patientID, appointmentTime, status) VALUES ('AP0067', 'PT0010', '2025-08-21 09:00:00', 'Scheduled');
INSERT INTO Appointment (appointmentID, patientID, appointmentTime, status) VALUES ('AP0068', 'PT0016', '2025-08-22 16:00:00', 'Cancelled');
INSERT INTO Appointment (appointmentID, patientID, appointmentTime, status) VALUES ('AP0069', 'PT0005', '2025-08-22 11:30:00', 'Scheduled');
INSERT INTO Appointment (appointmentID, patientID, appointmentTime, status) VALUES ('AP0070', 'PT0019', '2025-08-23 18:00:00', 'Cancelled');
INSERT INTO Appointment (appointmentID, patientID, appointmentTime, status) VALUES ('AP0071', 'PT0008', '2025-08-23 15:00:00', 'No shown');
INSERT INTO Appointment (appointmentID, patientID, appointmentTime, status) VALUES ('AP0072', 'PT0012', '2025-08-24 13:30:00', 'Scheduled');
INSERT INTO Appointment (appointmentID, patientID, appointmentTime, status) VALUES ('AP0073', 'PT0017', '2025-08-24 14:00:00', 'No shown');
INSERT INTO Appointment (appointmentID, patientID, appointmentTime, status) VALUES ('AP0074', 'PT0014', '2025-08-24 08:00:00', 'Scheduled');
INSERT INTO Appointment (appointmentID, patientID, appointmentTime, status) VALUES ('AP0075', 'PT0013', '2025-08-24 11:00:00', 'Scheduled');
INSERT INTO Appointment (appointmentID, patientID, appointmentTime, status) VALUES ('AP0076', 'PT0001', '2025-08-25 13:00:00', 'Scheduled');
INSERT INTO Appointment (appointmentID, patientID, appointmentTime, status) VALUES ('AP0077', 'PT0020', '2025-08-25 08:00:00', 'Checked-in');
INSERT INTO Appointment (appointmentID, patientID, appointmentTime, status) VALUES ('AP0078', 'PT0003', '2025-08-26 14:00:00', 'Cancelled');
INSERT INTO Appointment (appointmentID, patientID, appointmentTime, status) VALUES ('AP0079', 'PT0004', '2025-08-26 08:30:00', 'Checked-in');
INSERT INTO Appointment (appointmentID, patientID, appointmentTime, status) VALUES ('AP0080', 'PT0016', '2025-08-26 09:00:00', 'Cancelled');
INSERT INTO Appointment (appointmentID, patientID, appointmentTime, status) VALUES ('AP0081', 'PT0009', '2025-08-27 16:30:00', 'Checked-in');
INSERT INTO Appointment (appointmentID, patientID, appointmentTime, status) VALUES ('AP0082', 'PT0004', '2025-08-27 08:00:00', 'Cancelled');
INSERT INTO Appointment (appointmentID, patientID, appointmentTime, status) VALUES ('AP0083', 'PT0020', '2025-08-27 18:00:00', 'Cancelled');
INSERT INTO Appointment (appointmentID, patientID, appointmentTime, status) VALUES ('AP0084', 'PT0006', '2025-08-27 11:30:00', 'Cancelled');
INSERT INTO Appointment (appointmentID, patientID, appointmentTime, status) VALUES ('AP0085', 'PT0001', '2025-08-28 10:00:00', 'No shown');
INSERT INTO Appointment (appointmentID, patientID, appointmentTime, status) VALUES ('AP0086', 'PT0008', '2025-08-28 14:30:00', 'Scheduled');
INSERT INTO Appointment (appointmentID, patientID, appointmentTime, status) VALUES ('AP0087', 'PT0006', '2025-08-29 11:30:00', 'Scheduled');
INSERT INTO Appointment (appointmentID, patientID, appointmentTime, status) VALUES ('AP0088', 'PT0006', '2025-08-29 13:00:00', 'No shown');
INSERT INTO Appointment (appointmentID, patientID, appointmentTime, status) VALUES ('AP0089', 'PT0006', '2025-08-29 08:30:00', 'Cancelled');
INSERT INTO Appointment (appointmentID, patientID, appointmentTime, status) VALUES ('AP0090', 'PT0020', '2025-08-29 18:00:00', 'Scheduled');
INSERT INTO Appointment (appointmentID, patientID, appointmentTime, status) VALUES ('AP0091', 'PT0004', '2025-08-30 19:30:00', 'Checked-in');
INSERT INTO Appointment (appointmentID, patientID, appointmentTime, status) VALUES ('AP0092', 'PT0016', '2025-08-30 08:30:00', 'Checked-in');
INSERT INTO Appointment (appointmentID, patientID, appointmentTime, status) VALUES ('AP0093', 'PT0015', '2025-08-30 10:00:00', 'Checked-in');
INSERT INTO Appointment (appointmentID, patientID, appointmentTime, status) VALUES ('AP0094', 'PT0002', '2025-08-31 08:30:00', 'Scheduled');
INSERT INTO Appointment (appointmentID, patientID, appointmentTime, status) VALUES ('AP0095', 'PT0009', '2025-08-31 09:30:00', 'Scheduled');
INSERT INTO Consultation (consultationID, patientID, doctorID, staffID, billID, symptoms, diagnosis, consultationDate, checkInTime, isFollowUpRequired, followUpDate, status, mcID, startDate, endDate) VALUES ('CO0001', 'PT0017', 'ST0009', 'ST3979', 'BI9632', 'Cough', 'Healthy', '2025-08-18', '2025-08-18 13:30:00', True, '2025-09-04', 'Completed', NULL, NULL, NULL);
INSERT INTO Consultation (consultationID, patientID, doctorID, staffID, billID, symptoms, diagnosis, consultationDate, checkInTime, isFollowUpRequired, followUpDate, status, mcID, startDate, endDate) VALUES ('CO0002', 'PT0020', 'ST0010', 'ST1166', 'BI8320', 'Headache', 'Cold', '2025-07-28', '2025-07-28 15:45:00', True, '2025-08-20', 'Completed', 'MC-6305', '2025-07-28', '2025-07-29');
INSERT INTO Consultation (consultationID, patientID, doctorID, staffID, billID, symptoms, diagnosis, consultationDate, checkInTime, isFollowUpRequired, followUpDate, status, mcID, startDate, endDate) VALUES ('CO0003', 'PT0009', 'ST0009', 'ST6192', 'BI7092', 'Cough', 'Hypertension', '2025-09-01', '2025-09-01 11:00:00', True, '2025-09-18', 'Billing', 'MC-5993', '2025-09-01', '2025-09-06');
INSERT INTO Consultation (consultationID, patientID, doctorID, staffID, billID, symptoms, diagnosis, consultationDate, checkInTime, isFollowUpRequired, followUpDate, status, mcID, startDate, endDate) VALUES ('CO0004', 'PT0009', 'ST0002', 'ST6632', 'BI7919', 'Back pain', 'Diabetes', '2025-07-15', '2025-07-15 10:00:00', True, '2025-08-03', 'Billing', 'MC-6707', '2025-07-15', '2025-07-20');
INSERT INTO Consultation (consultationID, patientID, doctorID, staffID, billID, symptoms, diagnosis, consultationDate, checkInTime, isFollowUpRequired, followUpDate, status, mcID, startDate, endDate) VALUES ('CO0005', 'PT0015', 'ST0007', 'ST2052', 'BI2942', 'Back pain', 'Cold', '2025-08-19', '2025-08-19 15:45:00', True, '2025-09-13', 'Waiting', NULL, NULL, NULL);
INSERT INTO Consultation (consultationID, patientID, doctorID, staffID, billID, symptoms, diagnosis, consultationDate, checkInTime, isFollowUpRequired, followUpDate, status, mcID, startDate, endDate) VALUES ('CO0006', 'PT0009', 'ST0009', 'ST6597', 'BI4513', 'Headache', 'Hypertension', '2025-06-29', '2025-06-29 08:45:00', True, '2025-07-15', 'Billing', 'MC-8487', '2025-06-29', '2025-06-30');
INSERT INTO Consultation (consultationID, patientID, doctorID, staffID, billID, symptoms, diagnosis, consultationDate, checkInTime, isFollowUpRequired, followUpDate, status, mcID, startDate, endDate) VALUES ('CO0007', 'PT0007', 'ST0010', 'ST8762', 'BI7633', 'Fever', 'Healthy', '2025-07-25', '2025-07-25 12:00:00', True, '2025-08-08', 'Completed', 'MC-7622', '2025-07-25', '2025-07-29');
INSERT INTO Consultation (consultationID, patientID, doctorID, staffID, billID, symptoms, diagnosis, consultationDate, checkInTime, isFollowUpRequired, followUpDate, status, mcID, startDate, endDate) VALUES ('CO0008', 'PT0006', 'ST0002', 'ST7741', 'BI5761', 'Nausea', 'Hypertension', '2025-07-30', '2025-07-30 14:15:00', True, '2025-08-06', 'Cancelled', NULL, NULL, NULL);
INSERT INTO Consultation (consultationID, patientID, doctorID, staffID, billID, symptoms, diagnosis, consultationDate, checkInTime, isFollowUpRequired, followUpDate, status, mcID, startDate, endDate) VALUES ('CO0009', 'PT0009', 'ST0009', 'ST3677', 'BI5522', 'Headache', 'Diabetes', '2025-08-31', '2025-08-31 16:15:00', True, '2025-09-09', 'Billing', NULL, NULL, NULL);
INSERT INTO Consultation (consultationID, patientID, doctorID, staffID, billID, symptoms, diagnosis, consultationDate, checkInTime, isFollowUpRequired, followUpDate, status, mcID, startDate, endDate) VALUES ('CO0010', 'PT0001', 'ST0010', 'ST9407', 'BI4244', 'Back pain', 'Cold', '2025-08-12', '2025-08-12 13:15:00', False, NULL, 'Billing', 'MC-5071', '2025-08-12', '2025-08-16');
INSERT INTO Consultation (consultationID, patientID, doctorID, staffID, billID, symptoms, diagnosis, consultationDate, checkInTime, isFollowUpRequired, followUpDate, status, mcID, startDate, endDate) VALUES ('CO0011', 'PT0013', 'ST0009', 'ST5901', 'BI6663', 'Cough', 'Diabetes', '2025-08-18', '2025-08-18 14:15:00', False, NULL, 'Completed', 'MC-4632', '2025-08-18', '2025-08-23');
INSERT INTO Consultation (consultationID, patientID, doctorID, staffID, billID, symptoms, diagnosis, consultationDate, checkInTime, isFollowUpRequired, followUpDate, status, mcID, startDate, endDate) VALUES ('CO0012', 'PT0014', 'ST0007', 'ST4134', 'BI9213', 'Back pain', 'Diabetes', '2025-08-21', '2025-08-21 10:30:00', True, '2025-08-30', 'Cancelled', NULL, NULL, NULL);
INSERT INTO Consultation (consultationID, patientID, doctorID, staffID, billID, symptoms, diagnosis, consultationDate, checkInTime, isFollowUpRequired, followUpDate, status, mcID, startDate, endDate) VALUES ('CO0013', 'PT0019', 'ST0009', 'ST4885', 'BI3340', 'Headache', 'Flu', '2025-09-04', '2025-09-04 15:00:00', False, NULL, 'Cancelled', NULL, NULL, NULL);
INSERT INTO Consultation (consultationID, patientID, doctorID, staffID, billID, symptoms, diagnosis, consultationDate, checkInTime, isFollowUpRequired, followUpDate, status, mcID, startDate, endDate) VALUES ('CO0014', 'PT0002', 'ST0007', 'ST9988', 'BI4859', 'Fever', 'Hypertension', '2025-07-18', '2025-07-18 08:00:00', False, NULL, 'Billing', NULL, NULL, NULL);
INSERT INTO Consultation (consultationID, patientID, doctorID, staffID, billID, symptoms, diagnosis, consultationDate, checkInTime, isFollowUpRequired, followUpDate, status, mcID, startDate, endDate) VALUES ('CO0015', 'PT0008', 'ST0002', 'ST0700', 'BI6077', 'Fever', 'Cold', '2025-06-28', '2025-06-28 10:30:00', True, '2025-07-20', 'Completed', 'MC-8177', '2025-06-28', '2025-07-01');
INSERT INTO Consultation (consultationID, patientID, doctorID, staffID, billID, symptoms, diagnosis, consultationDate, checkInTime, isFollowUpRequired, followUpDate, status, mcID, startDate, endDate) VALUES ('CO0016', 'PT0001', 'ST0002', 'ST8723', 'BI7052', 'Headache', 'Hypertension', '2025-08-31', '2025-08-31 08:15:00', False, NULL, 'In Progress', NULL, NULL, NULL);
INSERT INTO Consultation (consultationID, patientID, doctorID, staffID, billID, symptoms, diagnosis, consultationDate, checkInTime, isFollowUpRequired, followUpDate, status, mcID, startDate, endDate) VALUES ('CO0017', 'PT0011', 'ST0009', 'ST9030', 'BI7242', 'Cough', 'Diabetes', '2025-08-20', '2025-08-20 08:30:00', True, '2025-08-23', 'Billing', 'MC-3689', '2025-08-20', '2025-08-23');
INSERT INTO Consultation (consultationID, patientID, doctorID, staffID, billID, symptoms, diagnosis, consultationDate, checkInTime, isFollowUpRequired, followUpDate, status, mcID, startDate, endDate) VALUES ('CO0018', 'PT0007', 'ST0010', 'ST7347', 'BI8739', 'Fever', 'Cold', '2025-08-03', '2025-08-03 12:45:00', True, '2025-08-13', 'In Progress', 'MC-4194', '2025-08-03', '2025-08-07');
INSERT INTO Consultation (consultationID, patientID, doctorID, staffID, billID, symptoms, diagnosis, consultationDate, checkInTime, isFollowUpRequired, followUpDate, status, mcID, startDate, endDate) VALUES ('CO0019', 'PT0016', 'ST0002', 'ST8004', 'BI7183', 'Cough', 'Flu', '2025-07-08', '2025-07-08 16:45:00', False, NULL, 'Billing', NULL, NULL, NULL);
INSERT INTO Consultation (consultationID, patientID, doctorID, staffID, billID, symptoms, diagnosis, consultationDate, checkInTime, isFollowUpRequired, followUpDate, status, mcID, startDate, endDate) VALUES ('CO0020', 'PT0012', 'ST0002', 'ST3106', 'BI2763', 'Nausea', 'Hypertension', '2025-07-09', '2025-07-09 11:30:00', True, '2025-08-05', 'Completed', 'MC-4781', '2025-07-09', '2025-07-14');
INSERT INTO Consultation (consultationID, patientID, doctorID, staffID, billID, symptoms, diagnosis, consultationDate, checkInTime, isFollowUpRequired, followUpDate, status, mcID, startDate, endDate) VALUES ('CO0021', 'PT0003', 'ST0010', 'ST1562', 'BI3771', 'Cough', 'Diabetes', '2025-06-17', '2025-06-17 10:15:00', False, NULL, 'Waiting', NULL, NULL, NULL);
INSERT INTO Consultation (consultationID, patientID, doctorID, staffID, billID, symptoms, diagnosis, consultationDate, checkInTime, isFollowUpRequired, followUpDate, status, mcID, startDate, endDate) VALUES ('CO0022', 'PT0020', 'ST0007', 'ST4417', 'BI9832', 'Back pain', 'Cold', '2025-07-16', '2025-07-16 12:30:00', False, NULL, 'In Progress', NULL, NULL, NULL);
INSERT INTO Consultation (consultationID, patientID, doctorID, staffID, billID, symptoms, diagnosis, consultationDate, checkInTime, isFollowUpRequired, followUpDate, status, mcID, startDate, endDate) VALUES ('CO0023', 'PT0019', 'ST0010', 'ST6016', 'BI2637', 'Cough', 'Hypertension', '2025-08-15', '2025-08-15 13:30:00', False, NULL, 'Waiting', 'MC-4932', '2025-08-15', '2025-08-18');
INSERT INTO Consultation (consultationID, patientID, doctorID, staffID, billID, symptoms, diagnosis, consultationDate, checkInTime, isFollowUpRequired, followUpDate, status, mcID, startDate, endDate) VALUES ('CO0024', 'PT0019', 'ST0007', 'ST9924', 'BI8065', 'Back pain', 'Diabetes', '2025-07-18', '2025-07-18 10:45:00', False, NULL, 'Billing', NULL, NULL, NULL);
INSERT INTO Consultation (consultationID, patientID, doctorID, staffID, billID, symptoms, diagnosis, consultationDate, checkInTime, isFollowUpRequired, followUpDate, status, mcID, startDate, endDate) VALUES ('CO0025', 'PT0017', 'ST0007', 'ST9421', 'BI1971', 'Fever', 'Healthy', '2025-08-06', '2025-08-06 09:45:00', False, NULL, 'Cancelled', 'MC-5973', '2025-08-06', '2025-08-11');
INSERT INTO Consultation (consultationID, patientID, doctorID, staffID, billID, symptoms, diagnosis, consultationDate, checkInTime, isFollowUpRequired, followUpDate, status, mcID, startDate, endDate) VALUES ('CO0026', 'PT0017', 'ST0007', 'ST0823', 'BI3917', 'Cough', 'Healthy', '2025-07-05', '2025-07-05 10:15:00', True, '2025-07-28', 'Completed', NULL, NULL, NULL);
INSERT INTO Consultation (consultationID, patientID, doctorID, staffID, billID, symptoms, diagnosis, consultationDate, checkInTime, isFollowUpRequired, followUpDate, status, mcID, startDate, endDate) VALUES ('CO0027', 'PT0005', 'ST0002', 'ST0295', 'BI3092', 'Back pain', 'Healthy', '2025-07-11', '2025-07-11 09:45:00', False, NULL, 'Completed', NULL, NULL, NULL);
INSERT INTO Consultation (consultationID, patientID, doctorID, staffID, billID, symptoms, diagnosis, consultationDate, checkInTime, isFollowUpRequired, followUpDate, status, mcID, startDate, endDate) VALUES ('CO0028', 'PT0001', 'ST0009', 'ST4786', 'BI4689', 'Nausea', 'Flu', '2025-07-16', '2025-07-16 15:30:00', False, NULL, 'Completed', NULL, NULL, NULL);
INSERT INTO Consultation (consultationID, patientID, doctorID, staffID, billID, symptoms, diagnosis, consultationDate, checkInTime, isFollowUpRequired, followUpDate, status, mcID, startDate, endDate) VALUES ('CO0029', 'PT0003', 'ST0002', 'ST6228', 'BI0485', 'Back pain', 'Cold', '2025-08-30', '2025-08-30 08:45:00', False, NULL, 'In Progress', NULL, NULL, NULL);
INSERT INTO Consultation (consultationID, patientID, doctorID, staffID, billID, symptoms, diagnosis, consultationDate, checkInTime, isFollowUpRequired, followUpDate, status, mcID, startDate, endDate) VALUES ('CO0030', 'PT0001', 'ST0009', 'ST6792', 'BI1004', 'Nausea', 'Cold', '2025-06-19', '2025-06-19 12:15:00', False, NULL, 'Cancelled', 'MC-7734', '2025-06-19', '2025-06-21');
INSERT INTO Consultation (consultationID, patientID, doctorID, staffID, billID, symptoms, diagnosis, consultationDate, checkInTime, isFollowUpRequired, followUpDate, status, mcID, startDate, endDate) VALUES ('CO0031', 'PT0020', 'ST0010', 'ST4815', 'BI1354', 'Headache', 'Flu', '2025-08-03', '2025-08-03 15:45:00', True, '2025-08-09', 'Waiting', NULL, NULL, NULL);
INSERT INTO Consultation (consultationID, patientID, doctorID, staffID, billID, symptoms, diagnosis, consultationDate, checkInTime, isFollowUpRequired, followUpDate, status, mcID, startDate, endDate) VALUES ('CO0032', 'PT0011', 'ST0009', 'ST6788', 'BI8214', 'Fever', 'Cold', '2025-07-15', '2025-07-15 13:00:00', True, '2025-08-12', 'Waiting', NULL, NULL, NULL);
INSERT INTO Consultation (consultationID, patientID, doctorID, staffID, billID, symptoms, diagnosis, consultationDate, checkInTime, isFollowUpRequired, followUpDate, status, mcID, startDate, endDate) VALUES ('CO0033', 'PT0018', 'ST0007', 'ST1785', 'BI7406', 'Back pain', 'Cold', '2025-06-28', '2025-06-28 16:45:00', False, NULL, 'Waiting', NULL, NULL, NULL);
INSERT INTO Consultation (consultationID, patientID, doctorID, staffID, billID, symptoms, diagnosis, consultationDate, checkInTime, isFollowUpRequired, followUpDate, status, mcID, startDate, endDate) VALUES ('CO0034', 'PT0012', 'ST0007', 'ST8072', 'BI4324', 'Back pain', 'Flu', '2025-06-24', '2025-06-24 08:00:00', False, NULL, 'Waiting', NULL, NULL, NULL);
INSERT INTO Consultation (consultationID, patientID, doctorID, staffID, billID, symptoms, diagnosis, consultationDate, checkInTime, isFollowUpRequired, followUpDate, status, mcID, startDate, endDate) VALUES ('CO0035', 'PT0008', 'ST0007', 'ST5619', 'BI1525', 'Fever', 'Hypertension', '2025-07-28', '2025-07-28 15:30:00', False, NULL, 'Billing', 'MC-3868', '2025-07-28', '2025-08-02');
INSERT INTO Consultation (consultationID, patientID, doctorID, staffID, billID, symptoms, diagnosis, consultationDate, checkInTime, isFollowUpRequired, followUpDate, status, mcID, startDate, endDate) VALUES ('CO0036', 'PT0008', 'ST0002', 'ST0705', 'BI3904', 'Cough', 'Healthy', '2025-07-14', '2025-07-14 11:30:00', True, '2025-08-12', 'Completed', NULL, NULL, NULL);
INSERT INTO Consultation (consultationID, patientID, doctorID, staffID, billID, symptoms, diagnosis, consultationDate, checkInTime, isFollowUpRequired, followUpDate, status, mcID, startDate, endDate) VALUES ('CO0037', 'PT0011', 'ST0009', 'ST0994', 'BI6180', 'Fever', 'Healthy', '2025-06-15', '2025-06-15 16:00:00', False, NULL, 'Waiting', NULL, NULL, NULL);
INSERT INTO Consultation (consultationID, patientID, doctorID, staffID, billID, symptoms, diagnosis, consultationDate, checkInTime, isFollowUpRequired, followUpDate, status, mcID, startDate, endDate) VALUES ('CO0038', 'PT0013', 'ST0010', 'ST1306', 'BI9155', 'Fever', 'Hypertension', '2025-06-14', '2025-06-14 09:30:00', True, '2025-06-21', 'In Progress', 'MC-2276', '2025-06-14', '2025-06-15');
INSERT INTO Consultation (consultationID, patientID, doctorID, staffID, billID, symptoms, diagnosis, consultationDate, checkInTime, isFollowUpRequired, followUpDate, status, mcID, startDate, endDate) VALUES ('CO0039', 'PT0006', 'ST0010', 'ST2625', 'BI5652', 'Back pain', 'Cold', '2025-06-21', '2025-06-21 10:15:00', False, NULL, 'Waiting', 'MC-9181', '2025-06-21', '2025-06-25');
INSERT INTO Consultation (consultationID, patientID, doctorID, staffID, billID, symptoms, diagnosis, consultationDate, checkInTime, isFollowUpRequired, followUpDate, status, mcID, startDate, endDate) VALUES ('CO0040', 'PT0004', 'ST0009', 'ST9414', 'BI7291', 'Fever', 'Hypertension', '2025-09-01', '2025-09-01 12:15:00', True, '2025-09-20', 'In Progress', NULL, NULL, NULL);
INSERT INTO Medicine (medicineID, medicineName, description, totalStock, reorderLevel, sellingPrice) VALUES ('ME0001', 'ThousandMed', 'Morning mind stock successful skill father like almost.', 173, 14, 73.26);
INSERT INTO Medicine (medicineID, medicineName, description, totalStock, reorderLevel, sellingPrice) VALUES ('ME0002', 'DebateMed', 'Whole alone think scene wear on.', 154, 20, 48.64);
INSERT INTO Medicine (medicineID, medicineName, description, totalStock, reorderLevel, sellingPrice) VALUES ('ME0003', 'GoalMed', 'Education him future whole card present.', 73, 15, 31.79);
INSERT INTO Medicine (medicineID, medicineName, description, totalStock, reorderLevel, sellingPrice) VALUES ('ME0004', 'BuyMed', 'Energy decision rule religious stop action office.', 70, 12, 81.53);
INSERT INTO Medicine (medicineID, medicineName, description, totalStock, reorderLevel, sellingPrice) VALUES ('ME0005', 'ProductMed', 'Author quality able fine song.', 112, 18, 94.85);
INSERT INTO Medicine (medicineID, medicineName, description, totalStock, reorderLevel, sellingPrice) VALUES ('ME0006', 'ThisMed', 'With soldier voice whatever style federal.', 87, 23, 93.95);
INSERT INTO Medicine (medicineID, medicineName, description, totalStock, reorderLevel, sellingPrice) VALUES ('ME0007', 'AbilityMed', 'List while computer bar campaign.', 116, 26, 8.33);
INSERT INTO Medicine (medicineID, medicineName, description, totalStock, reorderLevel, sellingPrice) VALUES ('ME0008', 'AnotherMed', 'Present if talk success plant hear fall enough.', 143, 26, 40.59);
INSERT INTO Medicine (medicineID, medicineName, description, totalStock, reorderLevel, sellingPrice) VALUES ('ME0009', 'MethodMed', 'A onto technology shoulder.', 74, 25, 59.05);
INSERT INTO Medicine (medicineID, medicineName, description, totalStock, reorderLevel, sellingPrice) VALUES ('ME0010', 'SureMed', 'Arrive management social most especially really.', 142, 25, 95.68);
INSERT INTO Medicine (medicineID, medicineName, description, totalStock, reorderLevel, sellingPrice) VALUES ('ME0011', 'BothMed', 'Majority brother wife keep strategy development.', 198, 24, 54.22);
INSERT INTO Medicine (medicineID, medicineName, description, totalStock, reorderLevel, sellingPrice) VALUES ('ME0012', 'WideMed', 'Newspaper play to wide.', 81, 22, 79.77);
INSERT INTO Medicine (medicineID, medicineName, description, totalStock, reorderLevel, sellingPrice) VALUES ('ME0013', 'AskMed', 'Stock little born tough position.', 172, 16, 98.72);
INSERT INTO Medicine (medicineID, medicineName, description, totalStock, reorderLevel, sellingPrice) VALUES ('ME0014', 'WhichMed', 'Our big industry put rich begin.', 80, 30, 9.44);
INSERT INTO Medicine (medicineID, medicineName, description, totalStock, reorderLevel, sellingPrice) VALUES ('ME0015', 'AgreeMed', 'Young series building pay.', 61, 29, 98.15);
INSERT INTO Prescription (prescriptionID, consultationID, medicineID, description, dosage, instruction, servingPerDay, price, dosageUnit) VALUES ('PR0001', 'CO0015', 'ME0001', 'Challenge military raise serious.', 2, 4, 2, 11.37, 'tablet');
INSERT INTO Prescription (prescriptionID, consultationID, medicineID, description, dosage, instruction, servingPerDay, price, dosageUnit) VALUES ('PR0002', 'CO0032', 'ME0007', 'Scene prepare yes.', 1, 4, 3, 21.64, 'tablet');
INSERT INTO Prescription (prescriptionID, consultationID, medicineID, description, dosage, instruction, servingPerDay, price, dosageUnit) VALUES ('PR0003', 'CO0033', 'ME0006', 'Coach a paper benefit get will strategy.', 3, 1, 1, 38.77, 'tablet');
INSERT INTO Prescription (prescriptionID, consultationID, medicineID, description, dosage, instruction, servingPerDay, price, dosageUnit) VALUES ('PR0004', 'CO0002', 'ME0011', 'Beyond unit tax trouble whom.', 3, 1, 3, 39.58, 'mg');
INSERT INTO Prescription (prescriptionID, consultationID, medicineID, description, dosage, instruction, servingPerDay, price, dosageUnit) VALUES ('PR0005', 'CO0010', 'ME0009', 'Himself major involve official student.', 2, 1, 1, 17.88, 'tablet');
INSERT INTO Prescription (prescriptionID, consultationID, medicineID, description, dosage, instruction, servingPerDay, price, dosageUnit) VALUES ('PR0006', 'CO0025', 'ME0004', 'Development president resource responsibility station stuff site.', 3, 3, 1, 10.51, 'tablet');
INSERT INTO Prescription (prescriptionID, consultationID, medicineID, description, dosage, instruction, servingPerDay, price, dosageUnit) VALUES ('PR0007', 'CO0036', 'ME0012', 'Modern level organization speak would particular economic.', 1, 1, 3, 16.61, 'mg');
INSERT INTO Prescription (prescriptionID, consultationID, medicineID, description, dosage, instruction, servingPerDay, price, dosageUnit) VALUES ('PR0008', 'CO0002', 'ME0006', 'Better daughter sound machine image hotel standard.', 2, 2, 4, 25.22, 'mg');
INSERT INTO Prescription (prescriptionID, consultationID, medicineID, description, dosage, instruction, servingPerDay, price, dosageUnit) VALUES ('PR0009', 'CO0035', 'ME0006', 'Her century truth assume.', 2, 5, 4, 15.59, 'tablet');
INSERT INTO Prescription (prescriptionID, consultationID, medicineID, description, dosage, instruction, servingPerDay, price, dosageUnit) VALUES ('PR0010', 'CO0010', 'ME0010', 'Two national here base billion.', 1, 5, 3, 13.06, 'mg');
INSERT INTO Prescription (prescriptionID, consultationID, medicineID, description, dosage, instruction, servingPerDay, price, dosageUnit) VALUES ('PR0011', 'CO0024', 'ME0011', 'Food result fly red ago star local story.', 3, 1, 4, 27.57, 'tablet');
INSERT INTO Prescription (prescriptionID, consultationID, medicineID, description, dosage, instruction, servingPerDay, price, dosageUnit) VALUES ('PR0012', 'CO0033', 'ME0014', 'Speak city edge property team.', 2, 1, 4, 10.72, 'tablet');
INSERT INTO Prescription (prescriptionID, consultationID, medicineID, description, dosage, instruction, servingPerDay, price, dosageUnit) VALUES ('PR0013', 'CO0024', 'ME0011', 'Right notice summer manage choose central.', 1, 5, 1, 31.99, 'capsule');
INSERT INTO Prescription (prescriptionID, consultationID, medicineID, description, dosage, instruction, servingPerDay, price, dosageUnit) VALUES ('PR0014', 'CO0001', 'ME0006', 'Strong listen put value fall TV.', 3, 1, 4, 39.53, 'capsule');
INSERT INTO Prescription (prescriptionID, consultationID, medicineID, description, dosage, instruction, servingPerDay, price, dosageUnit) VALUES ('PR0015', 'CO0016', 'ME0009', 'Three threat responsibility science choose shoulder fear.', 1, 2, 4, 48.69, 'tablet');
INSERT INTO Prescription (prescriptionID, consultationID, medicineID, description, dosage, instruction, servingPerDay, price, dosageUnit) VALUES ('PR0016', 'CO0019', 'ME0012', 'Performance know very miss relate.', 3, 4, 3, 15.84, 'ml');
INSERT INTO Prescription (prescriptionID, consultationID, medicineID, description, dosage, instruction, servingPerDay, price, dosageUnit) VALUES ('PR0017', 'CO0019', 'ME0011', 'Some although training particular who involve.', 3, 3, 1, 36.0, 'tablet');
INSERT INTO Prescription (prescriptionID, consultationID, medicineID, description, dosage, instruction, servingPerDay, price, dosageUnit) VALUES ('PR0018', 'CO0033', 'ME0009', 'Property herself instead.', 1, 3, 4, 24.74, 'ml');
INSERT INTO Prescription (prescriptionID, consultationID, medicineID, description, dosage, instruction, servingPerDay, price, dosageUnit) VALUES ('PR0019', 'CO0003', 'ME0001', 'Everything per feeling candidate fine.', 1, 3, 4, 29.76, 'mg');
INSERT INTO Prescription (prescriptionID, consultationID, medicineID, description, dosage, instruction, servingPerDay, price, dosageUnit) VALUES ('PR0020', 'CO0017', 'ME0011', 'Those bit stuff citizen executive center Congress effort.', 3, 3, 2, 12.56, 'tablet');
INSERT INTO Prescription (prescriptionID, consultationID, medicineID, description, dosage, instruction, servingPerDay, price, dosageUnit) VALUES ('PR0021', 'CO0027', 'ME0007', 'Statement wonder hour offer ready why chair recently.', 1, 1, 3, 40.83, 'tablet');
INSERT INTO Prescription (prescriptionID, consultationID, medicineID, description, dosage, instruction, servingPerDay, price, dosageUnit) VALUES ('PR0022', 'CO0021', 'ME0005', 'Car decision able production other become grow happen.', 3, 4, 3, 20.75, 'capsule');
INSERT INTO Prescription (prescriptionID, consultationID, medicineID, description, dosage, instruction, servingPerDay, price, dosageUnit) VALUES ('PR0023', 'CO0028', 'ME0009', 'Onto item article road.', 2, 3, 2, 46.89, 'ml');
INSERT INTO Prescription (prescriptionID, consultationID, medicineID, description, dosage, instruction, servingPerDay, price, dosageUnit) VALUES ('PR0024', 'CO0039', 'ME0007', 'Employee someone sign still item else camera.', 1, 4, 2, 37.39, 'tablet');
INSERT INTO Prescription (prescriptionID, consultationID, medicineID, description, dosage, instruction, servingPerDay, price, dosageUnit) VALUES ('PR0025', 'CO0025', 'ME0002', 'And dark describe ability human bed.', 2, 3, 3, 33.25, 'tablet');
INSERT INTO Prescription (prescriptionID, consultationID, medicineID, description, dosage, instruction, servingPerDay, price, dosageUnit) VALUES ('PR0026', 'CO0008', 'ME0001', 'Ball rather sit.', 2, 1, 1, 8.11, 'capsule');
INSERT INTO Prescription (prescriptionID, consultationID, medicineID, description, dosage, instruction, servingPerDay, price, dosageUnit) VALUES ('PR0027', 'CO0012', 'ME0015', 'Similar however tell may staff.', 2, 2, 4, 39.93, 'capsule');
INSERT INTO Prescription (prescriptionID, consultationID, medicineID, description, dosage, instruction, servingPerDay, price, dosageUnit) VALUES ('PR0028', 'CO0032', 'ME0007', 'Fire wait civil here environment.', 1, 3, 3, 33.31, 'capsule');
INSERT INTO Prescription (prescriptionID, consultationID, medicineID, description, dosage, instruction, servingPerDay, price, dosageUnit) VALUES ('PR0029', 'CO0008', 'ME0001', 'Clearly whole drive until maintain.', 3, 4, 2, 33.66, 'tablet');
INSERT INTO Prescription (prescriptionID, consultationID, medicineID, description, dosage, instruction, servingPerDay, price, dosageUnit) VALUES ('PR0030', 'CO0017', 'ME0003', 'When citizen heavy should event occur attention.', 3, 5, 3, 49.13, 'mg');
INSERT INTO Prescription (prescriptionID, consultationID, medicineID, description, dosage, instruction, servingPerDay, price, dosageUnit) VALUES ('PR0031', 'CO0037', 'ME0007', 'Power table operation interest up evening memory.', 2, 5, 3, 23.8, 'mg');
INSERT INTO Prescription (prescriptionID, consultationID, medicineID, description, dosage, instruction, servingPerDay, price, dosageUnit) VALUES ('PR0032', 'CO0030', 'ME0002', 'Action compare mind concern suggest air involve.', 1, 2, 4, 17.95, 'mg');
INSERT INTO Prescription (prescriptionID, consultationID, medicineID, description, dosage, instruction, servingPerDay, price, dosageUnit) VALUES ('PR0033', 'CO0027', 'ME0014', 'Agreement water high quite.', 3, 2, 2, 6.52, 'mg');
INSERT INTO Prescription (prescriptionID, consultationID, medicineID, description, dosage, instruction, servingPerDay, price, dosageUnit) VALUES ('PR0034', 'CO0018', 'ME0014', 'Home program his candidate.', 1, 4, 3, 14.75, 'mg');
INSERT INTO Prescription (prescriptionID, consultationID, medicineID, description, dosage, instruction, servingPerDay, price, dosageUnit) VALUES ('PR0035', 'CO0008', 'ME0004', 'Political list note raise hot.', 1, 2, 4, 41.53, 'mg');
INSERT INTO Prescription (prescriptionID, consultationID, medicineID, description, dosage, instruction, servingPerDay, price, dosageUnit) VALUES ('PR0036', 'CO0007', 'ME0005', 'Relationship full finish parent dinner mean food.', 2, 2, 3, 17.84, 'capsule');
INSERT INTO Prescription (prescriptionID, consultationID, medicineID, description, dosage, instruction, servingPerDay, price, dosageUnit) VALUES ('PR0037', 'CO0029', 'ME0008', 'Various bank if player free.', 2, 2, 1, 10.84, 'ml');
INSERT INTO Prescription (prescriptionID, consultationID, medicineID, description, dosage, instruction, servingPerDay, price, dosageUnit) VALUES ('PR0038', 'CO0005', 'ME0002', 'Become tax green something.', 2, 1, 2, 18.52, 'capsule');
INSERT INTO Prescription (prescriptionID, consultationID, medicineID, description, dosage, instruction, servingPerDay, price, dosageUnit) VALUES ('PR0039', 'CO0032', 'ME0001', 'Down low clear maintain born include.', 1, 3, 4, 36.04, 'tablet');
INSERT INTO Prescription (prescriptionID, consultationID, medicineID, description, dosage, instruction, servingPerDay, price, dosageUnit) VALUES ('PR0040', 'CO0029', 'ME0003', 'Southern result tree meet apply wrong.', 1, 1, 2, 33.37, 'capsule');
INSERT INTO Prescription (prescriptionID, consultationID, medicineID, description, dosage, instruction, servingPerDay, price, dosageUnit) VALUES ('PR0041', 'CO0007', 'ME0004', 'Fish president discuss to.', 1, 4, 1, 29.9, 'capsule');
INSERT INTO Prescription (prescriptionID, consultationID, medicineID, description, dosage, instruction, servingPerDay, price, dosageUnit) VALUES ('PR0042', 'CO0023', 'ME0011', 'Program environmental weight.', 2, 5, 1, 9.24, 'capsule');
INSERT INTO Prescription (prescriptionID, consultationID, medicineID, description, dosage, instruction, servingPerDay, price, dosageUnit) VALUES ('PR0043', 'CO0013', 'ME0004', 'Himself there seven field job suffer article soldier.', 3, 4, 4, 36.65, 'mg');
INSERT INTO Prescription (prescriptionID, consultationID, medicineID, description, dosage, instruction, servingPerDay, price, dosageUnit) VALUES ('PR0044', 'CO0023', 'ME0003', 'Hold growth goal the machine.', 2, 1, 3, 14.88, 'ml');
INSERT INTO Prescription (prescriptionID, consultationID, medicineID, description, dosage, instruction, servingPerDay, price, dosageUnit) VALUES ('PR0045', 'CO0038', 'ME0003', 'Event clear take others partner.', 1, 1, 1, 19.7, 'ml');
INSERT INTO Prescription (prescriptionID, consultationID, medicineID, description, dosage, instruction, servingPerDay, price, dosageUnit) VALUES ('PR0046', 'CO0009', 'ME0015', 'Soldier serious ago.', 2, 3, 4, 42.77, 'capsule');
INSERT INTO Prescription (prescriptionID, consultationID, medicineID, description, dosage, instruction, servingPerDay, price, dosageUnit) VALUES ('PR0047', 'CO0036', 'ME0002', 'Six food collection current.', 3, 5, 3, 22.11, 'capsule');
INSERT INTO Prescription (prescriptionID, consultationID, medicineID, description, dosage, instruction, servingPerDay, price, dosageUnit) VALUES ('PR0048', 'CO0004', 'ME0007', 'Allow stop ground simply others.', 2, 4, 4, 30.47, 'ml');
INSERT INTO Prescription (prescriptionID, consultationID, medicineID, description, dosage, instruction, servingPerDay, price, dosageUnit) VALUES ('PR0049', 'CO0039', 'ME0007', 'Daughter almost value term.', 3, 3, 1, 5.89, 'capsule');
INSERT INTO Prescription (prescriptionID, consultationID, medicineID, description, dosage, instruction, servingPerDay, price, dosageUnit) VALUES ('PR0050', 'CO0015', 'ME0007', 'Talk guy network two personal concern.', 2, 2, 4, 36.29, 'mg');
INSERT INTO Prescription (prescriptionID, consultationID, medicineID, description, dosage, instruction, servingPerDay, price, dosageUnit) VALUES ('PR0051', 'CO0006', 'ME0008', 'Ask involve language machine.', 3, 5, 4, 42.42, 'mg');
INSERT INTO Prescription (prescriptionID, consultationID, medicineID, description, dosage, instruction, servingPerDay, price, dosageUnit) VALUES ('PR0052', 'CO0002', 'ME0006', 'Later side yard Congress not need.', 2, 5, 4, 44.51, 'tablet');
INSERT INTO Prescription (prescriptionID, consultationID, medicineID, description, dosage, instruction, servingPerDay, price, dosageUnit) VALUES ('PR0053', 'CO0009', 'ME0013', 'Wife last minute.', 2, 4, 4, 17.32, 'capsule');
INSERT INTO Prescription (prescriptionID, consultationID, medicineID, description, dosage, instruction, servingPerDay, price, dosageUnit) VALUES ('PR0054', 'CO0023', 'ME0005', 'Administration page American medical lawyer my.', 2, 4, 4, 14.42, 'tablet');
INSERT INTO Prescription (prescriptionID, consultationID, medicineID, description, dosage, instruction, servingPerDay, price, dosageUnit) VALUES ('PR0055', 'CO0020', 'ME0010', 'Cultural kid work way level note customer myself.', 3, 1, 1, 36.86, 'mg');
INSERT INTO Prescription (prescriptionID, consultationID, medicineID, description, dosage, instruction, servingPerDay, price, dosageUnit) VALUES ('PR0056', 'CO0019', 'ME0010', 'Tell management or central stock college left.', 1, 3, 4, 32.81, 'ml');
INSERT INTO Prescription (prescriptionID, consultationID, medicineID, description, dosage, instruction, servingPerDay, price, dosageUnit) VALUES ('PR0057', 'CO0034', 'ME0010', 'Drive operation certain standard standard again.', 3, 4, 4, 45.98, 'capsule');
INSERT INTO Prescription (prescriptionID, consultationID, medicineID, description, dosage, instruction, servingPerDay, price, dosageUnit) VALUES ('PR0058', 'CO0038', 'ME0005', 'Full central suffer energy.', 3, 4, 3, 41.29, 'ml');
INSERT INTO Prescription (prescriptionID, consultationID, medicineID, description, dosage, instruction, servingPerDay, price, dosageUnit) VALUES ('PR0059', 'CO0018', 'ME0015', 'Not mind against around with least close.', 1, 5, 2, 24.48, 'tablet');
INSERT INTO Prescription (prescriptionID, consultationID, medicineID, description, dosage, instruction, servingPerDay, price, dosageUnit) VALUES ('PR0060', 'CO0026', 'ME0001', 'World base put.', 1, 3, 4, 43.4, 'capsule');
INSERT INTO Bill (billID, totalAmount, paymentMethod) VALUES ('BI0001', 130.28, 'Debit Card');
INSERT INTO Bill (billID, totalAmount, paymentMethod) VALUES ('BI0002', 53.49, 'Cash');
INSERT INTO Bill (billID, totalAmount, paymentMethod) VALUES ('BI0003', 126.99, 'Insurance');
INSERT INTO Bill (billID, totalAmount, paymentMethod) VALUES ('BI0004', 195.33, 'Debit Card');
INSERT INTO Bill (billID, totalAmount, paymentMethod) VALUES ('BI0005', 157.32, 'Cash');
INSERT INTO Bill (billID, totalAmount, paymentMethod) VALUES ('BI0006', 72.32, 'Credit Card');
INSERT INTO Bill (billID, totalAmount, paymentMethod) VALUES ('BI0007', 87.76, 'Insurance');
INSERT INTO Bill (billID, totalAmount, paymentMethod) VALUES ('BI0008', 52.99, 'Insurance');
INSERT INTO Bill (billID, totalAmount, paymentMethod) VALUES ('BI0009', 199.74, 'Debit Card');
INSERT INTO Bill (billID, totalAmount, paymentMethod) VALUES ('BI0010', 103.33, 'Debit Card');
INSERT INTO Bill (billID, totalAmount, paymentMethod) VALUES ('BI0011', 54.01, 'Debit Card');
INSERT INTO Bill (billID, totalAmount, paymentMethod) VALUES ('BI0012', 199.15, 'Debit Card');
INSERT INTO Bill (billID, totalAmount, paymentMethod) VALUES ('BI0013', 24.07, 'Insurance');
INSERT INTO Bill (billID, totalAmount, paymentMethod) VALUES ('BI0014', 146.11, 'Insurance');
INSERT INTO Bill (billID, totalAmount, paymentMethod) VALUES ('BI0015', 173.71, 'Credit Card');
INSERT INTO Bill (billID, totalAmount, paymentMethod) VALUES ('BI0016', 73.75, 'Debit Card');
INSERT INTO Bill (billID, totalAmount, paymentMethod) VALUES ('BI0017', 181.76, 'Debit Card');
INSERT INTO Bill (billID, totalAmount, paymentMethod) VALUES ('BI0018', 42.36, 'Cash');
INSERT INTO Bill (billID, totalAmount, paymentMethod) VALUES ('BI0019', 96.39, 'Insurance');
INSERT INTO Bill (billID, totalAmount, paymentMethod) VALUES ('BI0020', 153.58, 'Cash');
INSERT INTO Bill (billID, totalAmount, paymentMethod) VALUES ('BI0021', 23.89, 'Credit Card');
INSERT INTO Bill (billID, totalAmount, paymentMethod) VALUES ('BI0022', 111.59, 'Credit Card');
INSERT INTO Bill (billID, totalAmount, paymentMethod) VALUES ('BI0023', 110.33, 'Cash');
INSERT INTO Bill (billID, totalAmount, paymentMethod) VALUES ('BI0024', 106.1, 'Credit Card');
INSERT INTO Bill (billID, totalAmount, paymentMethod) VALUES ('BI0025', 142.95, 'Insurance');
INSERT INTO Bill (billID, totalAmount, paymentMethod) VALUES ('BI0026', 125.64, 'Debit Card');
INSERT INTO Bill (billID, totalAmount, paymentMethod) VALUES ('BI0027', 32.46, 'Credit Card');
INSERT INTO Bill (billID, totalAmount, paymentMethod) VALUES ('BI0028', 29.87, 'Debit Card');
INSERT INTO Bill (billID, totalAmount, paymentMethod) VALUES ('BI0029', 139.45, 'Credit Card');
INSERT INTO Bill (billID, totalAmount, paymentMethod) VALUES ('BI0030', 62.15, 'Debit Card');
INSERT INTO Bill (billID, totalAmount, paymentMethod) VALUES ('BI0031', 149.16, 'Credit Card');
INSERT INTO Bill (billID, totalAmount, paymentMethod) VALUES ('BI0032', 84.02, 'Insurance');
INSERT INTO Bill (billID, totalAmount, paymentMethod) VALUES ('BI0033', 131.88, 'Cash');
INSERT INTO Bill (billID, totalAmount, paymentMethod) VALUES ('BI0034', 188.47, 'Credit Card');
INSERT INTO Bill (billID, totalAmount, paymentMethod) VALUES ('BI0035', 175.57, 'Insurance');
INSERT INTO Bill (billID, totalAmount, paymentMethod) VALUES ('BI0036', 123.49, 'Cash');
INSERT INTO Bill (billID, totalAmount, paymentMethod) VALUES ('BI0037', 119.37, 'Credit Card');
INSERT INTO Bill (billID, totalAmount, paymentMethod) VALUES ('BI0038', 183.79, 'Cash');
INSERT INTO Bill (billID, totalAmount, paymentMethod) VALUES ('BI0039', 130.8, 'Credit Card');
INSERT INTO Bill (billID, totalAmount, paymentMethod) VALUES ('BI0040', 114.13, 'Insurance');
INSERT INTO Schedule (scheduleID, doctorID, date, startTime, endTime, shift) VALUES ('SC0001', 'ST0002', '2025-07-01', '2025-07-01 08:00:00', '2025-07-01 14:00:00', 'Morning');
INSERT INTO Schedule (scheduleID, doctorID, date, startTime, endTime, shift) VALUES ('SC0002', 'ST0002', '2025-07-01', '2025-07-01 14:00:00', '2025-07-01 20:00:00', 'Evening');
INSERT INTO Schedule (scheduleID, doctorID, date, startTime, endTime, shift) VALUES ('SC0003', 'ST0007', '2025-07-01', '2025-07-01 08:00:00', '2025-07-01 14:00:00', 'Morning');
INSERT INTO Schedule (scheduleID, doctorID, date, startTime, endTime, shift) VALUES ('SC0004', 'ST0007', '2025-07-01', '2025-07-01 14:00:00', '2025-07-01 20:00:00', 'Evening');
INSERT INTO Schedule (scheduleID, doctorID, date, startTime, endTime, shift) VALUES ('SC0005', 'ST0009', '2025-07-01', '2025-07-01 08:00:00', '2025-07-01 14:00:00', 'Morning');
INSERT INTO Schedule (scheduleID, doctorID, date, startTime, endTime, shift) VALUES ('SC0006', 'ST0009', '2025-07-01', '2025-07-01 14:00:00', '2025-07-01 20:00:00', 'Evening');
INSERT INTO Schedule (scheduleID, doctorID, date, startTime, endTime, shift) VALUES ('SC0007', 'ST0010', '2025-07-01', '2025-07-01 08:00:00', '2025-07-01 14:00:00', 'Morning');
INSERT INTO Schedule (scheduleID, doctorID, date, startTime, endTime, shift) VALUES ('SC0008', 'ST0010', '2025-07-01', '2025-07-01 14:00:00', '2025-07-01 20:00:00', 'Evening');
INSERT INTO Schedule (scheduleID, doctorID, date, startTime, endTime, shift) VALUES ('SC0009', 'ST0002', '2025-07-02', '2025-07-02 08:00:00', '2025-07-02 14:00:00', 'Morning');
INSERT INTO Schedule (scheduleID, doctorID, date, startTime, endTime, shift) VALUES ('SC0010', 'ST0002', '2025-07-02', '2025-07-02 14:00:00', '2025-07-02 20:00:00', 'Evening');
INSERT INTO Schedule (scheduleID, doctorID, date, startTime, endTime, shift) VALUES ('SC0011', 'ST0007', '2025-07-02', '2025-07-02 08:00:00', '2025-07-02 14:00:00', 'Morning');
INSERT INTO Schedule (scheduleID, doctorID, date, startTime, endTime, shift) VALUES ('SC0012', 'ST0007', '2025-07-02', '2025-07-02 14:00:00', '2025-07-02 20:00:00', 'Evening');
INSERT INTO Schedule (scheduleID, doctorID, date, startTime, endTime, shift) VALUES ('SC0013', 'ST0009', '2025-07-02', '2025-07-02 08:00:00', '2025-07-02 14:00:00', 'Morning');
INSERT INTO Schedule (scheduleID, doctorID, date, startTime, endTime, shift) VALUES ('SC0014', 'ST0009', '2025-07-02', '2025-07-02 14:00:00', '2025-07-02 20:00:00', 'Evening');
INSERT INTO Schedule (scheduleID, doctorID, date, startTime, endTime, shift) VALUES ('SC0015', 'ST0010', '2025-07-02', '2025-07-02 08:00:00', '2025-07-02 14:00:00', 'Morning');
INSERT INTO Schedule (scheduleID, doctorID, date, startTime, endTime, shift) VALUES ('SC0016', 'ST0010', '2025-07-02', '2025-07-02 14:00:00', '2025-07-02 20:00:00', 'Evening');
INSERT INTO Schedule (scheduleID, doctorID, date, startTime, endTime, shift) VALUES ('SC0017', 'ST0002', '2025-07-03', '2025-07-03 08:00:00', '2025-07-03 14:00:00', 'Morning');
INSERT INTO Schedule (scheduleID, doctorID, date, startTime, endTime, shift) VALUES ('SC0018', 'ST0002', '2025-07-03', '2025-07-03 14:00:00', '2025-07-03 20:00:00', 'Evening');
INSERT INTO Schedule (scheduleID, doctorID, date, startTime, endTime, shift) VALUES ('SC0019', 'ST0007', '2025-07-03', '2025-07-03 08:00:00', '2025-07-03 14:00:00', 'Morning');
INSERT INTO Schedule (scheduleID, doctorID, date, startTime, endTime, shift) VALUES ('SC0020', 'ST0007', '2025-07-03', '2025-07-03 14:00:00', '2025-07-03 20:00:00', 'Evening');
INSERT INTO Schedule (scheduleID, doctorID, date, startTime, endTime, shift) VALUES ('SC0021', 'ST0009', '2025-07-03', '2025-07-03 08:00:00', '2025-07-03 14:00:00', 'Morning');
INSERT INTO Schedule (scheduleID, doctorID, date, startTime, endTime, shift) VALUES ('SC0022', 'ST0009', '2025-07-03', '2025-07-03 14:00:00', '2025-07-03 20:00:00', 'Evening');
INSERT INTO Schedule (scheduleID, doctorID, date, startTime, endTime, shift) VALUES ('SC0023', 'ST0010', '2025-07-03', '2025-07-03 08:00:00', '2025-07-03 14:00:00', 'Morning');
INSERT INTO Schedule (scheduleID, doctorID, date, startTime, endTime, shift) VALUES ('SC0024', 'ST0010', '2025-07-03', '2025-07-03 14:00:00', '2025-07-03 20:00:00', 'Evening');
INSERT INTO Schedule (scheduleID, doctorID, date, startTime, endTime, shift) VALUES ('SC0025', 'ST0002', '2025-07-04', '2025-07-04 08:00:00', '2025-07-04 14:00:00', 'Morning');
INSERT INTO Schedule (scheduleID, doctorID, date, startTime, endTime, shift) VALUES ('SC0026', 'ST0002', '2025-07-04', '2025-07-04 14:00:00', '2025-07-04 20:00:00', 'Evening');
INSERT INTO Schedule (scheduleID, doctorID, date, startTime, endTime, shift) VALUES ('SC0027', 'ST0007', '2025-07-04', '2025-07-04 08:00:00', '2025-07-04 14:00:00', 'Morning');
INSERT INTO Schedule (scheduleID, doctorID, date, startTime, endTime, shift) VALUES ('SC0028', 'ST0007', '2025-07-04', '2025-07-04 14:00:00', '2025-07-04 20:00:00', 'Evening');
INSERT INTO Schedule (scheduleID, doctorID, date, startTime, endTime, shift) VALUES ('SC0029', 'ST0009', '2025-07-04', '2025-07-04 08:00:00', '2025-07-04 14:00:00', 'Morning');
INSERT INTO Schedule (scheduleID, doctorID, date, startTime, endTime, shift) VALUES ('SC0030', 'ST0009', '2025-07-04', '2025-07-04 14:00:00', '2025-07-04 20:00:00', 'Evening');
INSERT INTO Schedule (scheduleID, doctorID, date, startTime, endTime, shift) VALUES ('SC0031', 'ST0010', '2025-07-04', '2025-07-04 08:00:00', '2025-07-04 14:00:00', 'Morning');
INSERT INTO Schedule (scheduleID, doctorID, date, startTime, endTime, shift) VALUES ('SC0032', 'ST0010', '2025-07-04', '2025-07-04 14:00:00', '2025-07-04 20:00:00', 'Evening');
INSERT INTO Schedule (scheduleID, doctorID, date, startTime, endTime, shift) VALUES ('SC0033', 'ST0002', '2025-07-05', '2025-07-05 08:00:00', '2025-07-05 14:00:00', 'Morning');
INSERT INTO Schedule (scheduleID, doctorID, date, startTime, endTime, shift) VALUES ('SC0034', 'ST0002', '2025-07-05', '2025-07-05 14:00:00', '2025-07-05 20:00:00', 'Evening');
INSERT INTO Schedule (scheduleID, doctorID, date, startTime, endTime, shift) VALUES ('SC0035', 'ST0007', '2025-07-05', '2025-07-05 08:00:00', '2025-07-05 14:00:00', 'Morning');
INSERT INTO Schedule (scheduleID, doctorID, date, startTime, endTime, shift) VALUES ('SC0036', 'ST0007', '2025-07-05', '2025-07-05 14:00:00', '2025-07-05 20:00:00', 'Evening');
INSERT INTO Schedule (scheduleID, doctorID, date, startTime, endTime, shift) VALUES ('SC0037', 'ST0009', '2025-07-05', '2025-07-05 08:00:00', '2025-07-05 14:00:00', 'Morning');
INSERT INTO Schedule (scheduleID, doctorID, date, startTime, endTime, shift) VALUES ('SC0038', 'ST0009', '2025-07-05', '2025-07-05 14:00:00', '2025-07-05 20:00:00', 'Evening');
INSERT INTO Schedule (scheduleID, doctorID, date, startTime, endTime, shift) VALUES ('SC0039', 'ST0010', '2025-07-05', '2025-07-05 08:00:00', '2025-07-05 14:00:00', 'Morning');
INSERT INTO Schedule (scheduleID, doctorID, date, startTime, endTime, shift) VALUES ('SC0040', 'ST0010', '2025-07-05', '2025-07-05 14:00:00', '2025-07-05 20:00:00', 'Evening');
INSERT INTO Schedule (scheduleID, doctorID, date, startTime, endTime, shift) VALUES ('SC0041', 'ST0002', '2025-07-06', '2025-07-06 08:00:00', '2025-07-06 14:00:00', 'Morning');
INSERT INTO Schedule (scheduleID, doctorID, date, startTime, endTime, shift) VALUES ('SC0042', 'ST0002', '2025-07-06', '2025-07-06 14:00:00', '2025-07-06 20:00:00', 'Evening');
INSERT INTO Schedule (scheduleID, doctorID, date, startTime, endTime, shift) VALUES ('SC0043', 'ST0007', '2025-07-06', '2025-07-06 08:00:00', '2025-07-06 14:00:00', 'Morning');
INSERT INTO Schedule (scheduleID, doctorID, date, startTime, endTime, shift) VALUES ('SC0044', 'ST0007', '2025-07-06', '2025-07-06 14:00:00', '2025-07-06 20:00:00', 'Evening');
INSERT INTO Schedule (scheduleID, doctorID, date, startTime, endTime, shift) VALUES ('SC0045', 'ST0009', '2025-07-06', '2025-07-06 08:00:00', '2025-07-06 14:00:00', 'Morning');
INSERT INTO Schedule (scheduleID, doctorID, date, startTime, endTime, shift) VALUES ('SC0046', 'ST0009', '2025-07-06', '2025-07-06 14:00:00', '2025-07-06 20:00:00', 'Evening');
INSERT INTO Schedule (scheduleID, doctorID, date, startTime, endTime, shift) VALUES ('SC0047', 'ST0010', '2025-07-06', '2025-07-06 08:00:00', '2025-07-06 14:00:00', 'Morning');
INSERT INTO Schedule (scheduleID, doctorID, date, startTime, endTime, shift) VALUES ('SC0048', 'ST0010', '2025-07-06', '2025-07-06 14:00:00', '2025-07-06 20:00:00', 'Evening');
INSERT INTO Schedule (scheduleID, doctorID, date, startTime, endTime, shift) VALUES ('SC0049', 'ST0002', '2025-07-07', '2025-07-07 08:00:00', '2025-07-07 14:00:00', 'Morning');
INSERT INTO Schedule (scheduleID, doctorID, date, startTime, endTime, shift) VALUES ('SC0050', 'ST0002', '2025-07-07', '2025-07-07 14:00:00', '2025-07-07 20:00:00', 'Evening');
INSERT INTO Schedule (scheduleID, doctorID, date, startTime, endTime, shift) VALUES ('SC0051', 'ST0007', '2025-07-07', '2025-07-07 08:00:00', '2025-07-07 14:00:00', 'Morning');
INSERT INTO Schedule (scheduleID, doctorID, date, startTime, endTime, shift) VALUES ('SC0052', 'ST0007', '2025-07-07', '2025-07-07 14:00:00', '2025-07-07 20:00:00', 'Evening');
INSERT INTO Schedule (scheduleID, doctorID, date, startTime, endTime, shift) VALUES ('SC0053', 'ST0009', '2025-07-07', '2025-07-07 08:00:00', '2025-07-07 14:00:00', 'Morning');
INSERT INTO Schedule (scheduleID, doctorID, date, startTime, endTime, shift) VALUES ('SC0054', 'ST0009', '2025-07-07', '2025-07-07 14:00:00', '2025-07-07 20:00:00', 'Evening');
INSERT INTO Schedule (scheduleID, doctorID, date, startTime, endTime, shift) VALUES ('SC0055', 'ST0010', '2025-07-07', '2025-07-07 08:00:00', '2025-07-07 14:00:00', 'Morning');
INSERT INTO Schedule (scheduleID, doctorID, date, startTime, endTime, shift) VALUES ('SC0056', 'ST0010', '2025-07-07', '2025-07-07 14:00:00', '2025-07-07 20:00:00', 'Evening');
INSERT INTO Schedule (scheduleID, doctorID, date, startTime, endTime, shift) VALUES ('SC0057', 'ST0002', '2025-07-08', '2025-07-08 08:00:00', '2025-07-08 14:00:00', 'Morning');
INSERT INTO Schedule (scheduleID, doctorID, date, startTime, endTime, shift) VALUES ('SC0058', 'ST0002', '2025-07-08', '2025-07-08 14:00:00', '2025-07-08 20:00:00', 'Evening');
INSERT INTO Schedule (scheduleID, doctorID, date, startTime, endTime, shift) VALUES ('SC0059', 'ST0007', '2025-07-08', '2025-07-08 08:00:00', '2025-07-08 14:00:00', 'Morning');
INSERT INTO Schedule (scheduleID, doctorID, date, startTime, endTime, shift) VALUES ('SC0060', 'ST0007', '2025-07-08', '2025-07-08 14:00:00', '2025-07-08 20:00:00', 'Evening');
INSERT INTO Schedule (scheduleID, doctorID, date, startTime, endTime, shift) VALUES ('SC0061', 'ST0009', '2025-07-08', '2025-07-08 08:00:00', '2025-07-08 14:00:00', 'Morning');
INSERT INTO Schedule (scheduleID, doctorID, date, startTime, endTime, shift) VALUES ('SC0062', 'ST0009', '2025-07-08', '2025-07-08 14:00:00', '2025-07-08 20:00:00', 'Evening');
INSERT INTO Schedule (scheduleID, doctorID, date, startTime, endTime, shift) VALUES ('SC0063', 'ST0010', '2025-07-08', '2025-07-08 08:00:00', '2025-07-08 14:00:00', 'Morning');
INSERT INTO Schedule (scheduleID, doctorID, date, startTime, endTime, shift) VALUES ('SC0064', 'ST0010', '2025-07-08', '2025-07-08 14:00:00', '2025-07-08 20:00:00', 'Evening');
INSERT INTO Schedule (scheduleID, doctorID, date, startTime, endTime, shift) VALUES ('SC0065', 'ST0002', '2025-07-09', '2025-07-09 08:00:00', '2025-07-09 14:00:00', 'Morning');
INSERT INTO Schedule (scheduleID, doctorID, date, startTime, endTime, shift) VALUES ('SC0066', 'ST0002', '2025-07-09', '2025-07-09 14:00:00', '2025-07-09 20:00:00', 'Evening');
INSERT INTO Schedule (scheduleID, doctorID, date, startTime, endTime, shift) VALUES ('SC0067', 'ST0007', '2025-07-09', '2025-07-09 08:00:00', '2025-07-09 14:00:00', 'Morning');
INSERT INTO Schedule (scheduleID, doctorID, date, startTime, endTime, shift) VALUES ('SC0068', 'ST0007', '2025-07-09', '2025-07-09 14:00:00', '2025-07-09 20:00:00', 'Evening');
INSERT INTO Schedule (scheduleID, doctorID, date, startTime, endTime, shift) VALUES ('SC0069', 'ST0009', '2025-07-09', '2025-07-09 08:00:00', '2025-07-09 14:00:00', 'Morning');
INSERT INTO Schedule (scheduleID, doctorID, date, startTime, endTime, shift) VALUES ('SC0070', 'ST0009', '2025-07-09', '2025-07-09 14:00:00', '2025-07-09 20:00:00', 'Evening');
INSERT INTO Schedule (scheduleID, doctorID, date, startTime, endTime, shift) VALUES ('SC0071', 'ST0010', '2025-07-09', '2025-07-09 08:00:00', '2025-07-09 14:00:00', 'Morning');
INSERT INTO Schedule (scheduleID, doctorID, date, startTime, endTime, shift) VALUES ('SC0072', 'ST0010', '2025-07-09', '2025-07-09 14:00:00', '2025-07-09 20:00:00', 'Evening');
INSERT INTO Schedule (scheduleID, doctorID, date, startTime, endTime, shift) VALUES ('SC0073', 'ST0002', '2025-07-10', '2025-07-10 08:00:00', '2025-07-10 14:00:00', 'Morning');
INSERT INTO Schedule (scheduleID, doctorID, date, startTime, endTime, shift) VALUES ('SC0074', 'ST0002', '2025-07-10', '2025-07-10 14:00:00', '2025-07-10 20:00:00', 'Evening');
INSERT INTO Schedule (scheduleID, doctorID, date, startTime, endTime, shift) VALUES ('SC0075', 'ST0007', '2025-07-10', '2025-07-10 08:00:00', '2025-07-10 14:00:00', 'Morning');
INSERT INTO Schedule (scheduleID, doctorID, date, startTime, endTime, shift) VALUES ('SC0076', 'ST0007', '2025-07-10', '2025-07-10 14:00:00', '2025-07-10 20:00:00', 'Evening');
INSERT INTO Schedule (scheduleID, doctorID, date, startTime, endTime, shift) VALUES ('SC0077', 'ST0009', '2025-07-10', '2025-07-10 08:00:00', '2025-07-10 14:00:00', 'Morning');
INSERT INTO Schedule (scheduleID, doctorID, date, startTime, endTime, shift) VALUES ('SC0078', 'ST0009', '2025-07-10', '2025-07-10 14:00:00', '2025-07-10 20:00:00', 'Evening');
INSERT INTO Schedule (scheduleID, doctorID, date, startTime, endTime, shift) VALUES ('SC0079', 'ST0010', '2025-07-10', '2025-07-10 08:00:00', '2025-07-10 14:00:00', 'Morning');
INSERT INTO Schedule (scheduleID, doctorID, date, startTime, endTime, shift) VALUES ('SC0080', 'ST0010', '2025-07-10', '2025-07-10 14:00:00', '2025-07-10 20:00:00', 'Evening');
INSERT INTO Schedule (scheduleID, doctorID, date, startTime, endTime, shift) VALUES ('SC0081', 'ST0002', '2025-07-11', '2025-07-11 08:00:00', '2025-07-11 14:00:00', 'Morning');
INSERT INTO Schedule (scheduleID, doctorID, date, startTime, endTime, shift) VALUES ('SC0082', 'ST0002', '2025-07-11', '2025-07-11 14:00:00', '2025-07-11 20:00:00', 'Evening');
INSERT INTO Schedule (scheduleID, doctorID, date, startTime, endTime, shift) VALUES ('SC0083', 'ST0007', '2025-07-11', '2025-07-11 08:00:00', '2025-07-11 14:00:00', 'Morning');
INSERT INTO Schedule (scheduleID, doctorID, date, startTime, endTime, shift) VALUES ('SC0084', 'ST0007', '2025-07-11', '2025-07-11 14:00:00', '2025-07-11 20:00:00', 'Evening');
INSERT INTO Schedule (scheduleID, doctorID, date, startTime, endTime, shift) VALUES ('SC0085', 'ST0009', '2025-07-11', '2025-07-11 08:00:00', '2025-07-11 14:00:00', 'Morning');
INSERT INTO Schedule (scheduleID, doctorID, date, startTime, endTime, shift) VALUES ('SC0086', 'ST0009', '2025-07-11', '2025-07-11 14:00:00', '2025-07-11 20:00:00', 'Evening');
INSERT INTO Schedule (scheduleID, doctorID, date, startTime, endTime, shift) VALUES ('SC0087', 'ST0010', '2025-07-11', '2025-07-11 08:00:00', '2025-07-11 14:00:00', 'Morning');
INSERT INTO Schedule (scheduleID, doctorID, date, startTime, endTime, shift) VALUES ('SC0088', 'ST0010', '2025-07-11', '2025-07-11 14:00:00', '2025-07-11 20:00:00', 'Evening');
INSERT INTO Schedule (scheduleID, doctorID, date, startTime, endTime, shift) VALUES ('SC0089', 'ST0002', '2025-07-12', '2025-07-12 08:00:00', '2025-07-12 14:00:00', 'Morning');
INSERT INTO Schedule (scheduleID, doctorID, date, startTime, endTime, shift) VALUES ('SC0090', 'ST0002', '2025-07-12', '2025-07-12 14:00:00', '2025-07-12 20:00:00', 'Evening');
INSERT INTO Schedule (scheduleID, doctorID, date, startTime, endTime, shift) VALUES ('SC0091', 'ST0007', '2025-07-12', '2025-07-12 08:00:00', '2025-07-12 14:00:00', 'Morning');
INSERT INTO Schedule (scheduleID, doctorID, date, startTime, endTime, shift) VALUES ('SC0092', 'ST0007', '2025-07-12', '2025-07-12 14:00:00', '2025-07-12 20:00:00', 'Evening');
INSERT INTO Schedule (scheduleID, doctorID, date, startTime, endTime, shift) VALUES ('SC0093', 'ST0009', '2025-07-12', '2025-07-12 08:00:00', '2025-07-12 14:00:00', 'Morning');
INSERT INTO Schedule (scheduleID, doctorID, date, startTime, endTime, shift) VALUES ('SC0094', 'ST0009', '2025-07-12', '2025-07-12 14:00:00', '2025-07-12 20:00:00', 'Evening');
INSERT INTO Schedule (scheduleID, doctorID, date, startTime, endTime, shift) VALUES ('SC0095', 'ST0010', '2025-07-12', '2025-07-12 08:00:00', '2025-07-12 14:00:00', 'Morning');
INSERT INTO Schedule (scheduleID, doctorID, date, startTime, endTime, shift) VALUES ('SC0096', 'ST0010', '2025-07-12', '2025-07-12 14:00:00', '2025-07-12 20:00:00', 'Evening');
INSERT INTO Schedule (scheduleID, doctorID, date, startTime, endTime, shift) VALUES ('SC0097', 'ST0002', '2025-07-13', '2025-07-13 08:00:00', '2025-07-13 14:00:00', 'Morning');
INSERT INTO Schedule (scheduleID, doctorID, date, startTime, endTime, shift) VALUES ('SC0098', 'ST0002', '2025-07-13', '2025-07-13 14:00:00', '2025-07-13 20:00:00', 'Evening');
INSERT INTO Schedule (scheduleID, doctorID, date, startTime, endTime, shift) VALUES ('SC0099', 'ST0007', '2025-07-13', '2025-07-13 08:00:00', '2025-07-13 14:00:00', 'Morning');
INSERT INTO Schedule (scheduleID, doctorID, date, startTime, endTime, shift) VALUES ('SC0100', 'ST0007', '2025-07-13', '2025-07-13 14:00:00', '2025-07-13 20:00:00', 'Evening');
INSERT INTO Schedule (scheduleID, doctorID, date, startTime, endTime, shift) VALUES ('SC0101', 'ST0009', '2025-07-13', '2025-07-13 08:00:00', '2025-07-13 14:00:00', 'Morning');
INSERT INTO Schedule (scheduleID, doctorID, date, startTime, endTime, shift) VALUES ('SC0102', 'ST0009', '2025-07-13', '2025-07-13 14:00:00', '2025-07-13 20:00:00', 'Evening');
INSERT INTO Schedule (scheduleID, doctorID, date, startTime, endTime, shift) VALUES ('SC0103', 'ST0010', '2025-07-13', '2025-07-13 08:00:00', '2025-07-13 14:00:00', 'Morning');
INSERT INTO Schedule (scheduleID, doctorID, date, startTime, endTime, shift) VALUES ('SC0104', 'ST0010', '2025-07-13', '2025-07-13 14:00:00', '2025-07-13 20:00:00', 'Evening');
INSERT INTO Schedule (scheduleID, doctorID, date, startTime, endTime, shift) VALUES ('SC0105', 'ST0002', '2025-07-14', '2025-07-14 08:00:00', '2025-07-14 14:00:00', 'Morning');
INSERT INTO Schedule (scheduleID, doctorID, date, startTime, endTime, shift) VALUES ('SC0106', 'ST0002', '2025-07-14', '2025-07-14 14:00:00', '2025-07-14 20:00:00', 'Evening');
INSERT INTO Schedule (scheduleID, doctorID, date, startTime, endTime, shift) VALUES ('SC0107', 'ST0007', '2025-07-14', '2025-07-14 08:00:00', '2025-07-14 14:00:00', 'Morning');
INSERT INTO Schedule (scheduleID, doctorID, date, startTime, endTime, shift) VALUES ('SC0108', 'ST0007', '2025-07-14', '2025-07-14 14:00:00', '2025-07-14 20:00:00', 'Evening');
INSERT INTO Schedule (scheduleID, doctorID, date, startTime, endTime, shift) VALUES ('SC0109', 'ST0009', '2025-07-14', '2025-07-14 08:00:00', '2025-07-14 14:00:00', 'Morning');
INSERT INTO Schedule (scheduleID, doctorID, date, startTime, endTime, shift) VALUES ('SC0110', 'ST0009', '2025-07-14', '2025-07-14 14:00:00', '2025-07-14 20:00:00', 'Evening');
INSERT INTO Schedule (scheduleID, doctorID, date, startTime, endTime, shift) VALUES ('SC0111', 'ST0010', '2025-07-14', '2025-07-14 08:00:00', '2025-07-14 14:00:00', 'Morning');
INSERT INTO Schedule (scheduleID, doctorID, date, startTime, endTime, shift) VALUES ('SC0112', 'ST0010', '2025-07-14', '2025-07-14 14:00:00', '2025-07-14 20:00:00', 'Evening');
INSERT INTO Schedule (scheduleID, doctorID, date, startTime, endTime, shift) VALUES ('SC0113', 'ST0002', '2025-07-15', '2025-07-15 08:00:00', '2025-07-15 14:00:00', 'Morning');
INSERT INTO Schedule (scheduleID, doctorID, date, startTime, endTime, shift) VALUES ('SC0114', 'ST0002', '2025-07-15', '2025-07-15 14:00:00', '2025-07-15 20:00:00', 'Evening');
INSERT INTO Schedule (scheduleID, doctorID, date, startTime, endTime, shift) VALUES ('SC0115', 'ST0007', '2025-07-15', '2025-07-15 08:00:00', '2025-07-15 14:00:00', 'Morning');
INSERT INTO Schedule (scheduleID, doctorID, date, startTime, endTime, shift) VALUES ('SC0116', 'ST0007', '2025-07-15', '2025-07-15 14:00:00', '2025-07-15 20:00:00', 'Evening');
INSERT INTO Schedule (scheduleID, doctorID, date, startTime, endTime, shift) VALUES ('SC0117', 'ST0009', '2025-07-15', '2025-07-15 08:00:00', '2025-07-15 14:00:00', 'Morning');
INSERT INTO Schedule (scheduleID, doctorID, date, startTime, endTime, shift) VALUES ('SC0118', 'ST0009', '2025-07-15', '2025-07-15 14:00:00', '2025-07-15 20:00:00', 'Evening');
INSERT INTO Schedule (scheduleID, doctorID, date, startTime, endTime, shift) VALUES ('SC0119', 'ST0010', '2025-07-15', '2025-07-15 08:00:00', '2025-07-15 14:00:00', 'Morning');
INSERT INTO Schedule (scheduleID, doctorID, date, startTime, endTime, shift) VALUES ('SC0120', 'ST0010', '2025-07-15', '2025-07-15 14:00:00', '2025-07-15 20:00:00', 'Evening');
INSERT INTO Schedule (scheduleID, doctorID, date, startTime, endTime, shift) VALUES ('SC0121', 'ST0002', '2025-07-16', '2025-07-16 08:00:00', '2025-07-16 14:00:00', 'Morning');
INSERT INTO Schedule (scheduleID, doctorID, date, startTime, endTime, shift) VALUES ('SC0122', 'ST0002', '2025-07-16', '2025-07-16 14:00:00', '2025-07-16 20:00:00', 'Evening');
INSERT INTO Schedule (scheduleID, doctorID, date, startTime, endTime, shift) VALUES ('SC0123', 'ST0007', '2025-07-16', '2025-07-16 08:00:00', '2025-07-16 14:00:00', 'Morning');
INSERT INTO Schedule (scheduleID, doctorID, date, startTime, endTime, shift) VALUES ('SC0124', 'ST0007', '2025-07-16', '2025-07-16 14:00:00', '2025-07-16 20:00:00', 'Evening');
INSERT INTO Schedule (scheduleID, doctorID, date, startTime, endTime, shift) VALUES ('SC0125', 'ST0009', '2025-07-16', '2025-07-16 08:00:00', '2025-07-16 14:00:00', 'Morning');
INSERT INTO Schedule (scheduleID, doctorID, date, startTime, endTime, shift) VALUES ('SC0126', 'ST0009', '2025-07-16', '2025-07-16 14:00:00', '2025-07-16 20:00:00', 'Evening');
INSERT INTO Schedule (scheduleID, doctorID, date, startTime, endTime, shift) VALUES ('SC0127', 'ST0010', '2025-07-16', '2025-07-16 08:00:00', '2025-07-16 14:00:00', 'Morning');
INSERT INTO Schedule (scheduleID, doctorID, date, startTime, endTime, shift) VALUES ('SC0128', 'ST0010', '2025-07-16', '2025-07-16 14:00:00', '2025-07-16 20:00:00', 'Evening');
INSERT INTO Schedule (scheduleID, doctorID, date, startTime, endTime, shift) VALUES ('SC0129', 'ST0002', '2025-07-17', '2025-07-17 08:00:00', '2025-07-17 14:00:00', 'Morning');
INSERT INTO Schedule (scheduleID, doctorID, date, startTime, endTime, shift) VALUES ('SC0130', 'ST0002', '2025-07-17', '2025-07-17 14:00:00', '2025-07-17 20:00:00', 'Evening');
INSERT INTO Schedule (scheduleID, doctorID, date, startTime, endTime, shift) VALUES ('SC0131', 'ST0007', '2025-07-17', '2025-07-17 08:00:00', '2025-07-17 14:00:00', 'Morning');
INSERT INTO Schedule (scheduleID, doctorID, date, startTime, endTime, shift) VALUES ('SC0132', 'ST0007', '2025-07-17', '2025-07-17 14:00:00', '2025-07-17 20:00:00', 'Evening');
INSERT INTO Schedule (scheduleID, doctorID, date, startTime, endTime, shift) VALUES ('SC0133', 'ST0009', '2025-07-17', '2025-07-17 08:00:00', '2025-07-17 14:00:00', 'Morning');
INSERT INTO Schedule (scheduleID, doctorID, date, startTime, endTime, shift) VALUES ('SC0134', 'ST0009', '2025-07-17', '2025-07-17 14:00:00', '2025-07-17 20:00:00', 'Evening');
INSERT INTO Schedule (scheduleID, doctorID, date, startTime, endTime, shift) VALUES ('SC0135', 'ST0010', '2025-07-17', '2025-07-17 08:00:00', '2025-07-17 14:00:00', 'Morning');
INSERT INTO Schedule (scheduleID, doctorID, date, startTime, endTime, shift) VALUES ('SC0136', 'ST0010', '2025-07-17', '2025-07-17 14:00:00', '2025-07-17 20:00:00', 'Evening');
INSERT INTO Schedule (scheduleID, doctorID, date, startTime, endTime, shift) VALUES ('SC0137', 'ST0002', '2025-07-18', '2025-07-18 08:00:00', '2025-07-18 14:00:00', 'Morning');
INSERT INTO Schedule (scheduleID, doctorID, date, startTime, endTime, shift) VALUES ('SC0138', 'ST0002', '2025-07-18', '2025-07-18 14:00:00', '2025-07-18 20:00:00', 'Evening');
INSERT INTO Schedule (scheduleID, doctorID, date, startTime, endTime, shift) VALUES ('SC0139', 'ST0007', '2025-07-18', '2025-07-18 08:00:00', '2025-07-18 14:00:00', 'Morning');
INSERT INTO Schedule (scheduleID, doctorID, date, startTime, endTime, shift) VALUES ('SC0140', 'ST0007', '2025-07-18', '2025-07-18 14:00:00', '2025-07-18 20:00:00', 'Evening');
INSERT INTO Schedule (scheduleID, doctorID, date, startTime, endTime, shift) VALUES ('SC0141', 'ST0009', '2025-07-18', '2025-07-18 08:00:00', '2025-07-18 14:00:00', 'Morning');
INSERT INTO Schedule (scheduleID, doctorID, date, startTime, endTime, shift) VALUES ('SC0142', 'ST0009', '2025-07-18', '2025-07-18 14:00:00', '2025-07-18 20:00:00', 'Evening');
INSERT INTO Schedule (scheduleID, doctorID, date, startTime, endTime, shift) VALUES ('SC0143', 'ST0010', '2025-07-18', '2025-07-18 08:00:00', '2025-07-18 14:00:00', 'Morning');
INSERT INTO Schedule (scheduleID, doctorID, date, startTime, endTime, shift) VALUES ('SC0144', 'ST0010', '2025-07-18', '2025-07-18 14:00:00', '2025-07-18 20:00:00', 'Evening');
INSERT INTO Schedule (scheduleID, doctorID, date, startTime, endTime, shift) VALUES ('SC0145', 'ST0002', '2025-07-19', '2025-07-19 08:00:00', '2025-07-19 14:00:00', 'Morning');
INSERT INTO Schedule (scheduleID, doctorID, date, startTime, endTime, shift) VALUES ('SC0146', 'ST0002', '2025-07-19', '2025-07-19 14:00:00', '2025-07-19 20:00:00', 'Evening');
INSERT INTO Schedule (scheduleID, doctorID, date, startTime, endTime, shift) VALUES ('SC0147', 'ST0007', '2025-07-19', '2025-07-19 08:00:00', '2025-07-19 14:00:00', 'Morning');
INSERT INTO Schedule (scheduleID, doctorID, date, startTime, endTime, shift) VALUES ('SC0148', 'ST0007', '2025-07-19', '2025-07-19 14:00:00', '2025-07-19 20:00:00', 'Evening');
INSERT INTO Schedule (scheduleID, doctorID, date, startTime, endTime, shift) VALUES ('SC0149', 'ST0009', '2025-07-19', '2025-07-19 08:00:00', '2025-07-19 14:00:00', 'Morning');
INSERT INTO Schedule (scheduleID, doctorID, date, startTime, endTime, shift) VALUES ('SC0150', 'ST0009', '2025-07-19', '2025-07-19 14:00:00', '2025-07-19 20:00:00', 'Evening');
INSERT INTO Schedule (scheduleID, doctorID, date, startTime, endTime, shift) VALUES ('SC0151', 'ST0010', '2025-07-19', '2025-07-19 08:00:00', '2025-07-19 14:00:00', 'Morning');
INSERT INTO Schedule (scheduleID, doctorID, date, startTime, endTime, shift) VALUES ('SC0152', 'ST0010', '2025-07-19', '2025-07-19 14:00:00', '2025-07-19 20:00:00', 'Evening');
INSERT INTO Schedule (scheduleID, doctorID, date, startTime, endTime, shift) VALUES ('SC0153', 'ST0002', '2025-07-20', '2025-07-20 08:00:00', '2025-07-20 14:00:00', 'Morning');
INSERT INTO Schedule (scheduleID, doctorID, date, startTime, endTime, shift) VALUES ('SC0154', 'ST0002', '2025-07-20', '2025-07-20 14:00:00', '2025-07-20 20:00:00', 'Evening');
INSERT INTO Schedule (scheduleID, doctorID, date, startTime, endTime, shift) VALUES ('SC0155', 'ST0007', '2025-07-20', '2025-07-20 08:00:00', '2025-07-20 14:00:00', 'Morning');
INSERT INTO Schedule (scheduleID, doctorID, date, startTime, endTime, shift) VALUES ('SC0156', 'ST0007', '2025-07-20', '2025-07-20 14:00:00', '2025-07-20 20:00:00', 'Evening');
INSERT INTO Schedule (scheduleID, doctorID, date, startTime, endTime, shift) VALUES ('SC0157', 'ST0009', '2025-07-20', '2025-07-20 08:00:00', '2025-07-20 14:00:00', 'Morning');
INSERT INTO Schedule (scheduleID, doctorID, date, startTime, endTime, shift) VALUES ('SC0158', 'ST0009', '2025-07-20', '2025-07-20 14:00:00', '2025-07-20 20:00:00', 'Evening');
INSERT INTO Schedule (scheduleID, doctorID, date, startTime, endTime, shift) VALUES ('SC0159', 'ST0010', '2025-07-20', '2025-07-20 08:00:00', '2025-07-20 14:00:00', 'Morning');
INSERT INTO Schedule (scheduleID, doctorID, date, startTime, endTime, shift) VALUES ('SC0160', 'ST0010', '2025-07-20', '2025-07-20 14:00:00', '2025-07-20 20:00:00', 'Evening');
INSERT INTO Schedule (scheduleID, doctorID, date, startTime, endTime, shift) VALUES ('SC0161', 'ST0002', '2025-07-21', '2025-07-21 08:00:00', '2025-07-21 14:00:00', 'Morning');
INSERT INTO Schedule (scheduleID, doctorID, date, startTime, endTime, shift) VALUES ('SC0162', 'ST0002', '2025-07-21', '2025-07-21 14:00:00', '2025-07-21 20:00:00', 'Evening');
INSERT INTO Schedule (scheduleID, doctorID, date, startTime, endTime, shift) VALUES ('SC0163', 'ST0007', '2025-07-21', '2025-07-21 08:00:00', '2025-07-21 14:00:00', 'Morning');
INSERT INTO Schedule (scheduleID, doctorID, date, startTime, endTime, shift) VALUES ('SC0164', 'ST0007', '2025-07-21', '2025-07-21 14:00:00', '2025-07-21 20:00:00', 'Evening');
INSERT INTO Schedule (scheduleID, doctorID, date, startTime, endTime, shift) VALUES ('SC0165', 'ST0009', '2025-07-21', '2025-07-21 08:00:00', '2025-07-21 14:00:00', 'Morning');
INSERT INTO Schedule (scheduleID, doctorID, date, startTime, endTime, shift) VALUES ('SC0166', 'ST0009', '2025-07-21', '2025-07-21 14:00:00', '2025-07-21 20:00:00', 'Evening');
INSERT INTO Schedule (scheduleID, doctorID, date, startTime, endTime, shift) VALUES ('SC0167', 'ST0010', '2025-07-21', '2025-07-21 08:00:00', '2025-07-21 14:00:00', 'Morning');
INSERT INTO Schedule (scheduleID, doctorID, date, startTime, endTime, shift) VALUES ('SC0168', 'ST0010', '2025-07-21', '2025-07-21 14:00:00', '2025-07-21 20:00:00', 'Evening');
INSERT INTO Schedule (scheduleID, doctorID, date, startTime, endTime, shift) VALUES ('SC0169', 'ST0002', '2025-07-22', '2025-07-22 08:00:00', '2025-07-22 14:00:00', 'Morning');
INSERT INTO Schedule (scheduleID, doctorID, date, startTime, endTime, shift) VALUES ('SC0170', 'ST0002', '2025-07-22', '2025-07-22 14:00:00', '2025-07-22 20:00:00', 'Evening');
INSERT INTO Schedule (scheduleID, doctorID, date, startTime, endTime, shift) VALUES ('SC0171', 'ST0007', '2025-07-22', '2025-07-22 08:00:00', '2025-07-22 14:00:00', 'Morning');
INSERT INTO Schedule (scheduleID, doctorID, date, startTime, endTime, shift) VALUES ('SC0172', 'ST0007', '2025-07-22', '2025-07-22 14:00:00', '2025-07-22 20:00:00', 'Evening');
INSERT INTO Schedule (scheduleID, doctorID, date, startTime, endTime, shift) VALUES ('SC0173', 'ST0009', '2025-07-22', '2025-07-22 08:00:00', '2025-07-22 14:00:00', 'Morning');
INSERT INTO Schedule (scheduleID, doctorID, date, startTime, endTime, shift) VALUES ('SC0174', 'ST0009', '2025-07-22', '2025-07-22 14:00:00', '2025-07-22 20:00:00', 'Evening');
INSERT INTO Schedule (scheduleID, doctorID, date, startTime, endTime, shift) VALUES ('SC0175', 'ST0010', '2025-07-22', '2025-07-22 08:00:00', '2025-07-22 14:00:00', 'Morning');
INSERT INTO Schedule (scheduleID, doctorID, date, startTime, endTime, shift) VALUES ('SC0176', 'ST0010', '2025-07-22', '2025-07-22 14:00:00', '2025-07-22 20:00:00', 'Evening');
INSERT INTO Schedule (scheduleID, doctorID, date, startTime, endTime, shift) VALUES ('SC0177', 'ST0002', '2025-07-23', '2025-07-23 08:00:00', '2025-07-23 14:00:00', 'Morning');
INSERT INTO Schedule (scheduleID, doctorID, date, startTime, endTime, shift) VALUES ('SC0178', 'ST0002', '2025-07-23', '2025-07-23 14:00:00', '2025-07-23 20:00:00', 'Evening');
INSERT INTO Schedule (scheduleID, doctorID, date, startTime, endTime, shift) VALUES ('SC0179', 'ST0007', '2025-07-23', '2025-07-23 08:00:00', '2025-07-23 14:00:00', 'Morning');
INSERT INTO Schedule (scheduleID, doctorID, date, startTime, endTime, shift) VALUES ('SC0180', 'ST0007', '2025-07-23', '2025-07-23 14:00:00', '2025-07-23 20:00:00', 'Evening');
INSERT INTO Schedule (scheduleID, doctorID, date, startTime, endTime, shift) VALUES ('SC0181', 'ST0009', '2025-07-23', '2025-07-23 08:00:00', '2025-07-23 14:00:00', 'Morning');
INSERT INTO Schedule (scheduleID, doctorID, date, startTime, endTime, shift) VALUES ('SC0182', 'ST0009', '2025-07-23', '2025-07-23 14:00:00', '2025-07-23 20:00:00', 'Evening');
INSERT INTO Schedule (scheduleID, doctorID, date, startTime, endTime, shift) VALUES ('SC0183', 'ST0010', '2025-07-23', '2025-07-23 08:00:00', '2025-07-23 14:00:00', 'Morning');
INSERT INTO Schedule (scheduleID, doctorID, date, startTime, endTime, shift) VALUES ('SC0184', 'ST0010', '2025-07-23', '2025-07-23 14:00:00', '2025-07-23 20:00:00', 'Evening');
INSERT INTO Schedule (scheduleID, doctorID, date, startTime, endTime, shift) VALUES ('SC0185', 'ST0002', '2025-07-24', '2025-07-24 08:00:00', '2025-07-24 14:00:00', 'Morning');
INSERT INTO Schedule (scheduleID, doctorID, date, startTime, endTime, shift) VALUES ('SC0186', 'ST0002', '2025-07-24', '2025-07-24 14:00:00', '2025-07-24 20:00:00', 'Evening');
INSERT INTO Schedule (scheduleID, doctorID, date, startTime, endTime, shift) VALUES ('SC0187', 'ST0007', '2025-07-24', '2025-07-24 08:00:00', '2025-07-24 14:00:00', 'Morning');
INSERT INTO Schedule (scheduleID, doctorID, date, startTime, endTime, shift) VALUES ('SC0188', 'ST0007', '2025-07-24', '2025-07-24 14:00:00', '2025-07-24 20:00:00', 'Evening');
INSERT INTO Schedule (scheduleID, doctorID, date, startTime, endTime, shift) VALUES ('SC0189', 'ST0009', '2025-07-24', '2025-07-24 08:00:00', '2025-07-24 14:00:00', 'Morning');
INSERT INTO Schedule (scheduleID, doctorID, date, startTime, endTime, shift) VALUES ('SC0190', 'ST0009', '2025-07-24', '2025-07-24 14:00:00', '2025-07-24 20:00:00', 'Evening');
INSERT INTO Schedule (scheduleID, doctorID, date, startTime, endTime, shift) VALUES ('SC0191', 'ST0010', '2025-07-24', '2025-07-24 08:00:00', '2025-07-24 14:00:00', 'Morning');
INSERT INTO Schedule (scheduleID, doctorID, date, startTime, endTime, shift) VALUES ('SC0192', 'ST0010', '2025-07-24', '2025-07-24 14:00:00', '2025-07-24 20:00:00', 'Evening');
INSERT INTO Schedule (scheduleID, doctorID, date, startTime, endTime, shift) VALUES ('SC0193', 'ST0002', '2025-07-25', '2025-07-25 08:00:00', '2025-07-25 14:00:00', 'Morning');
INSERT INTO Schedule (scheduleID, doctorID, date, startTime, endTime, shift) VALUES ('SC0194', 'ST0002', '2025-07-25', '2025-07-25 14:00:00', '2025-07-25 20:00:00', 'Evening');
INSERT INTO Schedule (scheduleID, doctorID, date, startTime, endTime, shift) VALUES ('SC0195', 'ST0007', '2025-07-25', '2025-07-25 08:00:00', '2025-07-25 14:00:00', 'Morning');
INSERT INTO Schedule (scheduleID, doctorID, date, startTime, endTime, shift) VALUES ('SC0196', 'ST0007', '2025-07-25', '2025-07-25 14:00:00', '2025-07-25 20:00:00', 'Evening');
INSERT INTO Schedule (scheduleID, doctorID, date, startTime, endTime, shift) VALUES ('SC0197', 'ST0009', '2025-07-25', '2025-07-25 08:00:00', '2025-07-25 14:00:00', 'Morning');
INSERT INTO Schedule (scheduleID, doctorID, date, startTime, endTime, shift) VALUES ('SC0198', 'ST0009', '2025-07-25', '2025-07-25 14:00:00', '2025-07-25 20:00:00', 'Evening');
INSERT INTO Schedule (scheduleID, doctorID, date, startTime, endTime, shift) VALUES ('SC0199', 'ST0010', '2025-07-25', '2025-07-25 08:00:00', '2025-07-25 14:00:00', 'Morning');
INSERT INTO Schedule (scheduleID, doctorID, date, startTime, endTime, shift) VALUES ('SC0200', 'ST0010', '2025-07-25', '2025-07-25 14:00:00', '2025-07-25 20:00:00', 'Evening');
INSERT INTO Schedule (scheduleID, doctorID, date, startTime, endTime, shift) VALUES ('SC0201', 'ST0002', '2025-07-26', '2025-07-26 08:00:00', '2025-07-26 14:00:00', 'Morning');
INSERT INTO Schedule (scheduleID, doctorID, date, startTime, endTime, shift) VALUES ('SC0202', 'ST0002', '2025-07-26', '2025-07-26 14:00:00', '2025-07-26 20:00:00', 'Evening');
INSERT INTO Schedule (scheduleID, doctorID, date, startTime, endTime, shift) VALUES ('SC0203', 'ST0007', '2025-07-26', '2025-07-26 08:00:00', '2025-07-26 14:00:00', 'Morning');
INSERT INTO Schedule (scheduleID, doctorID, date, startTime, endTime, shift) VALUES ('SC0204', 'ST0007', '2025-07-26', '2025-07-26 14:00:00', '2025-07-26 20:00:00', 'Evening');
INSERT INTO Schedule (scheduleID, doctorID, date, startTime, endTime, shift) VALUES ('SC0205', 'ST0009', '2025-07-26', '2025-07-26 08:00:00', '2025-07-26 14:00:00', 'Morning');
INSERT INTO Schedule (scheduleID, doctorID, date, startTime, endTime, shift) VALUES ('SC0206', 'ST0009', '2025-07-26', '2025-07-26 14:00:00', '2025-07-26 20:00:00', 'Evening');
INSERT INTO Schedule (scheduleID, doctorID, date, startTime, endTime, shift) VALUES ('SC0207', 'ST0010', '2025-07-26', '2025-07-26 08:00:00', '2025-07-26 14:00:00', 'Morning');
INSERT INTO Schedule (scheduleID, doctorID, date, startTime, endTime, shift) VALUES ('SC0208', 'ST0010', '2025-07-26', '2025-07-26 14:00:00', '2025-07-26 20:00:00', 'Evening');
INSERT INTO Schedule (scheduleID, doctorID, date, startTime, endTime, shift) VALUES ('SC0209', 'ST0002', '2025-07-27', '2025-07-27 08:00:00', '2025-07-27 14:00:00', 'Morning');
INSERT INTO Schedule (scheduleID, doctorID, date, startTime, endTime, shift) VALUES ('SC0210', 'ST0002', '2025-07-27', '2025-07-27 14:00:00', '2025-07-27 20:00:00', 'Evening');
INSERT INTO Schedule (scheduleID, doctorID, date, startTime, endTime, shift) VALUES ('SC0211', 'ST0007', '2025-07-27', '2025-07-27 08:00:00', '2025-07-27 14:00:00', 'Morning');
INSERT INTO Schedule (scheduleID, doctorID, date, startTime, endTime, shift) VALUES ('SC0212', 'ST0007', '2025-07-27', '2025-07-27 14:00:00', '2025-07-27 20:00:00', 'Evening');
INSERT INTO Schedule (scheduleID, doctorID, date, startTime, endTime, shift) VALUES ('SC0213', 'ST0009', '2025-07-27', '2025-07-27 08:00:00', '2025-07-27 14:00:00', 'Morning');
INSERT INTO Schedule (scheduleID, doctorID, date, startTime, endTime, shift) VALUES ('SC0214', 'ST0009', '2025-07-27', '2025-07-27 14:00:00', '2025-07-27 20:00:00', 'Evening');
INSERT INTO Schedule (scheduleID, doctorID, date, startTime, endTime, shift) VALUES ('SC0215', 'ST0010', '2025-07-27', '2025-07-27 08:00:00', '2025-07-27 14:00:00', 'Morning');
INSERT INTO Schedule (scheduleID, doctorID, date, startTime, endTime, shift) VALUES ('SC0216', 'ST0010', '2025-07-27', '2025-07-27 14:00:00', '2025-07-27 20:00:00', 'Evening');
INSERT INTO Schedule (scheduleID, doctorID, date, startTime, endTime, shift) VALUES ('SC0217', 'ST0002', '2025-07-28', '2025-07-28 08:00:00', '2025-07-28 14:00:00', 'Morning');
INSERT INTO Schedule (scheduleID, doctorID, date, startTime, endTime, shift) VALUES ('SC0218', 'ST0002', '2025-07-28', '2025-07-28 14:00:00', '2025-07-28 20:00:00', 'Evening');
INSERT INTO Schedule (scheduleID, doctorID, date, startTime, endTime, shift) VALUES ('SC0219', 'ST0007', '2025-07-28', '2025-07-28 08:00:00', '2025-07-28 14:00:00', 'Morning');
INSERT INTO Schedule (scheduleID, doctorID, date, startTime, endTime, shift) VALUES ('SC0220', 'ST0007', '2025-07-28', '2025-07-28 14:00:00', '2025-07-28 20:00:00', 'Evening');
INSERT INTO Schedule (scheduleID, doctorID, date, startTime, endTime, shift) VALUES ('SC0221', 'ST0009', '2025-07-28', '2025-07-28 08:00:00', '2025-07-28 14:00:00', 'Morning');
INSERT INTO Schedule (scheduleID, doctorID, date, startTime, endTime, shift) VALUES ('SC0222', 'ST0009', '2025-07-28', '2025-07-28 14:00:00', '2025-07-28 20:00:00', 'Evening');
INSERT INTO Schedule (scheduleID, doctorID, date, startTime, endTime, shift) VALUES ('SC0223', 'ST0010', '2025-07-28', '2025-07-28 08:00:00', '2025-07-28 14:00:00', 'Morning');
INSERT INTO Schedule (scheduleID, doctorID, date, startTime, endTime, shift) VALUES ('SC0224', 'ST0010', '2025-07-28', '2025-07-28 14:00:00', '2025-07-28 20:00:00', 'Evening');
INSERT INTO Schedule (scheduleID, doctorID, date, startTime, endTime, shift) VALUES ('SC0225', 'ST0002', '2025-07-29', '2025-07-29 08:00:00', '2025-07-29 14:00:00', 'Morning');
INSERT INTO Schedule (scheduleID, doctorID, date, startTime, endTime, shift) VALUES ('SC0226', 'ST0002', '2025-07-29', '2025-07-29 14:00:00', '2025-07-29 20:00:00', 'Evening');
INSERT INTO Schedule (scheduleID, doctorID, date, startTime, endTime, shift) VALUES ('SC0227', 'ST0007', '2025-07-29', '2025-07-29 08:00:00', '2025-07-29 14:00:00', 'Morning');
INSERT INTO Schedule (scheduleID, doctorID, date, startTime, endTime, shift) VALUES ('SC0228', 'ST0007', '2025-07-29', '2025-07-29 14:00:00', '2025-07-29 20:00:00', 'Evening');
INSERT INTO Schedule (scheduleID, doctorID, date, startTime, endTime, shift) VALUES ('SC0229', 'ST0009', '2025-07-29', '2025-07-29 08:00:00', '2025-07-29 14:00:00', 'Morning');
INSERT INTO Schedule (scheduleID, doctorID, date, startTime, endTime, shift) VALUES ('SC0230', 'ST0009', '2025-07-29', '2025-07-29 14:00:00', '2025-07-29 20:00:00', 'Evening');
INSERT INTO Schedule (scheduleID, doctorID, date, startTime, endTime, shift) VALUES ('SC0231', 'ST0010', '2025-07-29', '2025-07-29 08:00:00', '2025-07-29 14:00:00', 'Morning');
INSERT INTO Schedule (scheduleID, doctorID, date, startTime, endTime, shift) VALUES ('SC0232', 'ST0010', '2025-07-29', '2025-07-29 14:00:00', '2025-07-29 20:00:00', 'Evening');
INSERT INTO Schedule (scheduleID, doctorID, date, startTime, endTime, shift) VALUES ('SC0233', 'ST0002', '2025-07-30', '2025-07-30 08:00:00', '2025-07-30 14:00:00', 'Morning');
INSERT INTO Schedule (scheduleID, doctorID, date, startTime, endTime, shift) VALUES ('SC0234', 'ST0002', '2025-07-30', '2025-07-30 14:00:00', '2025-07-30 20:00:00', 'Evening');
INSERT INTO Schedule (scheduleID, doctorID, date, startTime, endTime, shift) VALUES ('SC0235', 'ST0007', '2025-07-30', '2025-07-30 08:00:00', '2025-07-30 14:00:00', 'Morning');
INSERT INTO Schedule (scheduleID, doctorID, date, startTime, endTime, shift) VALUES ('SC0236', 'ST0007', '2025-07-30', '2025-07-30 14:00:00', '2025-07-30 20:00:00', 'Evening');
INSERT INTO Schedule (scheduleID, doctorID, date, startTime, endTime, shift) VALUES ('SC0237', 'ST0009', '2025-07-30', '2025-07-30 08:00:00', '2025-07-30 14:00:00', 'Morning');
INSERT INTO Schedule (scheduleID, doctorID, date, startTime, endTime, shift) VALUES ('SC0238', 'ST0009', '2025-07-30', '2025-07-30 14:00:00', '2025-07-30 20:00:00', 'Evening');
INSERT INTO Schedule (scheduleID, doctorID, date, startTime, endTime, shift) VALUES ('SC0239', 'ST0010', '2025-07-30', '2025-07-30 08:00:00', '2025-07-30 14:00:00', 'Morning');
INSERT INTO Schedule (scheduleID, doctorID, date, startTime, endTime, shift) VALUES ('SC0240', 'ST0010', '2025-07-30', '2025-07-30 14:00:00', '2025-07-30 20:00:00', 'Evening');
INSERT INTO Schedule (scheduleID, doctorID, date, startTime, endTime, shift) VALUES ('SC0241', 'ST0002', '2025-07-31', '2025-07-31 08:00:00', '2025-07-31 14:00:00', 'Morning');
INSERT INTO Schedule (scheduleID, doctorID, date, startTime, endTime, shift) VALUES ('SC0242', 'ST0002', '2025-07-31', '2025-07-31 14:00:00', '2025-07-31 20:00:00', 'Evening');
INSERT INTO Schedule (scheduleID, doctorID, date, startTime, endTime, shift) VALUES ('SC0243', 'ST0007', '2025-07-31', '2025-07-31 08:00:00', '2025-07-31 14:00:00', 'Morning');
INSERT INTO Schedule (scheduleID, doctorID, date, startTime, endTime, shift) VALUES ('SC0244', 'ST0007', '2025-07-31', '2025-07-31 14:00:00', '2025-07-31 20:00:00', 'Evening');
INSERT INTO Schedule (scheduleID, doctorID, date, startTime, endTime, shift) VALUES ('SC0245', 'ST0009', '2025-07-31', '2025-07-31 08:00:00', '2025-07-31 14:00:00', 'Morning');
INSERT INTO Schedule (scheduleID, doctorID, date, startTime, endTime, shift) VALUES ('SC0246', 'ST0009', '2025-07-31', '2025-07-31 14:00:00', '2025-07-31 20:00:00', 'Evening');
INSERT INTO Schedule (scheduleID, doctorID, date, startTime, endTime, shift) VALUES ('SC0247', 'ST0010', '2025-07-31', '2025-07-31 08:00:00', '2025-07-31 14:00:00', 'Morning');
INSERT INTO Schedule (scheduleID, doctorID, date, startTime, endTime, shift) VALUES ('SC0248', 'ST0010', '2025-07-31', '2025-07-31 14:00:00', '2025-07-31 20:00:00', 'Evening');
INSERT INTO Supplier (supplierId, supplierName, contactPerson, phoneNumber, email, address, bankName, accountNumber) VALUES ('SU0001', 'Warren-Green', 'Donald Sanders', '751.352.4043x6541', 'olee@example.net', '7897 Bryan Plaza Suite 393, Higginston, NC 17550', 'OCBC', 'LWCR54759711275115');
INSERT INTO Supplier (supplierId, supplierName, contactPerson, phoneNumber, email, address, bankName, accountNumber) VALUES ('SU0002', 'Stewart Group', 'Cheyenne Logan', '(394)265-2556x46670', 'jonathanpeterson@example.com', '730 Wesley Forges, Rothmouth, MD 80318', 'CitiBank', 'VCCR79490559032050');
INSERT INTO Supplier (supplierId, supplierName, contactPerson, phoneNumber, email, address, bankName, accountNumber) VALUES ('SU0003', 'Duarte LLC', 'David Buchanan', '+1-285-938-6522x94813', 'melissa47@example.com', '376 Elizabeth Bridge Suite 700, Bradfordborough, IL 65720', 'Maybank', 'AISK06168029643506');
INSERT INTO Supplier (supplierId, supplierName, contactPerson, phoneNumber, email, address, bankName, accountNumber) VALUES ('SU0004', 'Grant, Edwards and Hendricks', 'Christina Mitchell', '322.392.5863', 'piercedavid@example.org', '3549 Timothy Place Apt. 354, East Janetside, UT 64417', 'CitiBank', 'KYYM41533398082959');
INSERT INTO Supplier (supplierId, supplierName, contactPerson, phoneNumber, email, address, bankName, accountNumber) VALUES ('SU0005', 'Fitzgerald-Erickson', 'Christopher Le', '704-438-2966', 'ashley59@example.org', '358 Baker Union, Cainstad, SD 01553', 'OCBC', 'QIER74736769597544');
INSERT INTO Orders (ordersID, medicineID, supplierID, staffID, orderDate, orderStatus, unitPrice, quantity, totalAmount, expiryDate, stock) VALUES ('OR0001', 'ME0003', 'SU0004', 'ST0005', '2024-12-24', 'Cancelled', 16.83, 56, 942.48, '2025-02-22', 56);
INSERT INTO Orders (ordersID, medicineID, supplierID, staffID, orderDate, orderStatus, unitPrice, quantity, totalAmount, expiryDate, stock) VALUES ('OR0002', 'ME0004', 'SU0019', 'ST0003', '2025-03-19', 'Pending', 57.23, 53, 3033.19, '2026-05-13', 53);
INSERT INTO Orders (ordersID, medicineID, supplierID, staffID, orderDate, orderStatus, unitPrice, quantity, totalAmount, expiryDate, stock) VALUES ('OR0003', 'ME0002', 'SU0005', 'ST0005', '2025-01-26', 'Shipped', 83.33, 69, 5749.77, '2026-06-06', 69);
INSERT INTO Orders (ordersID, medicineID, supplierID, staffID, orderDate, orderStatus, unitPrice, quantity, totalAmount, expiryDate, stock) VALUES ('OR0004', 'ME0010', 'SU0014', 'ST0002', '2025-06-07', 'Delivered', 41.79, 47, 1964.13, '2025-09-01', 47);
INSERT INTO Orders (ordersID, medicineID, supplierID, staffID, orderDate, orderStatus, unitPrice, quantity, totalAmount, expiryDate, stock) VALUES ('OR0005', 'ME0008', 'SU0003', 'ST0009', '2024-12-15', 'Pending', 44.19, 87, 3844.53, '2026-02-26', 87);
INSERT INTO Orders (ordersID, medicineID, supplierID, staffID, orderDate, orderStatus, unitPrice, quantity, totalAmount, expiryDate, stock) VALUES ('OR0006', 'ME0011', 'SU0017', 'ST0005', '2024-11-26', 'Shipped', 79.19, 75, 5939.25, '2025-01-25', 75);
INSERT INTO Orders (ordersID, medicineID, supplierID, staffID, orderDate, orderStatus, unitPrice, quantity, totalAmount, expiryDate, stock) VALUES ('OR0007', 'ME0002', 'SU0017', 'ST0004', '2024-10-27', 'Delivered', 49.97, 81, 4047.57, '2026-06-14', 81);
INSERT INTO Orders (ordersID, medicineID, supplierID, staffID, orderDate, orderStatus, unitPrice, quantity, totalAmount, expiryDate, stock) VALUES ('OR0008', 'ME0001', 'SU0011', 'ST0004', '2025-02-12', 'Delivered', 73.45, 33, 2423.85, '2026-01-03', 33);
INSERT INTO Orders (ordersID, medicineID, supplierID, staffID, orderDate, orderStatus, unitPrice, quantity, totalAmount, expiryDate, stock) VALUES ('OR0009', 'ME0006', 'SU0011', 'ST0003', '2024-12-07', 'Cancelled', 47.64, 87, 4144.68, '2025-05-14', 87);
INSERT INTO Orders (ordersID, medicineID, supplierID, staffID, orderDate, orderStatus, unitPrice, quantity, totalAmount, expiryDate, stock) VALUES ('OR0010', 'ME0012', 'SU0010', 'ST0010', '2025-04-08', 'Delivered', 15.27, 42, 641.34, '2025-05-08', 42);
INSERT INTO Orders (ordersID, medicineID, supplierID, staffID, orderDate, orderStatus, unitPrice, quantity, totalAmount, expiryDate, stock) VALUES ('OR0011', 'ME0012', 'SU0006', 'ST0009', '2025-07-19', 'Cancelled', 37.74, 39, 1471.86, '2026-01-12', 39);
INSERT INTO Orders (ordersID, medicineID, supplierID, staffID, orderDate, orderStatus, unitPrice, quantity, totalAmount, expiryDate, stock) VALUES ('OR0012', 'ME0007', 'SU0004', 'ST0008', '2025-06-19', 'Shipped', 17.49, 33, 577.17, '2025-09-23', 33);
INSERT INTO Orders (ordersID, medicineID, supplierID, staffID, orderDate, orderStatus, unitPrice, quantity, totalAmount, expiryDate, stock) VALUES ('OR0013', 'ME0014', 'SU0006', 'ST0004', '2024-09-18', 'Delivered', 40.35, 43, 1735.05, '2026-05-15', 43);
INSERT INTO Orders (ordersID, medicineID, supplierID, staffID, orderDate, orderStatus, unitPrice, quantity, totalAmount, expiryDate, stock) VALUES ('OR0014', 'ME0012', 'SU0018', 'ST0009', '2025-04-02', 'Pending', 88.6, 16, 1417.6, '2026-07-25', 16);
INSERT INTO Orders (ordersID, medicineID, supplierID, staffID, orderDate, orderStatus, unitPrice, quantity, totalAmount, expiryDate, stock) VALUES ('OR0015', 'ME0004', 'SU0017', 'ST0003', '2024-11-13', 'Cancelled', 27.24, 57, 1552.68, '2025-09-11', 57);
INSERT INTO Orders (ordersID, medicineID, supplierID, staffID, orderDate, orderStatus, unitPrice, quantity, totalAmount, expiryDate, stock) VALUES ('OR0016', 'ME0004', 'SU0001', 'ST0006', '2024-09-06', 'Shipped', 65.48, 60, 3928.8, '2025-03-15', 60);
INSERT INTO Orders (ordersID, medicineID, supplierID, staffID, orderDate, orderStatus, unitPrice, quantity, totalAmount, expiryDate, stock) VALUES ('OR0017', 'ME0007', 'SU0002', 'ST0004', '2024-10-11', 'Pending', 51.95, 67, 3480.65, '2025-12-25', 67);
INSERT INTO Orders (ordersID, medicineID, supplierID, staffID, orderDate, orderStatus, unitPrice, quantity, totalAmount, expiryDate, stock) VALUES ('OR0018', 'ME0013', 'SU0002', 'ST0003', '2024-11-28', 'Cancelled', 28.06, 52, 1459.12, '2024-12-26', 52);
INSERT INTO Orders (ordersID, medicineID, supplierID, staffID, orderDate, orderStatus, unitPrice, quantity, totalAmount, expiryDate, stock) VALUES ('OR0019', 'ME0004', 'SU0008', 'ST0004', '2025-07-06', 'Pending', 80.49, 15, 1207.35, '2025-07-16', 15);
INSERT INTO Orders (ordersID, medicineID, supplierID, staffID, orderDate, orderStatus, unitPrice, quantity, totalAmount, expiryDate, stock) VALUES ('OR0020', 'ME0002', 'SU0010', 'ST0010', '2024-10-24', 'Shipped', 16.6, 93, 1543.8, '2025-09-20', 93);
