INSERT INTO Staff (staffID, firstName, lastName, gender, dateOfBirth, nationality, idType, idNumber, contactNumber, email, address, position, medicalLicenseNumber, password, employmentDate) VALUES ('ST0001', 'Wesley', 'Anderson', 'Female', '1977-11-16', 'Saint Kitts and Nevis', 'Passport', '038-66-6994', '001-926-254-0974x55091', 'kyle97@example.com', '8779 Mathew Vista, Travisport, LA 19977', 'Doctor', 'MED034', 'Password123!', '2023-12-30');
INSERT INTO Staff (staffID, firstName, lastName, gender, dateOfBirth, nationality, idType, idNumber, contactNumber, email, address, position, medicalLicenseNumber, password, employmentDate) VALUES ('ST0002', 'Lindsey', 'Potter', 'Male', '2000-11-19', 'Nepal', 'Passport', '016-26-3907', '+1-639-428-8510x0184', 'michele47@example.com', '917 Jack Creek Apt. 667, West Codyhaven, MH 83582', 'Admin', '', 'Password123!', '2017-02-11');
INSERT INTO Staff (staffID, firstName, lastName, gender, dateOfBirth, nationality, idType, idNumber, contactNumber, email, address, position, medicalLicenseNumber, password, employmentDate) VALUES ('ST0003', 'Kenneth', 'Adams', 'Male', '1996-12-15', 'Saint Barthelemy', 'IC', '532-56-5706', '001-757-214-4487', 'harrispatrick@example.com', '5158 Mcdonald Estate, Robertmouth, WI 26595', 'Admin', '', 'Password123!', '2021-11-27');
INSERT INTO Staff (staffID, firstName, lastName, gender, dateOfBirth, nationality, idType, idNumber, contactNumber, email, address, position, medicalLicenseNumber, password, employmentDate) VALUES ('ST0004', 'Alexis', 'Nash', 'Male', '1976-06-07', 'Cambodia', 'IC', '664-88-0412', '(305)964-9059', 'josephbrown@example.org', '6233 Hughes Squares Suite 566, North Jeremy, WV 35415', 'Doctor', 'MED495', 'Password123!', '2016-12-13');
INSERT INTO Staff (staffID, firstName, lastName, gender, dateOfBirth, nationality, idType, idNumber, contactNumber, email, address, position, medicalLicenseNumber, password, employmentDate) VALUES ('ST0005', 'Daniel', 'Rodriguez', 'Male', '1992-01-12', 'Sierra Leone', 'Passport', '351-01-6357', '001-531-851-7048x9395', 'williamsholly@example.org', '20596 Linda Divide Apt. 537, South Kelly, NJ 22701', 'Doctor', 'MED555', 'Password123!', '2024-08-29');
INSERT INTO Staff (staffID, firstName, lastName, gender, dateOfBirth, nationality, idType, idNumber, contactNumber, email, address, position, medicalLicenseNumber, password, employmentDate) VALUES ('ST0006', 'Angela', 'Smith', 'Female', '1985-04-06', 'Congo', 'Passport', '760-50-6476', '717-960-5187', 'taylor81@example.org', '9067 Barnes Locks, Port Ryanside, MS 94892', 'Doctor', 'MED400', 'Password123!', '2017-09-29');
INSERT INTO Staff (staffID, firstName, lastName, gender, dateOfBirth, nationality, idType, idNumber, contactNumber, email, address, position, medicalLicenseNumber, password, employmentDate) VALUES ('ST0007', 'Julie', 'Hudson', 'Male', '1968-08-13', 'Poland', 'IC', '249-38-9419', '+1-890-902-7865', 'joneschase@example.net', '64538 Jones Ports Suite 044, Danielland, KY 81666', 'Admin', '', 'Password123!', '2024-08-03');
INSERT INTO Staff (staffID, firstName, lastName, gender, dateOfBirth, nationality, idType, idNumber, contactNumber, email, address, position, medicalLicenseNumber, password, employmentDate) VALUES ('ST0008', 'Belinda', 'Taylor', 'Male', '1960-02-05', 'Suriname', 'IC', '701-96-3509', '(522)969-1156x84528', 'karen64@example.net', '3668 Shepherd Garden, South Alexandramouth, RI 34318', 'Admin', '', 'Password123!', '2020-08-18');
INSERT INTO Staff (staffID, firstName, lastName, gender, dateOfBirth, nationality, idType, idNumber, contactNumber, email, address, position, medicalLicenseNumber, password, employmentDate) VALUES ('ST0009', 'Charles', 'Collins', 'Male', '1990-12-30', 'Kuwait', 'IC', '665-41-0390', '234-654-5629x541', 'xbarnes@example.net', 'PSC 3440, Box 4706, APO AP 52501', 'Admin', '', 'Password123!', '2018-09-01');
INSERT INTO Staff (staffID, firstName, lastName, gender, dateOfBirth, nationality, idType, idNumber, contactNumber, email, address, position, medicalLicenseNumber, password, employmentDate) VALUES ('ST0010', 'Brandy', 'Olson', 'Female', '1983-09-19', 'Aruba', 'Passport', '516-03-5347', '263-829-0236x4851', 'victoriawhite@example.org', '7646 Robles Manor Suite 248, West Kellyview, IL 13093', 'Doctor', 'MED483', 'Password123!', '2019-04-15');
INSERT INTO Patient (patientID, firstName, lastName, gender, dateOfBirth, age, nationality, idType, idNumber, studentId, staffId, contactNumber, email, address, emergencyContactName, emergencyContactNumber, allergies, bloodType) VALUES ('PT0001', 'Kimberly', 'Hernandez', 'Female', '1959-08-21', 65, 'Turkmenistan', 'Passport', '674-50-6693', NULL, NULL, '985-605-6411', 'qsmith@example.com', '00484 Davidson View, Grossfort, IN 89363', 'Jessica Sharp', '(489)369-1548', 'None', 'A-');
INSERT INTO Patient (patientID, firstName, lastName, gender, dateOfBirth, age, nationality, idType, idNumber, studentId, staffId, contactNumber, email, address, emergencyContactName, emergencyContactNumber, allergies, bloodType) VALUES ('PT0002', 'Rebecca', 'Vaughn', 'Female', '2001-03-20', 24, 'United States of America', 'Passport', '288-04-9780', NULL, NULL, '282.974.6278x1707', 'ecole@example.net', '82428 Michaela Land, West Brandi, NV 67231', 'Michael Hall', '+1-435-483-3245x213', 'Pollen', 'AB+');
INSERT INTO Patient (patientID, firstName, lastName, gender, dateOfBirth, age, nationality, idType, idNumber, studentId, staffId, contactNumber, email, address, emergencyContactName, emergencyContactNumber, allergies, bloodType) VALUES ('PT0003', 'Samantha', 'Benson', 'Male', '1976-08-25', 48, 'Ghana', 'IC', '408-72-4561', 'S03816', NULL, '(438)724-0441x813', 'briley@example.net', '647 Guzman Junctions, Lake Dustintown, DE 84143', 'Michelle Johnson', '001-919-588-6258x65583', 'None', 'B+');
INSERT INTO Patient (patientID, firstName, lastName, gender, dateOfBirth, age, nationality, idType, idNumber, studentId, staffId, contactNumber, email, address, emergencyContactName, emergencyContactNumber, allergies, bloodType) VALUES ('PT0004', 'Jeremy', 'Chapman', 'Male', '1988-03-08', 37, 'Iceland', 'Passport', '620-44-3288', 'S09953', NULL, '001-401-911-0521x92053', 'gregory77@example.net', '7979 Dawn Lake, Donaldmouth, DE 25511', 'Amanda Wiggins', '535-930-1560x5698', 'None', 'A-');
INSERT INTO Patient (patientID, firstName, lastName, gender, dateOfBirth, age, nationality, idType, idNumber, studentId, staffId, contactNumber, email, address, emergencyContactName, emergencyContactNumber, allergies, bloodType) VALUES ('PT0005', 'Henry', 'Bass', 'Male', '1995-11-27', 29, 'Nicaragua', 'Passport', '026-76-5765', NULL, 'ST2824', '+1-445-523-4314', 'justin98@example.net', '75752 Larry Club Apt. 838, Kathrynfort, IN 62977', 'Daniel Jones', '542-596-5481', 'Pollen', 'B-');
INSERT INTO Patient (patientID, firstName, lastName, gender, dateOfBirth, age, nationality, idType, idNumber, studentId, staffId, contactNumber, email, address, emergencyContactName, emergencyContactNumber, allergies, bloodType) VALUES ('PT0006', 'Gerald', 'Kim', 'Male', '2015-09-21', 9, 'Guam', 'Passport', '424-36-5549', 'S04518', NULL, '928-663-7094x21612', 'rothallen@example.com', '694 Schroeder Way, West Donald, GA 70723', 'Sarah Gutierrez', '+1-817-958-7546', 'Latex', 'B-');
INSERT INTO Patient (patientID, firstName, lastName, gender, dateOfBirth, age, nationality, idType, idNumber, studentId, staffId, contactNumber, email, address, emergencyContactName, emergencyContactNumber, allergies, bloodType) VALUES ('PT0007', 'Kevin', 'Hopkins', 'Female', '1966-10-04', 58, 'Fiji', 'Passport', '178-98-9791', NULL, 'ST8299', '613.450.1183x131', 'johnny13@example.com', '5795 Jones Lights Apt. 869, Joemouth, MI 90968', 'Angel Cook', '001-936-774-8602x721', 'Latex', 'B+');
INSERT INTO Patient (patientID, firstName, lastName, gender, dateOfBirth, age, nationality, idType, idNumber, studentId, staffId, contactNumber, email, address, emergencyContactName, emergencyContactNumber, allergies, bloodType) VALUES ('PT0008', 'Daniel', 'Davis', 'Female', '2010-09-16', 14, 'Uruguay', 'Passport', '483-10-5017', NULL, NULL, '699.539.9345x48963', 'catherinelopez@example.org', '012 Nicholas Mall Suite 491, New Shannonhaven, PR 09918', 'James Lee', '923.240.5186', 'Pollen', 'A-');
INSERT INTO Patient (patientID, firstName, lastName, gender, dateOfBirth, age, nationality, idType, idNumber, studentId, staffId, contactNumber, email, address, emergencyContactName, emergencyContactNumber, allergies, bloodType) VALUES ('PT0009', 'Virginia', 'Burton', 'Male', '1996-10-29', 28, 'Ghana', 'Passport', '064-78-0880', 'S02719', 'ST9190', '+1-884-689-2942x0286', 'pbarron@example.org', '094 Miller Extensions Suite 892, Kimburgh, CT 48722', 'Michael Baker', '547.950.6174', 'Latex', 'A-');
INSERT INTO Patient (patientID, firstName, lastName, gender, dateOfBirth, age, nationality, idType, idNumber, studentId, staffId, contactNumber, email, address, emergencyContactName, emergencyContactNumber, allergies, bloodType) VALUES ('PT0010', 'Sara', 'Taylor', 'Male', '2017-11-26', 7, 'Italy', 'Passport', '204-41-0061', 'S04513', NULL, '001-610-547-8885x3040', 'kellywhite@example.net', '73181 Jesse Light Apt. 809, Krausefurt, NE 60713', 'Mary Rhodes', '001-622-509-0309x5820', 'None', 'A+');
INSERT INTO Patient (patientID, firstName, lastName, gender, dateOfBirth, age, nationality, idType, idNumber, studentId, staffId, contactNumber, email, address, emergencyContactName, emergencyContactNumber, allergies, bloodType) VALUES ('PT0011', 'Christopher', 'Gibson', 'Female', '1930-03-25', 95, 'Cambodia', 'IC', '161-11-6738', NULL, NULL, '001-972-471-3600', 'david58@example.com', '80848 Ross Fords Suite 306, Port Jillianburgh, MI 62954', 'Alexander Jackson', '870.555.8472x2403', 'Peanuts', 'A-');
INSERT INTO Patient (patientID, firstName, lastName, gender, dateOfBirth, age, nationality, idType, idNumber, studentId, staffId, contactNumber, email, address, emergencyContactName, emergencyContactNumber, allergies, bloodType) VALUES ('PT0012', 'Matthew', 'Swanson', 'Male', '1986-04-07', 39, 'United Arab Emirates', 'IC', '826-18-4412', 'S05231', NULL, '001-593-341-4402x491', 'traceyperez@example.com', '920 Norman Fork Suite 621, West Katherine, HI 40978', 'Stephen Robinson', '712-521-9023x53247', 'Latex', 'O+');
INSERT INTO Patient (patientID, firstName, lastName, gender, dateOfBirth, age, nationality, idType, idNumber, studentId, staffId, contactNumber, email, address, emergencyContactName, emergencyContactNumber, allergies, bloodType) VALUES ('PT0013', 'Daniel', 'Shields', 'Female', '1970-03-26', 55, 'Bahamas', 'IC', '300-30-0795', 'S02480', NULL, '(871)314-0519', 'smithvicki@example.com', '413 Margaret Summit Apt. 292, East Lisashire, WI 12059', 'Hayden Jones', '+1-640-791-2951x324', 'Latex', 'O+');
INSERT INTO Patient (patientID, firstName, lastName, gender, dateOfBirth, age, nationality, idType, idNumber, studentId, staffId, contactNumber, email, address, emergencyContactName, emergencyContactNumber, allergies, bloodType) VALUES ('PT0014', 'Daniel', 'Zhang', 'Female', '1950-01-26', 75, 'Moldova', 'Passport', '232-11-5221', 'S05346', 'ST8182', '+1-382-222-7540x1533', 'harriscarly@example.com', 'PSC 2523, Box 8493, APO AP 66084', 'Gavin Meadows', '903.997.9013x536', 'Peanuts', 'A+');
INSERT INTO Patient (patientID, firstName, lastName, gender, dateOfBirth, age, nationality, idType, idNumber, studentId, staffId, contactNumber, email, address, emergencyContactName, emergencyContactNumber, allergies, bloodType) VALUES ('PT0015', 'Alan', 'Ramirez', 'Male', '1981-11-13', 43, 'French Polynesia', 'IC', '442-12-7669', 'S00950', 'ST6444', '+1-366-829-3126x346', 'sandra23@example.com', '242 Allen Turnpike Suite 623, Joannfort, NH 95315', 'Jessica Reynolds', '+1-988-752-6314', 'Latex', 'O-');
INSERT INTO Patient (patientID, firstName, lastName, gender, dateOfBirth, age, nationality, idType, idNumber, studentId, staffId, contactNumber, email, address, emergencyContactName, emergencyContactNumber, allergies, bloodType) VALUES ('PT0016', 'Elizabeth', 'Hernandez', 'Male', '1940-07-12', 85, 'United Arab Emirates', 'Passport', '161-25-2863', 'S07386', 'ST0126', '557-993-5652x7154', 'geraldbeck@example.org', '4136 Beck Fields, South Davidstad, IA 16396', 'Melanie Schmitt', '276.657.9585x6936', 'Latex', 'A-');
INSERT INTO Patient (patientID, firstName, lastName, gender, dateOfBirth, age, nationality, idType, idNumber, studentId, staffId, contactNumber, email, address, emergencyContactName, emergencyContactNumber, allergies, bloodType) VALUES ('PT0017', 'Sarah', 'Wheeler', 'Male', '1957-10-25', 67, 'North Macedonia', 'Passport', '870-24-0146', NULL, NULL, '001-429-554-5679x644', 'qhoover@example.net', '387 David Pike, East Katherine, PA 20281', 'Hunter Stanley', '632.341.1688', 'Latex', 'AB-');
INSERT INTO Patient (patientID, firstName, lastName, gender, dateOfBirth, age, nationality, idType, idNumber, studentId, staffId, contactNumber, email, address, emergencyContactName, emergencyContactNumber, allergies, bloodType) VALUES ('PT0018', 'Sara', 'Moore', 'Male', '1973-01-22', 52, 'Ukraine', 'IC', '292-75-5266', NULL, NULL, '(301)860-0947', 'peterskristine@example.net', '847 Acosta Ridges Suite 416, Hallton, NY 32741', 'Lauren Davis', '7218695425', 'Peanuts', 'B-');
INSERT INTO Patient (patientID, firstName, lastName, gender, dateOfBirth, age, nationality, idType, idNumber, studentId, staffId, contactNumber, email, address, emergencyContactName, emergencyContactNumber, allergies, bloodType) VALUES ('PT0019', 'James', 'Parsons', 'Female', '1958-03-07', 67, 'Gambia', 'IC', '409-88-3816', 'S07627', NULL, '001-958-286-5712x05548', 'jonesjoe@example.net', '47715 Edward Row Apt. 643, East Brian, VI 79342', 'Kristen White', '935-205-9458', 'Penicillin', 'AB-');
INSERT INTO Patient (patientID, firstName, lastName, gender, dateOfBirth, age, nationality, idType, idNumber, studentId, staffId, contactNumber, email, address, emergencyContactName, emergencyContactNumber, allergies, bloodType) VALUES ('PT0020', 'Ashley', 'Edwards', 'Male', '2018-12-02', 6, 'Sudan', 'IC', '104-99-1795', 'S08478', 'ST4438', '001-686-864-5021', 'heatherwashington@example.com', '827 Ashley Row Apt. 712, Carrview, RI 94057', 'Hannah Lane', '729-577-9873', 'None', 'AB+');
INSERT INTO Appointment (appointmentID, patientID, appointmentTime, status) VALUES ('AP0001', 'PT0010', '2024-09-13 23:38:30.889069', 'Cancelled');
INSERT INTO Appointment (appointmentID, patientID, appointmentTime, status) VALUES ('AP0002', 'PT0020', '2024-10-01 23:55:35.344119', 'Cancelled');
INSERT INTO Appointment (appointmentID, patientID, appointmentTime, status) VALUES ('AP0003', 'PT0006', '2025-04-08 19:35:52.132989', 'Scheduled');
INSERT INTO Appointment (appointmentID, patientID, appointmentTime, status) VALUES ('AP0004', 'PT0016', '2025-05-05 01:01:08.253686', 'Cancelled');
INSERT INTO Appointment (appointmentID, patientID, appointmentTime, status) VALUES ('AP0005', 'PT0002', '2025-03-19 15:21:26.229811', 'Scheduled');
INSERT INTO Appointment (appointmentID, patientID, appointmentTime, status) VALUES ('AP0006', 'PT0004', '2025-03-12 11:16:09.164907', 'Scheduled');
INSERT INTO Appointment (appointmentID, patientID, appointmentTime, status) VALUES ('AP0007', 'PT0011', '2025-04-27 18:32:09.035286', 'Scheduled');
INSERT INTO Appointment (appointmentID, patientID, appointmentTime, status) VALUES ('AP0008', 'PT0019', '2025-05-23 17:23:03.704686', 'Scheduled');
INSERT INTO Appointment (appointmentID, patientID, appointmentTime, status) VALUES ('AP0009', 'PT0004', '2024-09-19 09:27:45.249915', 'Completed');
INSERT INTO Appointment (appointmentID, patientID, appointmentTime, status) VALUES ('AP0010', 'PT0019', '2024-11-19 15:27:22.947339', 'Cancelled');
INSERT INTO Appointment (appointmentID, patientID, appointmentTime, status) VALUES ('AP0011', 'PT0013', '2024-12-08 00:21:33.011844', 'Completed');
INSERT INTO Appointment (appointmentID, patientID, appointmentTime, status) VALUES ('AP0012', 'PT0003', '2024-12-14 03:37:28.080269', 'Completed');
INSERT INTO Appointment (appointmentID, patientID, appointmentTime, status) VALUES ('AP0013', 'PT0010', '2024-11-16 05:45:34.472176', 'Scheduled');
INSERT INTO Appointment (appointmentID, patientID, appointmentTime, status) VALUES ('AP0014', 'PT0007', '2024-12-20 18:48:05.626539', 'Cancelled');
INSERT INTO Appointment (appointmentID, patientID, appointmentTime, status) VALUES ('AP0015', 'PT0003', '2025-03-22 20:44:29.991857', 'Completed');
INSERT INTO Appointment (appointmentID, patientID, appointmentTime, status) VALUES ('AP0016', 'PT0003', '2025-05-09 07:21:02.252766', 'Scheduled');
INSERT INTO Appointment (appointmentID, patientID, appointmentTime, status) VALUES ('AP0017', 'PT0019', '2024-09-03 08:48:35.223078', 'Completed');
INSERT INTO Appointment (appointmentID, patientID, appointmentTime, status) VALUES ('AP0018', 'PT0008', '2024-12-07 23:03:39.088192', 'Cancelled');
INSERT INTO Appointment (appointmentID, patientID, appointmentTime, status) VALUES ('AP0019', 'PT0003', '2024-08-24 18:05:13.522374', 'Cancelled');
INSERT INTO Appointment (appointmentID, patientID, appointmentTime, status) VALUES ('AP0020', 'PT0007', '2024-08-11 20:10:11.265816', 'Cancelled');
INSERT INTO Appointment (appointmentID, patientID, appointmentTime, status) VALUES ('AP0021', 'PT0005', '2024-11-28 16:29:59.243933', 'Cancelled');
INSERT INTO Appointment (appointmentID, patientID, appointmentTime, status) VALUES ('AP0022', 'PT0018', '2025-05-27 18:52:04.176643', 'Scheduled');
INSERT INTO Appointment (appointmentID, patientID, appointmentTime, status) VALUES ('AP0023', 'PT0003', '2025-03-14 04:20:43.425241', 'Completed');
INSERT INTO Appointment (appointmentID, patientID, appointmentTime, status) VALUES ('AP0024', 'PT0001', '2025-03-21 16:50:26.139584', 'Scheduled');
INSERT INTO Appointment (appointmentID, patientID, appointmentTime, status) VALUES ('AP0025', 'PT0017', '2025-07-13 13:33:14.616429', 'Scheduled');
INSERT INTO Appointment (appointmentID, patientID, appointmentTime, status) VALUES ('AP0026', 'PT0010', '2025-04-30 22:55:16.895528', 'Completed');
INSERT INTO Appointment (appointmentID, patientID, appointmentTime, status) VALUES ('AP0027', 'PT0008', '2025-06-23 22:59:44.773274', 'Completed');
INSERT INTO Appointment (appointmentID, patientID, appointmentTime, status) VALUES ('AP0028', 'PT0012', '2025-01-01 08:40:27.120556', 'Completed');
INSERT INTO Appointment (appointmentID, patientID, appointmentTime, status) VALUES ('AP0029', 'PT0015', '2025-04-12 05:21:00.394849', 'Completed');
INSERT INTO Appointment (appointmentID, patientID, appointmentTime, status) VALUES ('AP0030', 'PT0008', '2025-03-13 00:39:03.882506', 'Scheduled');
INSERT INTO Appointment (appointmentID, patientID, appointmentTime, status) VALUES ('AP0031', 'PT0011', '2025-07-09 19:21:33.931545', 'Completed');
INSERT INTO Appointment (appointmentID, patientID, appointmentTime, status) VALUES ('AP0032', 'PT0015', '2025-07-01 23:11:22.159549', 'Completed');
INSERT INTO Appointment (appointmentID, patientID, appointmentTime, status) VALUES ('AP0033', 'PT0009', '2025-03-11 05:31:05.917485', 'Completed');
INSERT INTO Appointment (appointmentID, patientID, appointmentTime, status) VALUES ('AP0034', 'PT0007', '2025-05-31 14:18:00.442863', 'Scheduled');
INSERT INTO Appointment (appointmentID, patientID, appointmentTime, status) VALUES ('AP0035', 'PT0001', '2025-07-21 08:50:34.820229', 'Cancelled');
INSERT INTO Appointment (appointmentID, patientID, appointmentTime, status) VALUES ('AP0036', 'PT0014', '2025-01-07 10:08:47.189228', 'Cancelled');
INSERT INTO Appointment (appointmentID, patientID, appointmentTime, status) VALUES ('AP0037', 'PT0009', '2025-06-29 02:16:06.478531', 'Completed');
INSERT INTO Appointment (appointmentID, patientID, appointmentTime, status) VALUES ('AP0038', 'PT0001', '2024-09-12 22:57:55.253483', 'Cancelled');
INSERT INTO Appointment (appointmentID, patientID, appointmentTime, status) VALUES ('AP0039', 'PT0007', '2025-03-25 02:51:30.456454', 'Cancelled');
INSERT INTO Appointment (appointmentID, patientID, appointmentTime, status) VALUES ('AP0040', 'PT0001', '2024-09-21 05:37:18.890861', 'Scheduled');
INSERT INTO Appointment (appointmentID, patientID, appointmentTime, status) VALUES ('AP0041', 'PT0012', '2025-01-23 10:00:21.012751', 'Completed');
INSERT INTO Appointment (appointmentID, patientID, appointmentTime, status) VALUES ('AP0042', 'PT0009', '2024-10-17 03:36:58.783988', 'Scheduled');
INSERT INTO Appointment (appointmentID, patientID, appointmentTime, status) VALUES ('AP0043', 'PT0020', '2024-08-26 18:30:51.569389', 'Completed');
INSERT INTO Appointment (appointmentID, patientID, appointmentTime, status) VALUES ('AP0044', 'PT0006', '2024-11-27 15:14:59.539366', 'Scheduled');
INSERT INTO Appointment (appointmentID, patientID, appointmentTime, status) VALUES ('AP0045', 'PT0016', '2025-03-30 16:02:35.967648', 'Cancelled');
INSERT INTO Appointment (appointmentID, patientID, appointmentTime, status) VALUES ('AP0046', 'PT0010', '2025-05-09 17:11:49.619829', 'Scheduled');
INSERT INTO Appointment (appointmentID, patientID, appointmentTime, status) VALUES ('AP0047', 'PT0015', '2025-01-30 21:07:11.311268', 'Cancelled');
INSERT INTO Appointment (appointmentID, patientID, appointmentTime, status) VALUES ('AP0048', 'PT0007', '2024-09-29 00:49:50.524561', 'Cancelled');
INSERT INTO Appointment (appointmentID, patientID, appointmentTime, status) VALUES ('AP0049', 'PT0009', '2024-09-23 16:13:13.556811', 'Completed');
INSERT INTO Appointment (appointmentID, patientID, appointmentTime, status) VALUES ('AP0050', 'PT0007', '2024-11-16 11:02:13.552351', 'Cancelled');
INSERT INTO Consultation (consultationID, patientID, doctorID, staffID, billID, symptoms, diagnosis, consultationDate, checkInTime, isFollowUpRequired, followUpDate, status, mcID, startDate, endDate) VALUES ('MC0001', 'PT0015', 'ST0006', 'STF0010', 'BI0008', 'Back pain', 'Diabetes', '2025-01-19', '2025-01-19 09:00:00', False, NULL, 'Completed', 'MC-0003', '2025-01-19', '2025-01-20');
INSERT INTO Consultation (consultationID, patientID, doctorID, staffID, billID, symptoms, diagnosis, consultationDate, checkInTime, isFollowUpRequired, followUpDate, status, mcID, startDate, endDate) VALUES ('MC0002', 'PT0020', 'ST0004', 'STF0009', 'BI0010', 'Headache', 'Healthy', '2024-12-06', '2024-12-06 15:00:00', True, '2024-12-30', 'Completed', 'MC-0007', '2024-12-06', '2024-12-10');
INSERT INTO Consultation (consultationID, patientID, doctorID, staffID, billID, symptoms, diagnosis, consultationDate, checkInTime, isFollowUpRequired, followUpDate, status, mcID, startDate, endDate) VALUES ('MC0003', 'PT0014', 'ST0006', 'STF0009', 'BI0002', 'Back pain', 'Diabetes', '2024-12-11', '2024-12-11 08:00:00', False, NULL, 'Cancelled', 'MC-0009', '2024-12-11', '2024-12-16');
INSERT INTO Consultation (consultationID, patientID, doctorID, staffID, billID, symptoms, diagnosis, consultationDate, checkInTime, isFollowUpRequired, followUpDate, status, mcID, startDate, endDate) VALUES ('MC0004', 'PT0013', 'ST0010', 'STF0010', 'BI0009', 'Nausea', 'Flu', '2024-10-30', '2024-10-30 14:00:00', False, NULL, 'Scheduled', 'MC-0008', '2024-10-30', '2024-11-03');
INSERT INTO Consultation (consultationID, patientID, doctorID, staffID, billID, symptoms, diagnosis, consultationDate, checkInTime, isFollowUpRequired, followUpDate, status, mcID, startDate, endDate) VALUES ('MC0005', 'PT0020', 'ST0001', 'STF0005', 'BI0007', 'Back pain', 'Healthy', '2024-07-24', '2024-07-24 13:00:00', False, NULL, 'Completed', 'MC-0004', '2024-07-24', '2024-07-25');
INSERT INTO Consultation (consultationID, patientID, doctorID, staffID, billID, symptoms, diagnosis, consultationDate, checkInTime, isFollowUpRequired, followUpDate, status, mcID, startDate, endDate) VALUES ('MC0006', 'PT0011', 'ST0005', 'STF0010', 'BI0007', 'Nausea', 'Hypertension', '2024-11-15', '2024-11-15 16:00:00', False, NULL, 'Scheduled', 'MC-0004', '2024-11-15', '2024-11-18');
INSERT INTO Consultation (consultationID, patientID, doctorID, staffID, billID, symptoms, diagnosis, consultationDate, checkInTime, isFollowUpRequired, followUpDate, status, mcID, startDate, endDate) VALUES ('MC0007', 'PT0019', 'ST0005', 'STF0005', 'BI0005', 'Back pain', 'Healthy', '2024-09-16', '2024-09-16 13:00:00', False, NULL, 'Scheduled', 'MC-0001', '2024-09-16', '2024-09-17');
INSERT INTO Consultation (consultationID, patientID, doctorID, staffID, billID, symptoms, diagnosis, consultationDate, checkInTime, isFollowUpRequired, followUpDate, status, mcID, startDate, endDate) VALUES ('MC0008', 'PT0011', 'ST0006', 'STF0002', 'BI0001', 'Headache', 'Cold', '2024-08-26', '2024-08-26 11:00:00', True, '2024-08-31', 'Scheduled', 'MC-0003', '2024-08-26', '2024-08-30');
INSERT INTO Consultation (consultationID, patientID, doctorID, staffID, billID, symptoms, diagnosis, consultationDate, checkInTime, isFollowUpRequired, followUpDate, status, mcID, startDate, endDate) VALUES ('MC0009', 'PT0011', 'ST0004', 'STF0001', 'BI0002', 'Fever', 'Healthy', '2025-05-29', '2025-05-29 16:00:00', False, NULL, 'Cancelled', 'MC-0002', '2025-05-29', '2025-06-02');
INSERT INTO Consultation (consultationID, patientID, doctorID, staffID, billID, symptoms, diagnosis, consultationDate, checkInTime, isFollowUpRequired, followUpDate, status, mcID, startDate, endDate) VALUES ('MC0010', 'PT0011', 'ST0010', 'STF0004', 'BI0002', 'Fever', 'Healthy', '2024-08-25', '2024-08-25 11:00:00', True, '2024-08-27', 'Scheduled', 'MC-0010', '2024-08-25', '2024-08-26');
INSERT INTO Consultation (consultationID, patientID, doctorID, staffID, billID, symptoms, diagnosis, consultationDate, checkInTime, isFollowUpRequired, followUpDate, status, mcID, startDate, endDate) VALUES ('MC0011', 'PT0003', 'ST0010', 'STF0006', 'BI0010', 'Nausea', 'Hypertension', '2025-03-16', '2025-03-16 15:00:00', True, '2025-04-13', 'Scheduled', 'MC-0003', '2025-03-16', '2025-03-19');
INSERT INTO Consultation (consultationID, patientID, doctorID, staffID, billID, symptoms, diagnosis, consultationDate, checkInTime, isFollowUpRequired, followUpDate, status, mcID, startDate, endDate) VALUES ('MC0012', 'PT0009', 'ST0004', 'STF0007', 'BI0008', 'Back pain', 'Cold', '2024-11-02', '2024-11-02 12:00:00', False, NULL, 'Completed', 'MC-0001', '2024-11-02', '2024-11-03');
INSERT INTO Consultation (consultationID, patientID, doctorID, staffID, billID, symptoms, diagnosis, consultationDate, checkInTime, isFollowUpRequired, followUpDate, status, mcID, startDate, endDate) VALUES ('MC0013', 'PT0003', 'ST0004', 'STF0007', 'BI0007', 'Back pain', 'Hypertension', '2024-11-05', '2024-11-05 08:00:00', True, '2024-12-02', 'Cancelled', 'MC-0010', '2024-11-05', '2024-11-07');
INSERT INTO Consultation (consultationID, patientID, doctorID, staffID, billID, symptoms, diagnosis, consultationDate, checkInTime, isFollowUpRequired, followUpDate, status, mcID, startDate, endDate) VALUES ('MC0014', 'PT0020', 'ST0004', 'STF0004', 'BI0004', 'Back pain', 'Hypertension', '2024-08-23', '2024-08-23 15:00:00', False, NULL, 'Cancelled', 'MC-0009', '2024-08-23', '2024-08-27');
INSERT INTO Consultation (consultationID, patientID, doctorID, staffID, billID, symptoms, diagnosis, consultationDate, checkInTime, isFollowUpRequired, followUpDate, status, mcID, startDate, endDate) VALUES ('MC0015', 'PT0001', 'ST0005', 'STF0009', 'BI0002', 'Headache', 'Cold', '2024-08-05', '2024-08-05 14:00:00', True, '2024-08-14', 'Completed', 'MC-0009', '2024-08-05', '2024-08-10');
INSERT INTO Consultation (consultationID, patientID, doctorID, staffID, billID, symptoms, diagnosis, consultationDate, checkInTime, isFollowUpRequired, followUpDate, status, mcID, startDate, endDate) VALUES ('MC0016', 'PT0012', 'ST0004', 'STF0001', 'BI0008', 'Fever', 'Flu', '2024-11-24', '2024-11-24 08:00:00', False, NULL, 'Cancelled', 'MC-0010', '2024-11-24', '2024-11-27');
INSERT INTO Consultation (consultationID, patientID, doctorID, staffID, billID, symptoms, diagnosis, consultationDate, checkInTime, isFollowUpRequired, followUpDate, status, mcID, startDate, endDate) VALUES ('MC0017', 'PT0010', 'ST0004', 'STF0009', 'BI0002', 'Headache', 'Flu', '2025-02-24', '2025-02-24 13:00:00', True, '2025-03-17', 'Cancelled', 'MC-0010', '2025-02-24', '2025-03-01');
INSERT INTO Consultation (consultationID, patientID, doctorID, staffID, billID, symptoms, diagnosis, consultationDate, checkInTime, isFollowUpRequired, followUpDate, status, mcID, startDate, endDate) VALUES ('MC0018', 'PT0013', 'ST0006', 'STF0002', 'BI0003', 'Cough', 'Healthy', '2024-08-31', '2024-08-31 14:00:00', True, '2024-09-12', 'Cancelled', 'MC-0003', '2024-08-31', '2024-09-03');
INSERT INTO Consultation (consultationID, patientID, doctorID, staffID, billID, symptoms, diagnosis, consultationDate, checkInTime, isFollowUpRequired, followUpDate, status, mcID, startDate, endDate) VALUES ('MC0019', 'PT0007', 'ST0006', 'STF0003', 'BI0004', 'Fever', 'Diabetes', '2025-06-30', '2025-06-30 16:00:00', True, '2025-07-02', 'Scheduled', 'MC-0003', '2025-06-30', '2025-07-04');
INSERT INTO Consultation (consultationID, patientID, doctorID, staffID, billID, symptoms, diagnosis, consultationDate, checkInTime, isFollowUpRequired, followUpDate, status, mcID, startDate, endDate) VALUES ('MC0020', 'PT0005', 'ST0005', 'STF0005', 'BI0007', 'Cough', 'Cold', '2024-11-21', '2024-11-21 14:00:00', True, '2024-12-13', 'Cancelled', 'MC-0005', '2024-11-21', '2024-11-25');
INSERT INTO Consultation (consultationID, patientID, doctorID, staffID, billID, symptoms, diagnosis, consultationDate, checkInTime, isFollowUpRequired, followUpDate, status, mcID, startDate, endDate) VALUES ('MC0021', 'PT0010', 'ST0006', 'STF0004', 'BI0009', 'Headache', 'Cold', '2024-10-13', '2024-10-13 15:00:00', False, NULL, 'Scheduled', 'MC-0001', '2024-10-13', '2024-10-17');
INSERT INTO Consultation (consultationID, patientID, doctorID, staffID, billID, symptoms, diagnosis, consultationDate, checkInTime, isFollowUpRequired, followUpDate, status, mcID, startDate, endDate) VALUES ('MC0022', 'PT0001', 'ST0001', 'STF0001', 'BI0006', 'Headache', 'Cold', '2025-05-25', '2025-05-25 14:00:00', False, NULL, 'Completed', 'MC-0002', '2025-05-25', '2025-05-26');
INSERT INTO Consultation (consultationID, patientID, doctorID, staffID, billID, symptoms, diagnosis, consultationDate, checkInTime, isFollowUpRequired, followUpDate, status, mcID, startDate, endDate) VALUES ('MC0023', 'PT0012', 'ST0010', 'STF0002', 'BI0006', 'Fever', 'Hypertension', '2025-04-26', '2025-04-26 08:00:00', True, '2025-04-28', 'Completed', 'MC-0007', '2025-04-26', '2025-04-29');
INSERT INTO Consultation (consultationID, patientID, doctorID, staffID, billID, symptoms, diagnosis, consultationDate, checkInTime, isFollowUpRequired, followUpDate, status, mcID, startDate, endDate) VALUES ('MC0024', 'PT0013', 'ST0001', 'STF0010', 'BI0001', 'Headache', 'Flu', '2025-05-21', '2025-05-21 15:00:00', False, NULL, 'Scheduled', 'MC-0001', '2025-05-21', '2025-05-24');
INSERT INTO Consultation (consultationID, patientID, doctorID, staffID, billID, symptoms, diagnosis, consultationDate, checkInTime, isFollowUpRequired, followUpDate, status, mcID, startDate, endDate) VALUES ('MC0025', 'PT0018', 'ST0006', 'STF0002', 'BI0004', 'Headache', 'Cold', '2025-05-03', '2025-05-03 16:00:00', True, '2025-05-07', 'Scheduled', 'MC-0010', '2025-05-03', '2025-05-07');
INSERT INTO Consultation (consultationID, patientID, doctorID, staffID, billID, symptoms, diagnosis, consultationDate, checkInTime, isFollowUpRequired, followUpDate, status, mcID, startDate, endDate) VALUES ('MC0026', 'PT0006', 'ST0010', 'STF0006', 'BI0002', 'Fever', 'Flu', '2025-07-09', '2025-07-09 16:00:00', True, '2025-07-10', 'Scheduled', 'MC-0004', '2025-07-09', '2025-07-14');
INSERT INTO Consultation (consultationID, patientID, doctorID, staffID, billID, symptoms, diagnosis, consultationDate, checkInTime, isFollowUpRequired, followUpDate, status, mcID, startDate, endDate) VALUES ('MC0027', 'PT0003', 'ST0010', 'STF0006', 'BI0003', 'Back pain', 'Hypertension', '2025-05-07', '2025-05-07 16:00:00', True, '2025-05-21', 'Cancelled', 'MC-0009', '2025-05-07', '2025-05-12');
INSERT INTO Consultation (consultationID, patientID, doctorID, staffID, billID, symptoms, diagnosis, consultationDate, checkInTime, isFollowUpRequired, followUpDate, status, mcID, startDate, endDate) VALUES ('MC0028', 'PT0010', 'ST0001', 'STF0010', 'BI0009', 'Fever', 'Healthy', '2025-06-11', '2025-06-11 09:00:00', False, NULL, 'Scheduled', 'MC-0004', '2025-06-11', '2025-06-13');
INSERT INTO Consultation (consultationID, patientID, doctorID, staffID, billID, symptoms, diagnosis, consultationDate, checkInTime, isFollowUpRequired, followUpDate, status, mcID, startDate, endDate) VALUES ('MC0029', 'PT0019', 'ST0004', 'STF0009', 'BI0004', 'Cough', 'Healthy', '2025-03-07', '2025-03-07 15:00:00', False, NULL, 'Cancelled', 'MC-0006', '2025-03-07', '2025-03-10');
INSERT INTO Consultation (consultationID, patientID, doctorID, staffID, billID, symptoms, diagnosis, consultationDate, checkInTime, isFollowUpRequired, followUpDate, status, mcID, startDate, endDate) VALUES ('MC0030', 'PT0014', 'ST0005', 'STF0004', 'BI0004', 'Nausea', 'Healthy', '2024-09-14', '2024-09-14 14:00:00', False, NULL, 'Scheduled', 'MC-0001', '2024-09-14', '2024-09-16');
INSERT INTO Consultation (consultationID, patientID, doctorID, staffID, billID, symptoms, diagnosis, consultationDate, checkInTime, isFollowUpRequired, followUpDate, status, mcID, startDate, endDate) VALUES ('MC0031', 'PT0012', 'ST0006', 'STF0008', 'BI0010', 'Back pain', 'Hypertension', '2024-08-18', '2024-08-18 11:00:00', True, '2024-09-06', 'Cancelled', 'MC-0005', '2024-08-18', '2024-08-20');
INSERT INTO Consultation (consultationID, patientID, doctorID, staffID, billID, symptoms, diagnosis, consultationDate, checkInTime, isFollowUpRequired, followUpDate, status, mcID, startDate, endDate) VALUES ('MC0032', 'PT0014', 'ST0001', 'STF0006', 'BI0007', 'Headache', 'Flu', '2025-01-19', '2025-01-19 09:00:00', True, '2025-01-29', 'Completed', 'MC-0004', '2025-01-19', '2025-01-24');
INSERT INTO Consultation (consultationID, patientID, doctorID, staffID, billID, symptoms, diagnosis, consultationDate, checkInTime, isFollowUpRequired, followUpDate, status, mcID, startDate, endDate) VALUES ('MC0033', 'PT0012', 'ST0010', 'STF0003', 'BI0010', 'Nausea', 'Flu', '2024-11-27', '2024-11-27 09:00:00', False, NULL, 'Scheduled', 'MC-0004', '2024-11-27', '2024-11-30');
INSERT INTO Consultation (consultationID, patientID, doctorID, staffID, billID, symptoms, diagnosis, consultationDate, checkInTime, isFollowUpRequired, followUpDate, status, mcID, startDate, endDate) VALUES ('MC0034', 'PT0009', 'ST0001', 'STF0005', 'BI0001', 'Nausea', 'Diabetes', '2024-12-04', '2024-12-04 09:00:00', True, '2024-12-23', 'Scheduled', 'MC-0008', '2024-12-04', '2024-12-05');
INSERT INTO Consultation (consultationID, patientID, doctorID, staffID, billID, symptoms, diagnosis, consultationDate, checkInTime, isFollowUpRequired, followUpDate, status, mcID, startDate, endDate) VALUES ('MC0035', 'PT0011', 'ST0006', 'STF0008', 'BI0007', 'Fever', 'Diabetes', '2025-04-08', '2025-04-08 11:00:00', False, NULL, 'Cancelled', 'MC-0009', '2025-04-08', '2025-04-12');
INSERT INTO Consultation (consultationID, patientID, doctorID, staffID, billID, symptoms, diagnosis, consultationDate, checkInTime, isFollowUpRequired, followUpDate, status, mcID, startDate, endDate) VALUES ('MC0036', 'PT0018', 'ST0006', 'STF0004', 'BI0005', 'Fever', 'Healthy', '2024-10-11', '2024-10-11 16:00:00', True, '2024-10-19', 'Scheduled', 'MC-0003', '2024-10-11', '2024-10-16');
INSERT INTO Consultation (consultationID, patientID, doctorID, staffID, billID, symptoms, diagnosis, consultationDate, checkInTime, isFollowUpRequired, followUpDate, status, mcID, startDate, endDate) VALUES ('MC0037', 'PT0019', 'ST0010', 'STF0005', 'BI0003', 'Headache', 'Cold', '2025-04-22', '2025-04-22 10:00:00', False, NULL, 'Cancelled', 'MC-0007', '2025-04-22', '2025-04-25');
INSERT INTO Consultation (consultationID, patientID, doctorID, staffID, billID, symptoms, diagnosis, consultationDate, checkInTime, isFollowUpRequired, followUpDate, status, mcID, startDate, endDate) VALUES ('MC0038', 'PT0001', 'ST0010', 'STF0006', 'BI0001', 'Headache', 'Hypertension', '2025-02-21', '2025-02-21 13:00:00', True, '2025-03-21', 'Scheduled', 'MC-0002', '2025-02-21', '2025-02-26');
INSERT INTO Consultation (consultationID, patientID, doctorID, staffID, billID, symptoms, diagnosis, consultationDate, checkInTime, isFollowUpRequired, followUpDate, status, mcID, startDate, endDate) VALUES ('MC0039', 'PT0015', 'ST0004', 'STF0009', 'BI0005', 'Headache', 'Cold', '2025-03-17', '2025-03-17 09:00:00', False, NULL, 'Cancelled', 'MC-0003', '2025-03-17', '2025-03-22');
INSERT INTO Consultation (consultationID, patientID, doctorID, staffID, billID, symptoms, diagnosis, consultationDate, checkInTime, isFollowUpRequired, followUpDate, status, mcID, startDate, endDate) VALUES ('MC0040', 'PT0011', 'ST0004', 'STF0008', 'BI0009', 'Fever', 'Flu', '2024-07-27', '2024-07-27 08:00:00', True, '2024-08-26', 'Scheduled', 'MC-0005', '2024-07-27', '2024-07-30');
INSERT INTO Medicine (medicineID, medicineName, description, totalStock, reorderLevel, sellingPrice) VALUES ('ME0001', 'OccurMed', 'All watch bring call follow stand reason.', 62, 27, 98.22);
INSERT INTO Medicine (medicineID, medicineName, description, totalStock, reorderLevel, sellingPrice) VALUES ('ME0002', 'EachMed', 'Reason relationship reason avoid drop apply.', 77, 29, 8.36);
INSERT INTO Medicine (medicineID, medicineName, description, totalStock, reorderLevel, sellingPrice) VALUES ('ME0003', 'FootMed', 'Wait require little baby side.', 129, 15, 78.01);
INSERT INTO Medicine (medicineID, medicineName, description, totalStock, reorderLevel, sellingPrice) VALUES ('ME0004', 'HumanMed', 'Site voice another language allow.', 127, 21, 13.44);
INSERT INTO Medicine (medicineID, medicineName, description, totalStock, reorderLevel, sellingPrice) VALUES ('ME0005', 'CameraMed', 'Media natural citizen.', 71, 10, 70.26);
INSERT INTO Medicine (medicineID, medicineName, description, totalStock, reorderLevel, sellingPrice) VALUES ('ME0006', 'SomethingMed', 'Research very technology entire item.', 160, 28, 77.56);
INSERT INTO Medicine (medicineID, medicineName, description, totalStock, reorderLevel, sellingPrice) VALUES ('ME0007', 'ChargeMed', 'Four reduce religious forward last whose husband.', 136, 11, 54.78);
INSERT INTO Medicine (medicineID, medicineName, description, totalStock, reorderLevel, sellingPrice) VALUES ('ME0008', 'SurfaceMed', 'Teacher evening forget tax black.', 57, 18, 6.98);
INSERT INTO Medicine (medicineID, medicineName, description, totalStock, reorderLevel, sellingPrice) VALUES ('ME0009', 'AcceptMed', 'Catch message bag television job again sea.', 105, 10, 62.37);
INSERT INTO Medicine (medicineID, medicineName, description, totalStock, reorderLevel, sellingPrice) VALUES ('ME0010', 'PlantMed', 'Red call check yet fire we research.', 196, 23, 7.49);
INSERT INTO Medicine (medicineID, medicineName, description, totalStock, reorderLevel, sellingPrice) VALUES ('ME0011', 'CertainMed', 'American go student that yet check.', 75, 22, 29.11);
INSERT INTO Medicine (medicineID, medicineName, description, totalStock, reorderLevel, sellingPrice) VALUES ('ME0012', 'StoreMed', 'Never eight simple evidence executive.', 53, 29, 8.69);
INSERT INTO Medicine (medicineID, medicineName, description, totalStock, reorderLevel, sellingPrice) VALUES ('ME0013', 'PopulationMed', 'Choose capital man take social address.', 135, 13, 36.85);
INSERT INTO Medicine (medicineID, medicineName, description, totalStock, reorderLevel, sellingPrice) VALUES ('ME0014', 'HelpMed', 'Book like between record.', 96, 26, 77.78);
INSERT INTO Medicine (medicineID, medicineName, description, totalStock, reorderLevel, sellingPrice) VALUES ('ME0015', 'YouMed', 'Degree character choose itself central.', 63, 27, 55.88);
INSERT INTO Prescription (prescriptionID, consultationID, medicineID, description, dosage, instruction, servingPerDay, price, dosageUnit) VALUES ('PR0001', 'MC0037', 'ME0011', 'Music nature suddenly.', 3, 1, 4, 48.96, 'mg');
INSERT INTO Prescription (prescriptionID, consultationID, medicineID, description, dosage, instruction, servingPerDay, price, dosageUnit) VALUES ('PR0002', 'MC0002', 'ME0015', 'First agency make high road show there.', 2, 2, 3, 17.29, 'tablet');
INSERT INTO Prescription (prescriptionID, consultationID, medicineID, description, dosage, instruction, servingPerDay, price, dosageUnit) VALUES ('PR0003', 'MC0017', 'ME0015', 'Ten military raise for.', 3, 3, 2, 36.5, 'capsule');
INSERT INTO Prescription (prescriptionID, consultationID, medicineID, description, dosage, instruction, servingPerDay, price, dosageUnit) VALUES ('PR0004', 'MC0013', 'ME0004', 'Maybe security civil under light between.', 3, 1, 3, 32.45, 'capsule');
INSERT INTO Prescription (prescriptionID, consultationID, medicineID, description, dosage, instruction, servingPerDay, price, dosageUnit) VALUES ('PR0005', 'MC0038', 'ME0014', 'Herself market bit.', 3, 1, 1, 13.04, 'ml');
INSERT INTO Prescription (prescriptionID, consultationID, medicineID, description, dosage, instruction, servingPerDay, price, dosageUnit) VALUES ('PR0006', 'MC0033', 'ME0009', 'Adult record cultural military let fund.', 1, 1, 3, 20.78, 'ml');
INSERT INTO Prescription (prescriptionID, consultationID, medicineID, description, dosage, instruction, servingPerDay, price, dosageUnit) VALUES ('PR0007', 'MC0009', 'ME0009', 'Environmental feel early TV.', 2, 3, 4, 40.11, 'capsule');
INSERT INTO Prescription (prescriptionID, consultationID, medicineID, description, dosage, instruction, servingPerDay, price, dosageUnit) VALUES ('PR0008', 'MC0028', 'ME0005', 'Employee line federal claim tell magazine land.', 1, 2, 4, 21.61, 'tablet');
INSERT INTO Prescription (prescriptionID, consultationID, medicineID, description, dosage, instruction, servingPerDay, price, dosageUnit) VALUES ('PR0009', 'MC0012', 'ME0004', 'Another who smile always outside.', 1, 5, 4, 22.59, 'mg');
INSERT INTO Prescription (prescriptionID, consultationID, medicineID, description, dosage, instruction, servingPerDay, price, dosageUnit) VALUES ('PR0010', 'MC0009', 'ME0003', 'Million body military easy chance arrive others.', 2, 3, 3, 44.31, 'ml');
INSERT INTO Prescription (prescriptionID, consultationID, medicineID, description, dosage, instruction, servingPerDay, price, dosageUnit) VALUES ('PR0011', 'MC0002', 'ME0005', 'Next check city team material season rule thank.', 1, 1, 4, 15.21, 'tablet');
INSERT INTO Prescription (prescriptionID, consultationID, medicineID, description, dosage, instruction, servingPerDay, price, dosageUnit) VALUES ('PR0012', 'MC0002', 'ME0011', 'Media mission term listen must ball.', 1, 5, 3, 30.18, 'mg');
INSERT INTO Prescription (prescriptionID, consultationID, medicineID, description, dosage, instruction, servingPerDay, price, dosageUnit) VALUES ('PR0013', 'MC0028', 'ME0010', 'Fish grow deal door.', 3, 2, 4, 10.97, 'tablet');
INSERT INTO Prescription (prescriptionID, consultationID, medicineID, description, dosage, instruction, servingPerDay, price, dosageUnit) VALUES ('PR0014', 'MC0024', 'ME0001', 'Other real themselves doctor for itself learn.', 1, 3, 1, 21.11, 'capsule');
INSERT INTO Prescription (prescriptionID, consultationID, medicineID, description, dosage, instruction, servingPerDay, price, dosageUnit) VALUES ('PR0015', 'MC0004', 'ME0011', 'Shoulder about between.', 3, 5, 2, 33.84, 'ml');
INSERT INTO Prescription (prescriptionID, consultationID, medicineID, description, dosage, instruction, servingPerDay, price, dosageUnit) VALUES ('PR0016', 'MC0020', 'ME0013', 'College record future society blood.', 1, 3, 2, 32.61, 'mg');
INSERT INTO Prescription (prescriptionID, consultationID, medicineID, description, dosage, instruction, servingPerDay, price, dosageUnit) VALUES ('PR0017', 'MC0022', 'ME0006', 'Best air more college other possible.', 2, 1, 2, 22.03, 'ml');
INSERT INTO Prescription (prescriptionID, consultationID, medicineID, description, dosage, instruction, servingPerDay, price, dosageUnit) VALUES ('PR0018', 'MC0027', 'ME0011', 'Money card culture about must.', 2, 3, 4, 21.29, 'ml');
INSERT INTO Prescription (prescriptionID, consultationID, medicineID, description, dosage, instruction, servingPerDay, price, dosageUnit) VALUES ('PR0019', 'MC0015', 'ME0011', 'City among truth able.', 3, 1, 3, 47.75, 'capsule');
INSERT INTO Prescription (prescriptionID, consultationID, medicineID, description, dosage, instruction, servingPerDay, price, dosageUnit) VALUES ('PR0020', 'MC0001', 'ME0014', 'More involve local measure suddenly above.', 2, 4, 2, 20.45, 'mg');
INSERT INTO Prescription (prescriptionID, consultationID, medicineID, description, dosage, instruction, servingPerDay, price, dosageUnit) VALUES ('PR0021', 'MC0020', 'ME0004', 'Up with build enjoy eat.', 1, 1, 2, 8.3, 'tablet');
INSERT INTO Prescription (prescriptionID, consultationID, medicineID, description, dosage, instruction, servingPerDay, price, dosageUnit) VALUES ('PR0022', 'MC0019', 'ME0013', 'Blood size occur third ground station success.', 3, 4, 1, 11.28, 'ml');
INSERT INTO Prescription (prescriptionID, consultationID, medicineID, description, dosage, instruction, servingPerDay, price, dosageUnit) VALUES ('PR0023', 'MC0007', 'ME0014', 'Far baby simple cut simple attention board.', 1, 3, 4, 31.92, 'capsule');
INSERT INTO Prescription (prescriptionID, consultationID, medicineID, description, dosage, instruction, servingPerDay, price, dosageUnit) VALUES ('PR0024', 'MC0007', 'ME0015', 'Want situation despite certain difference why.', 1, 1, 3, 44.1, 'tablet');
INSERT INTO Prescription (prescriptionID, consultationID, medicineID, description, dosage, instruction, servingPerDay, price, dosageUnit) VALUES ('PR0025', 'MC0027', 'ME0001', 'Nation girl matter author story get natural.', 3, 3, 1, 15.3, 'ml');
INSERT INTO Prescription (prescriptionID, consultationID, medicineID, description, dosage, instruction, servingPerDay, price, dosageUnit) VALUES ('PR0026', 'MC0023', 'ME0013', 'Explain truth I country hour.', 1, 2, 3, 32.53, 'capsule');
INSERT INTO Prescription (prescriptionID, consultationID, medicineID, description, dosage, instruction, servingPerDay, price, dosageUnit) VALUES ('PR0027', 'MC0002', 'ME0009', 'Popular relationship issue.', 3, 2, 1, 47.61, 'tablet');
INSERT INTO Prescription (prescriptionID, consultationID, medicineID, description, dosage, instruction, servingPerDay, price, dosageUnit) VALUES ('PR0028', 'MC0016', 'ME0003', 'Style father board live pass.', 1, 4, 3, 24.0, 'tablet');
INSERT INTO Prescription (prescriptionID, consultationID, medicineID, description, dosage, instruction, servingPerDay, price, dosageUnit) VALUES ('PR0029', 'MC0033', 'ME0007', 'Keep result long hotel.', 3, 4, 3, 32.8, 'mg');
INSERT INTO Prescription (prescriptionID, consultationID, medicineID, description, dosage, instruction, servingPerDay, price, dosageUnit) VALUES ('PR0030', 'MC0016', 'ME0015', 'Like recently late thank while.', 2, 1, 1, 29.34, 'capsule');
INSERT INTO Prescription (prescriptionID, consultationID, medicineID, description, dosage, instruction, servingPerDay, price, dosageUnit) VALUES ('PR0031', 'MC0037', 'ME0007', 'Appear hospital safe hold black.', 3, 3, 3, 19.19, 'ml');
INSERT INTO Prescription (prescriptionID, consultationID, medicineID, description, dosage, instruction, servingPerDay, price, dosageUnit) VALUES ('PR0032', 'MC0002', 'ME0003', 'Write join summer debate interest.', 2, 4, 2, 48.83, 'mg');
INSERT INTO Prescription (prescriptionID, consultationID, medicineID, description, dosage, instruction, servingPerDay, price, dosageUnit) VALUES ('PR0033', 'MC0011', 'ME0010', 'Her term particular discussion step.', 3, 1, 1, 41.75, 'ml');
INSERT INTO Prescription (prescriptionID, consultationID, medicineID, description, dosage, instruction, servingPerDay, price, dosageUnit) VALUES ('PR0034', 'MC0029', 'ME0004', 'Exactly example customer organization call bill.', 1, 3, 2, 31.77, 'tablet');
INSERT INTO Prescription (prescriptionID, consultationID, medicineID, description, dosage, instruction, servingPerDay, price, dosageUnit) VALUES ('PR0035', 'MC0020', 'ME0014', 'Meeting professor only last.', 1, 1, 1, 20.01, 'ml');
INSERT INTO Prescription (prescriptionID, consultationID, medicineID, description, dosage, instruction, servingPerDay, price, dosageUnit) VALUES ('PR0036', 'MC0002', 'ME0007', 'Doctor century indeed live billion grow use.', 1, 2, 1, 40.92, 'ml');
INSERT INTO Prescription (prescriptionID, consultationID, medicineID, description, dosage, instruction, servingPerDay, price, dosageUnit) VALUES ('PR0037', 'MC0006', 'ME0011', 'Some year bit that dream use.', 2, 3, 2, 31.13, 'ml');
INSERT INTO Prescription (prescriptionID, consultationID, medicineID, description, dosage, instruction, servingPerDay, price, dosageUnit) VALUES ('PR0038', 'MC0002', 'ME0008', 'Study make picture remember upon.', 2, 1, 2, 18.18, 'capsule');
INSERT INTO Prescription (prescriptionID, consultationID, medicineID, description, dosage, instruction, servingPerDay, price, dosageUnit) VALUES ('PR0039', 'MC0039', 'ME0015', 'Then social build beautiful value.', 3, 2, 2, 36.66, 'capsule');
INSERT INTO Prescription (prescriptionID, consultationID, medicineID, description, dosage, instruction, servingPerDay, price, dosageUnit) VALUES ('PR0040', 'MC0002', 'ME0012', 'Home pull under whose debate behavior.', 3, 5, 3, 29.92, 'mg');
INSERT INTO Prescription (prescriptionID, consultationID, medicineID, description, dosage, instruction, servingPerDay, price, dosageUnit) VALUES ('PR0041', 'MC0011', 'ME0005', 'No student argue Mrs together.', 3, 2, 4, 43.88, 'ml');
INSERT INTO Prescription (prescriptionID, consultationID, medicineID, description, dosage, instruction, servingPerDay, price, dosageUnit) VALUES ('PR0042', 'MC0017', 'ME0010', 'Option guy question pull reach almost.', 3, 5, 3, 11.01, 'mg');
INSERT INTO Prescription (prescriptionID, consultationID, medicineID, description, dosage, instruction, servingPerDay, price, dosageUnit) VALUES ('PR0043', 'MC0018', 'ME0002', 'Free pressure reduce executive eye.', 1, 1, 2, 5.04, 'tablet');
INSERT INTO Prescription (prescriptionID, consultationID, medicineID, description, dosage, instruction, servingPerDay, price, dosageUnit) VALUES ('PR0044', 'MC0032', 'ME0013', 'Interesting buy prevent chance down physical order.', 3, 3, 3, 7.62, 'tablet');
INSERT INTO Prescription (prescriptionID, consultationID, medicineID, description, dosage, instruction, servingPerDay, price, dosageUnit) VALUES ('PR0045', 'MC0035', 'ME0008', 'Until try everyone investment environmental.', 3, 1, 3, 42.8, 'mg');
INSERT INTO Prescription (prescriptionID, consultationID, medicineID, description, dosage, instruction, servingPerDay, price, dosageUnit) VALUES ('PR0046', 'MC0034', 'ME0003', 'Wall power sport be many.', 1, 3, 1, 47.87, 'mg');
INSERT INTO Prescription (prescriptionID, consultationID, medicineID, description, dosage, instruction, servingPerDay, price, dosageUnit) VALUES ('PR0047', 'MC0018', 'ME0008', 'House this move name record today international.', 2, 5, 2, 36.11, 'capsule');
INSERT INTO Prescription (prescriptionID, consultationID, medicineID, description, dosage, instruction, servingPerDay, price, dosageUnit) VALUES ('PR0048', 'MC0033', 'ME0009', 'Just public else.', 2, 2, 2, 30.5, 'capsule');
INSERT INTO Prescription (prescriptionID, consultationID, medicineID, description, dosage, instruction, servingPerDay, price, dosageUnit) VALUES ('PR0049', 'MC0010', 'ME0009', 'Debate choice project off not his six.', 2, 3, 3, 40.2, 'capsule');
INSERT INTO Prescription (prescriptionID, consultationID, medicineID, description, dosage, instruction, servingPerDay, price, dosageUnit) VALUES ('PR0050', 'MC0012', 'ME0015', 'Role never why ago popular always direction.', 2, 5, 1, 13.31, 'capsule');
INSERT INTO Prescription (prescriptionID, consultationID, medicineID, description, dosage, instruction, servingPerDay, price, dosageUnit) VALUES ('PR0051', 'MC0029', 'ME0001', 'Want future stock why floor.', 3, 4, 3, 35.59, 'capsule');
INSERT INTO Prescription (prescriptionID, consultationID, medicineID, description, dosage, instruction, servingPerDay, price, dosageUnit) VALUES ('PR0052', 'MC0037', 'ME0011', 'Until history have lay need impact.', 1, 2, 1, 32.37, 'ml');
INSERT INTO Prescription (prescriptionID, consultationID, medicineID, description, dosage, instruction, servingPerDay, price, dosageUnit) VALUES ('PR0053', 'MC0028', 'ME0015', 'Figure body group.', 1, 5, 2, 12.56, 'mg');
INSERT INTO Prescription (prescriptionID, consultationID, medicineID, description, dosage, instruction, servingPerDay, price, dosageUnit) VALUES ('PR0054', 'MC0017', 'ME0010', 'These benefit away catch few word.', 3, 4, 4, 20.15, 'mg');
INSERT INTO Prescription (prescriptionID, consultationID, medicineID, description, dosage, instruction, servingPerDay, price, dosageUnit) VALUES ('PR0055', 'MC0002', 'ME0006', 'Moment fly standard magazine.', 1, 1, 3, 47.39, 'tablet');
INSERT INTO Prescription (prescriptionID, consultationID, medicineID, description, dosage, instruction, servingPerDay, price, dosageUnit) VALUES ('PR0056', 'MC0029', 'ME0008', 'Eight without town current short husband car across.', 3, 2, 2, 32.23, 'tablet');
INSERT INTO Prescription (prescriptionID, consultationID, medicineID, description, dosage, instruction, servingPerDay, price, dosageUnit) VALUES ('PR0057', 'MC0040', 'ME0008', 'Ability eye gun term.', 3, 4, 2, 22.38, 'capsule');
INSERT INTO Prescription (prescriptionID, consultationID, medicineID, description, dosage, instruction, servingPerDay, price, dosageUnit) VALUES ('PR0058', 'MC0019', 'ME0014', 'Paper affect do include trial use.', 2, 4, 4, 36.46, 'capsule');
INSERT INTO Prescription (prescriptionID, consultationID, medicineID, description, dosage, instruction, servingPerDay, price, dosageUnit) VALUES ('PR0059', 'MC0008', 'ME0010', 'Eat finally necessary adult lay every make.', 2, 4, 2, 11.79, 'ml');
INSERT INTO Prescription (prescriptionID, consultationID, medicineID, description, dosage, instruction, servingPerDay, price, dosageUnit) VALUES ('PR0060', 'MC0032', 'ME0001', 'Remain significant who go pretty bar event.', 1, 1, 1, 15.41, 'tablet');
INSERT INTO Bill (billID, totalAmount, paymentMethod) VALUES ('BI0001', 70.95, 'Credit Card');
INSERT INTO Bill (billID, totalAmount, paymentMethod) VALUES ('BI0002', 23.56, 'Insurance');
INSERT INTO Bill (billID, totalAmount, paymentMethod) VALUES ('BI0003', 44.29, 'Insurance');
INSERT INTO Bill (billID, totalAmount, paymentMethod) VALUES ('BI0004', 102.12, 'Insurance');
INSERT INTO Bill (billID, totalAmount, paymentMethod) VALUES ('BI0005', 168.84, 'Cash');
INSERT INTO Bill (billID, totalAmount, paymentMethod) VALUES ('BI0006', 143.31, 'Debit Card');
INSERT INTO Bill (billID, totalAmount, paymentMethod) VALUES ('BI0007', 93.27, 'Cash');
INSERT INTO Bill (billID, totalAmount, paymentMethod) VALUES ('BI0008', 174.12, 'Cash');
INSERT INTO Bill (billID, totalAmount, paymentMethod) VALUES ('BI0009', 107.14, 'Debit Card');
INSERT INTO Bill (billID, totalAmount, paymentMethod) VALUES ('BI0010', 27.33, 'Debit Card');
INSERT INTO Bill (billID, totalAmount, paymentMethod) VALUES ('BI0011', 112.85, 'Insurance');
INSERT INTO Bill (billID, totalAmount, paymentMethod) VALUES ('BI0012', 195.33, 'Cash');
INSERT INTO Bill (billID, totalAmount, paymentMethod) VALUES ('BI0013', 100.39, 'Credit Card');
INSERT INTO Bill (billID, totalAmount, paymentMethod) VALUES ('BI0014', 100.06, 'Cash');
INSERT INTO Bill (billID, totalAmount, paymentMethod) VALUES ('BI0015', 43.01, 'Debit Card');
INSERT INTO Bill (billID, totalAmount, paymentMethod) VALUES ('BI0016', 175.33, 'Cash');
INSERT INTO Bill (billID, totalAmount, paymentMethod) VALUES ('BI0017', 117.73, 'Cash');
INSERT INTO Bill (billID, totalAmount, paymentMethod) VALUES ('BI0018', 132.6, 'Cash');
INSERT INTO Bill (billID, totalAmount, paymentMethod) VALUES ('BI0019', 183.19, 'Credit Card');
INSERT INTO Bill (billID, totalAmount, paymentMethod) VALUES ('BI0020', 42.56, 'Cash');
INSERT INTO Bill (billID, totalAmount, paymentMethod) VALUES ('BI0021', 118.16, 'Insurance');
INSERT INTO Bill (billID, totalAmount, paymentMethod) VALUES ('BI0022', 35.2, 'Insurance');
INSERT INTO Bill (billID, totalAmount, paymentMethod) VALUES ('BI0023', 32.89, 'Debit Card');
INSERT INTO Bill (billID, totalAmount, paymentMethod) VALUES ('BI0024', 153.92, 'Credit Card');
INSERT INTO Bill (billID, totalAmount, paymentMethod) VALUES ('BI0025', 57.86, 'Credit Card');
INSERT INTO Bill (billID, totalAmount, paymentMethod) VALUES ('BI0026', 70.31, 'Cash');
INSERT INTO Bill (billID, totalAmount, paymentMethod) VALUES ('BI0027', 176.19, 'Insurance');
INSERT INTO Bill (billID, totalAmount, paymentMethod) VALUES ('BI0028', 44.38, 'Insurance');
INSERT INTO Bill (billID, totalAmount, paymentMethod) VALUES ('BI0029', 151.16, 'Insurance');
INSERT INTO Bill (billID, totalAmount, paymentMethod) VALUES ('BI0030', 199.72, 'Debit Card');
INSERT INTO Bill (billID, totalAmount, paymentMethod) VALUES ('BI0031', 93.35, 'Debit Card');
INSERT INTO Bill (billID, totalAmount, paymentMethod) VALUES ('BI0032', 198.59, 'Credit Card');
INSERT INTO Bill (billID, totalAmount, paymentMethod) VALUES ('BI0033', 56.44, 'Cash');
INSERT INTO Bill (billID, totalAmount, paymentMethod) VALUES ('BI0034', 75.69, 'Cash');
INSERT INTO Bill (billID, totalAmount, paymentMethod) VALUES ('BI0035', 119.57, 'Credit Card');
INSERT INTO Bill (billID, totalAmount, paymentMethod) VALUES ('BI0036', 159.61, 'Debit Card');
INSERT INTO Bill (billID, totalAmount, paymentMethod) VALUES ('BI0037', 27.17, 'Credit Card');
INSERT INTO Bill (billID, totalAmount, paymentMethod) VALUES ('BI0038', 68.68, 'Insurance');
INSERT INTO Bill (billID, totalAmount, paymentMethod) VALUES ('BI0039', 128.08, 'Debit Card');
INSERT INTO Bill (billID, totalAmount, paymentMethod) VALUES ('BI0040', 195.06, 'Debit Card');
INSERT INTO Schedule (scheduleID, doctorID, date, startTime, endTime) VALUES ('SC0001', 'ST0001', '2025-07-01', '2025-07-01 08:00:00', '2025-07-01 20:00:00');
INSERT INTO Schedule (scheduleID, doctorID, date, startTime, endTime) VALUES ('SC0002', 'ST0004', '2025-07-01', '2025-07-01 08:00:00', '2025-07-01 20:00:00');
INSERT INTO Schedule (scheduleID, doctorID, date, startTime, endTime) VALUES ('SC0003', 'ST0005', '2025-07-01', '2025-07-01 08:00:00', '2025-07-01 20:00:00');
INSERT INTO Schedule (scheduleID, doctorID, date, startTime, endTime) VALUES ('SC0004', 'ST0006', '2025-07-01', '2025-07-01 08:00:00', '2025-07-01 20:00:00');
INSERT INTO Schedule (scheduleID, doctorID, date, startTime, endTime) VALUES ('SC0005', 'ST0010', '2025-07-01', '2025-07-01 08:00:00', '2025-07-01 20:00:00');
INSERT INTO Schedule (scheduleID, doctorID, date, startTime, endTime) VALUES ('SC0006', 'ST0001', '2025-07-02', '2025-07-02 08:00:00', '2025-07-02 20:00:00');
INSERT INTO Schedule (scheduleID, doctorID, date, startTime, endTime) VALUES ('SC0007', 'ST0004', '2025-07-02', '2025-07-02 08:00:00', '2025-07-02 20:00:00');
INSERT INTO Schedule (scheduleID, doctorID, date, startTime, endTime) VALUES ('SC0008', 'ST0005', '2025-07-02', '2025-07-02 08:00:00', '2025-07-02 20:00:00');
INSERT INTO Schedule (scheduleID, doctorID, date, startTime, endTime) VALUES ('SC0009', 'ST0006', '2025-07-02', '2025-07-02 08:00:00', '2025-07-02 20:00:00');
INSERT INTO Schedule (scheduleID, doctorID, date, startTime, endTime) VALUES ('SC0010', 'ST0010', '2025-07-02', '2025-07-02 08:00:00', '2025-07-02 20:00:00');
INSERT INTO Schedule (scheduleID, doctorID, date, startTime, endTime) VALUES ('SC0011', 'ST0001', '2025-07-03', '2025-07-03 08:00:00', '2025-07-03 20:00:00');
INSERT INTO Schedule (scheduleID, doctorID, date, startTime, endTime) VALUES ('SC0012', 'ST0004', '2025-07-03', '2025-07-03 08:00:00', '2025-07-03 20:00:00');
INSERT INTO Schedule (scheduleID, doctorID, date, startTime, endTime) VALUES ('SC0013', 'ST0005', '2025-07-03', '2025-07-03 08:00:00', '2025-07-03 20:00:00');
INSERT INTO Schedule (scheduleID, doctorID, date, startTime, endTime) VALUES ('SC0014', 'ST0006', '2025-07-03', '2025-07-03 08:00:00', '2025-07-03 20:00:00');
INSERT INTO Schedule (scheduleID, doctorID, date, startTime, endTime) VALUES ('SC0015', 'ST0010', '2025-07-03', '2025-07-03 08:00:00', '2025-07-03 20:00:00');
INSERT INTO Schedule (scheduleID, doctorID, date, startTime, endTime) VALUES ('SC0016', 'ST0001', '2025-07-04', '2025-07-04 08:00:00', '2025-07-04 20:00:00');
INSERT INTO Schedule (scheduleID, doctorID, date, startTime, endTime) VALUES ('SC0017', 'ST0004', '2025-07-04', '2025-07-04 08:00:00', '2025-07-04 20:00:00');
INSERT INTO Schedule (scheduleID, doctorID, date, startTime, endTime) VALUES ('SC0018', 'ST0005', '2025-07-04', '2025-07-04 08:00:00', '2025-07-04 20:00:00');
INSERT INTO Schedule (scheduleID, doctorID, date, startTime, endTime) VALUES ('SC0019', 'ST0006', '2025-07-04', '2025-07-04 08:00:00', '2025-07-04 20:00:00');
INSERT INTO Schedule (scheduleID, doctorID, date, startTime, endTime) VALUES ('SC0020', 'ST0010', '2025-07-04', '2025-07-04 08:00:00', '2025-07-04 20:00:00');
INSERT INTO Schedule (scheduleID, doctorID, date, startTime, endTime) VALUES ('SC0021', 'ST0001', '2025-07-05', '2025-07-05 08:00:00', '2025-07-05 20:00:00');
INSERT INTO Schedule (scheduleID, doctorID, date, startTime, endTime) VALUES ('SC0022', 'ST0004', '2025-07-05', '2025-07-05 08:00:00', '2025-07-05 20:00:00');
INSERT INTO Schedule (scheduleID, doctorID, date, startTime, endTime) VALUES ('SC0023', 'ST0005', '2025-07-05', '2025-07-05 08:00:00', '2025-07-05 20:00:00');
INSERT INTO Schedule (scheduleID, doctorID, date, startTime, endTime) VALUES ('SC0024', 'ST0006', '2025-07-05', '2025-07-05 08:00:00', '2025-07-05 20:00:00');
INSERT INTO Schedule (scheduleID, doctorID, date, startTime, endTime) VALUES ('SC0025', 'ST0010', '2025-07-05', '2025-07-05 08:00:00', '2025-07-05 20:00:00');
INSERT INTO Schedule (scheduleID, doctorID, date, startTime, endTime) VALUES ('SC0026', 'ST0001', '2025-07-06', '2025-07-06 08:00:00', '2025-07-06 20:00:00');
INSERT INTO Schedule (scheduleID, doctorID, date, startTime, endTime) VALUES ('SC0027', 'ST0004', '2025-07-06', '2025-07-06 08:00:00', '2025-07-06 20:00:00');
INSERT INTO Schedule (scheduleID, doctorID, date, startTime, endTime) VALUES ('SC0028', 'ST0005', '2025-07-06', '2025-07-06 08:00:00', '2025-07-06 20:00:00');
INSERT INTO Schedule (scheduleID, doctorID, date, startTime, endTime) VALUES ('SC0029', 'ST0006', '2025-07-06', '2025-07-06 08:00:00', '2025-07-06 20:00:00');
INSERT INTO Schedule (scheduleID, doctorID, date, startTime, endTime) VALUES ('SC0030', 'ST0010', '2025-07-06', '2025-07-06 08:00:00', '2025-07-06 20:00:00');
INSERT INTO Schedule (scheduleID, doctorID, date, startTime, endTime) VALUES ('SC0031', 'ST0001', '2025-07-07', '2025-07-07 08:00:00', '2025-07-07 20:00:00');
INSERT INTO Schedule (scheduleID, doctorID, date, startTime, endTime) VALUES ('SC0032', 'ST0004', '2025-07-07', '2025-07-07 08:00:00', '2025-07-07 20:00:00');
INSERT INTO Schedule (scheduleID, doctorID, date, startTime, endTime) VALUES ('SC0033', 'ST0005', '2025-07-07', '2025-07-07 08:00:00', '2025-07-07 20:00:00');
INSERT INTO Schedule (scheduleID, doctorID, date, startTime, endTime) VALUES ('SC0034', 'ST0006', '2025-07-07', '2025-07-07 08:00:00', '2025-07-07 20:00:00');
INSERT INTO Schedule (scheduleID, doctorID, date, startTime, endTime) VALUES ('SC0035', 'ST0010', '2025-07-07', '2025-07-07 08:00:00', '2025-07-07 20:00:00');
INSERT INTO Schedule (scheduleID, doctorID, date, startTime, endTime) VALUES ('SC0036', 'ST0001', '2025-07-08', '2025-07-08 08:00:00', '2025-07-08 20:00:00');
INSERT INTO Schedule (scheduleID, doctorID, date, startTime, endTime) VALUES ('SC0037', 'ST0004', '2025-07-08', '2025-07-08 08:00:00', '2025-07-08 20:00:00');
INSERT INTO Schedule (scheduleID, doctorID, date, startTime, endTime) VALUES ('SC0038', 'ST0005', '2025-07-08', '2025-07-08 08:00:00', '2025-07-08 20:00:00');
INSERT INTO Schedule (scheduleID, doctorID, date, startTime, endTime) VALUES ('SC0039', 'ST0006', '2025-07-08', '2025-07-08 08:00:00', '2025-07-08 20:00:00');
INSERT INTO Schedule (scheduleID, doctorID, date, startTime, endTime) VALUES ('SC0040', 'ST0010', '2025-07-08', '2025-07-08 08:00:00', '2025-07-08 20:00:00');
INSERT INTO Schedule (scheduleID, doctorID, date, startTime, endTime) VALUES ('SC0041', 'ST0001', '2025-07-09', '2025-07-09 08:00:00', '2025-07-09 20:00:00');
INSERT INTO Schedule (scheduleID, doctorID, date, startTime, endTime) VALUES ('SC0042', 'ST0004', '2025-07-09', '2025-07-09 08:00:00', '2025-07-09 20:00:00');
INSERT INTO Schedule (scheduleID, doctorID, date, startTime, endTime) VALUES ('SC0043', 'ST0005', '2025-07-09', '2025-07-09 08:00:00', '2025-07-09 20:00:00');
INSERT INTO Schedule (scheduleID, doctorID, date, startTime, endTime) VALUES ('SC0044', 'ST0006', '2025-07-09', '2025-07-09 08:00:00', '2025-07-09 20:00:00');
INSERT INTO Schedule (scheduleID, doctorID, date, startTime, endTime) VALUES ('SC0045', 'ST0010', '2025-07-09', '2025-07-09 08:00:00', '2025-07-09 20:00:00');
INSERT INTO Schedule (scheduleID, doctorID, date, startTime, endTime) VALUES ('SC0046', 'ST0001', '2025-07-10', '2025-07-10 08:00:00', '2025-07-10 20:00:00');
INSERT INTO Schedule (scheduleID, doctorID, date, startTime, endTime) VALUES ('SC0047', 'ST0004', '2025-07-10', '2025-07-10 08:00:00', '2025-07-10 20:00:00');
INSERT INTO Schedule (scheduleID, doctorID, date, startTime, endTime) VALUES ('SC0048', 'ST0005', '2025-07-10', '2025-07-10 08:00:00', '2025-07-10 20:00:00');
INSERT INTO Schedule (scheduleID, doctorID, date, startTime, endTime) VALUES ('SC0049', 'ST0006', '2025-07-10', '2025-07-10 08:00:00', '2025-07-10 20:00:00');
INSERT INTO Schedule (scheduleID, doctorID, date, startTime, endTime) VALUES ('SC0050', 'ST0010', '2025-07-10', '2025-07-10 08:00:00', '2025-07-10 20:00:00');
INSERT INTO Schedule (scheduleID, doctorID, date, startTime, endTime) VALUES ('SC0051', 'ST0001', '2025-07-11', '2025-07-11 08:00:00', '2025-07-11 20:00:00');
INSERT INTO Schedule (scheduleID, doctorID, date, startTime, endTime) VALUES ('SC0052', 'ST0004', '2025-07-11', '2025-07-11 08:00:00', '2025-07-11 20:00:00');
INSERT INTO Schedule (scheduleID, doctorID, date, startTime, endTime) VALUES ('SC0053', 'ST0005', '2025-07-11', '2025-07-11 08:00:00', '2025-07-11 20:00:00');
INSERT INTO Schedule (scheduleID, doctorID, date, startTime, endTime) VALUES ('SC0054', 'ST0006', '2025-07-11', '2025-07-11 08:00:00', '2025-07-11 20:00:00');
INSERT INTO Schedule (scheduleID, doctorID, date, startTime, endTime) VALUES ('SC0055', 'ST0010', '2025-07-11', '2025-07-11 08:00:00', '2025-07-11 20:00:00');
INSERT INTO Schedule (scheduleID, doctorID, date, startTime, endTime) VALUES ('SC0056', 'ST0001', '2025-07-12', '2025-07-12 08:00:00', '2025-07-12 20:00:00');
INSERT INTO Schedule (scheduleID, doctorID, date, startTime, endTime) VALUES ('SC0057', 'ST0004', '2025-07-12', '2025-07-12 08:00:00', '2025-07-12 20:00:00');
INSERT INTO Schedule (scheduleID, doctorID, date, startTime, endTime) VALUES ('SC0058', 'ST0005', '2025-07-12', '2025-07-12 08:00:00', '2025-07-12 20:00:00');
INSERT INTO Schedule (scheduleID, doctorID, date, startTime, endTime) VALUES ('SC0059', 'ST0006', '2025-07-12', '2025-07-12 08:00:00', '2025-07-12 20:00:00');
INSERT INTO Schedule (scheduleID, doctorID, date, startTime, endTime) VALUES ('SC0060', 'ST0010', '2025-07-12', '2025-07-12 08:00:00', '2025-07-12 20:00:00');
INSERT INTO Schedule (scheduleID, doctorID, date, startTime, endTime) VALUES ('SC0061', 'ST0001', '2025-07-13', '2025-07-13 08:00:00', '2025-07-13 20:00:00');
INSERT INTO Schedule (scheduleID, doctorID, date, startTime, endTime) VALUES ('SC0062', 'ST0004', '2025-07-13', '2025-07-13 08:00:00', '2025-07-13 20:00:00');
INSERT INTO Schedule (scheduleID, doctorID, date, startTime, endTime) VALUES ('SC0063', 'ST0005', '2025-07-13', '2025-07-13 08:00:00', '2025-07-13 20:00:00');
INSERT INTO Schedule (scheduleID, doctorID, date, startTime, endTime) VALUES ('SC0064', 'ST0006', '2025-07-13', '2025-07-13 08:00:00', '2025-07-13 20:00:00');
INSERT INTO Schedule (scheduleID, doctorID, date, startTime, endTime) VALUES ('SC0065', 'ST0010', '2025-07-13', '2025-07-13 08:00:00', '2025-07-13 20:00:00');
INSERT INTO Schedule (scheduleID, doctorID, date, startTime, endTime) VALUES ('SC0066', 'ST0001', '2025-07-14', '2025-07-14 08:00:00', '2025-07-14 20:00:00');
INSERT INTO Schedule (scheduleID, doctorID, date, startTime, endTime) VALUES ('SC0067', 'ST0004', '2025-07-14', '2025-07-14 08:00:00', '2025-07-14 20:00:00');
INSERT INTO Schedule (scheduleID, doctorID, date, startTime, endTime) VALUES ('SC0068', 'ST0005', '2025-07-14', '2025-07-14 08:00:00', '2025-07-14 20:00:00');
INSERT INTO Schedule (scheduleID, doctorID, date, startTime, endTime) VALUES ('SC0069', 'ST0006', '2025-07-14', '2025-07-14 08:00:00', '2025-07-14 20:00:00');
INSERT INTO Schedule (scheduleID, doctorID, date, startTime, endTime) VALUES ('SC0070', 'ST0010', '2025-07-14', '2025-07-14 08:00:00', '2025-07-14 20:00:00');
INSERT INTO Schedule (scheduleID, doctorID, date, startTime, endTime) VALUES ('SC0071', 'ST0001', '2025-07-15', '2025-07-15 08:00:00', '2025-07-15 20:00:00');
INSERT INTO Schedule (scheduleID, doctorID, date, startTime, endTime) VALUES ('SC0072', 'ST0004', '2025-07-15', '2025-07-15 08:00:00', '2025-07-15 20:00:00');
INSERT INTO Schedule (scheduleID, doctorID, date, startTime, endTime) VALUES ('SC0073', 'ST0005', '2025-07-15', '2025-07-15 08:00:00', '2025-07-15 20:00:00');
INSERT INTO Schedule (scheduleID, doctorID, date, startTime, endTime) VALUES ('SC0074', 'ST0006', '2025-07-15', '2025-07-15 08:00:00', '2025-07-15 20:00:00');
INSERT INTO Schedule (scheduleID, doctorID, date, startTime, endTime) VALUES ('SC0075', 'ST0010', '2025-07-15', '2025-07-15 08:00:00', '2025-07-15 20:00:00');
INSERT INTO Schedule (scheduleID, doctorID, date, startTime, endTime) VALUES ('SC0076', 'ST0001', '2025-07-16', '2025-07-16 08:00:00', '2025-07-16 20:00:00');
INSERT INTO Schedule (scheduleID, doctorID, date, startTime, endTime) VALUES ('SC0077', 'ST0004', '2025-07-16', '2025-07-16 08:00:00', '2025-07-16 20:00:00');
INSERT INTO Schedule (scheduleID, doctorID, date, startTime, endTime) VALUES ('SC0078', 'ST0005', '2025-07-16', '2025-07-16 08:00:00', '2025-07-16 20:00:00');
INSERT INTO Schedule (scheduleID, doctorID, date, startTime, endTime) VALUES ('SC0079', 'ST0006', '2025-07-16', '2025-07-16 08:00:00', '2025-07-16 20:00:00');
INSERT INTO Schedule (scheduleID, doctorID, date, startTime, endTime) VALUES ('SC0080', 'ST0010', '2025-07-16', '2025-07-16 08:00:00', '2025-07-16 20:00:00');
INSERT INTO Schedule (scheduleID, doctorID, date, startTime, endTime) VALUES ('SC0081', 'ST0001', '2025-07-17', '2025-07-17 08:00:00', '2025-07-17 20:00:00');
INSERT INTO Schedule (scheduleID, doctorID, date, startTime, endTime) VALUES ('SC0082', 'ST0004', '2025-07-17', '2025-07-17 08:00:00', '2025-07-17 20:00:00');
INSERT INTO Schedule (scheduleID, doctorID, date, startTime, endTime) VALUES ('SC0083', 'ST0005', '2025-07-17', '2025-07-17 08:00:00', '2025-07-17 20:00:00');
INSERT INTO Schedule (scheduleID, doctorID, date, startTime, endTime) VALUES ('SC0084', 'ST0006', '2025-07-17', '2025-07-17 08:00:00', '2025-07-17 20:00:00');
INSERT INTO Schedule (scheduleID, doctorID, date, startTime, endTime) VALUES ('SC0085', 'ST0010', '2025-07-17', '2025-07-17 08:00:00', '2025-07-17 20:00:00');
INSERT INTO Schedule (scheduleID, doctorID, date, startTime, endTime) VALUES ('SC0086', 'ST0001', '2025-07-18', '2025-07-18 08:00:00', '2025-07-18 20:00:00');
INSERT INTO Schedule (scheduleID, doctorID, date, startTime, endTime) VALUES ('SC0087', 'ST0004', '2025-07-18', '2025-07-18 08:00:00', '2025-07-18 20:00:00');
INSERT INTO Schedule (scheduleID, doctorID, date, startTime, endTime) VALUES ('SC0088', 'ST0005', '2025-07-18', '2025-07-18 08:00:00', '2025-07-18 20:00:00');
INSERT INTO Schedule (scheduleID, doctorID, date, startTime, endTime) VALUES ('SC0089', 'ST0006', '2025-07-18', '2025-07-18 08:00:00', '2025-07-18 20:00:00');
INSERT INTO Schedule (scheduleID, doctorID, date, startTime, endTime) VALUES ('SC0090', 'ST0010', '2025-07-18', '2025-07-18 08:00:00', '2025-07-18 20:00:00');
INSERT INTO Schedule (scheduleID, doctorID, date, startTime, endTime) VALUES ('SC0091', 'ST0001', '2025-07-19', '2025-07-19 08:00:00', '2025-07-19 20:00:00');
INSERT INTO Schedule (scheduleID, doctorID, date, startTime, endTime) VALUES ('SC0092', 'ST0004', '2025-07-19', '2025-07-19 08:00:00', '2025-07-19 20:00:00');
INSERT INTO Schedule (scheduleID, doctorID, date, startTime, endTime) VALUES ('SC0093', 'ST0005', '2025-07-19', '2025-07-19 08:00:00', '2025-07-19 20:00:00');
INSERT INTO Schedule (scheduleID, doctorID, date, startTime, endTime) VALUES ('SC0094', 'ST0006', '2025-07-19', '2025-07-19 08:00:00', '2025-07-19 20:00:00');
INSERT INTO Schedule (scheduleID, doctorID, date, startTime, endTime) VALUES ('SC0095', 'ST0010', '2025-07-19', '2025-07-19 08:00:00', '2025-07-19 20:00:00');
INSERT INTO Schedule (scheduleID, doctorID, date, startTime, endTime) VALUES ('SC0096', 'ST0001', '2025-07-20', '2025-07-20 08:00:00', '2025-07-20 20:00:00');
INSERT INTO Schedule (scheduleID, doctorID, date, startTime, endTime) VALUES ('SC0097', 'ST0004', '2025-07-20', '2025-07-20 08:00:00', '2025-07-20 20:00:00');
INSERT INTO Schedule (scheduleID, doctorID, date, startTime, endTime) VALUES ('SC0098', 'ST0005', '2025-07-20', '2025-07-20 08:00:00', '2025-07-20 20:00:00');
INSERT INTO Schedule (scheduleID, doctorID, date, startTime, endTime) VALUES ('SC0099', 'ST0006', '2025-07-20', '2025-07-20 08:00:00', '2025-07-20 20:00:00');
INSERT INTO Schedule (scheduleID, doctorID, date, startTime, endTime) VALUES ('SC0100', 'ST0010', '2025-07-20', '2025-07-20 08:00:00', '2025-07-20 20:00:00');
INSERT INTO Schedule (scheduleID, doctorID, date, startTime, endTime) VALUES ('SC0101', 'ST0001', '2025-07-21', '2025-07-21 08:00:00', '2025-07-21 20:00:00');
INSERT INTO Schedule (scheduleID, doctorID, date, startTime, endTime) VALUES ('SC0102', 'ST0004', '2025-07-21', '2025-07-21 08:00:00', '2025-07-21 20:00:00');
INSERT INTO Schedule (scheduleID, doctorID, date, startTime, endTime) VALUES ('SC0103', 'ST0005', '2025-07-21', '2025-07-21 08:00:00', '2025-07-21 20:00:00');
INSERT INTO Schedule (scheduleID, doctorID, date, startTime, endTime) VALUES ('SC0104', 'ST0006', '2025-07-21', '2025-07-21 08:00:00', '2025-07-21 20:00:00');
INSERT INTO Schedule (scheduleID, doctorID, date, startTime, endTime) VALUES ('SC0105', 'ST0010', '2025-07-21', '2025-07-21 08:00:00', '2025-07-21 20:00:00');
INSERT INTO Schedule (scheduleID, doctorID, date, startTime, endTime) VALUES ('SC0106', 'ST0001', '2025-07-22', '2025-07-22 08:00:00', '2025-07-22 20:00:00');
INSERT INTO Schedule (scheduleID, doctorID, date, startTime, endTime) VALUES ('SC0107', 'ST0004', '2025-07-22', '2025-07-22 08:00:00', '2025-07-22 20:00:00');
INSERT INTO Schedule (scheduleID, doctorID, date, startTime, endTime) VALUES ('SC0108', 'ST0005', '2025-07-22', '2025-07-22 08:00:00', '2025-07-22 20:00:00');
INSERT INTO Schedule (scheduleID, doctorID, date, startTime, endTime) VALUES ('SC0109', 'ST0006', '2025-07-22', '2025-07-22 08:00:00', '2025-07-22 20:00:00');
INSERT INTO Schedule (scheduleID, doctorID, date, startTime, endTime) VALUES ('SC0110', 'ST0010', '2025-07-22', '2025-07-22 08:00:00', '2025-07-22 20:00:00');
INSERT INTO Schedule (scheduleID, doctorID, date, startTime, endTime) VALUES ('SC0111', 'ST0001', '2025-07-23', '2025-07-23 08:00:00', '2025-07-23 20:00:00');
INSERT INTO Schedule (scheduleID, doctorID, date, startTime, endTime) VALUES ('SC0112', 'ST0004', '2025-07-23', '2025-07-23 08:00:00', '2025-07-23 20:00:00');
INSERT INTO Schedule (scheduleID, doctorID, date, startTime, endTime) VALUES ('SC0113', 'ST0005', '2025-07-23', '2025-07-23 08:00:00', '2025-07-23 20:00:00');
INSERT INTO Schedule (scheduleID, doctorID, date, startTime, endTime) VALUES ('SC0114', 'ST0006', '2025-07-23', '2025-07-23 08:00:00', '2025-07-23 20:00:00');
INSERT INTO Schedule (scheduleID, doctorID, date, startTime, endTime) VALUES ('SC0115', 'ST0010', '2025-07-23', '2025-07-23 08:00:00', '2025-07-23 20:00:00');
INSERT INTO Schedule (scheduleID, doctorID, date, startTime, endTime) VALUES ('SC0116', 'ST0001', '2025-07-24', '2025-07-24 08:00:00', '2025-07-24 20:00:00');
INSERT INTO Schedule (scheduleID, doctorID, date, startTime, endTime) VALUES ('SC0117', 'ST0004', '2025-07-24', '2025-07-24 08:00:00', '2025-07-24 20:00:00');
INSERT INTO Schedule (scheduleID, doctorID, date, startTime, endTime) VALUES ('SC0118', 'ST0005', '2025-07-24', '2025-07-24 08:00:00', '2025-07-24 20:00:00');
INSERT INTO Schedule (scheduleID, doctorID, date, startTime, endTime) VALUES ('SC0119', 'ST0006', '2025-07-24', '2025-07-24 08:00:00', '2025-07-24 20:00:00');
INSERT INTO Schedule (scheduleID, doctorID, date, startTime, endTime) VALUES ('SC0120', 'ST0010', '2025-07-24', '2025-07-24 08:00:00', '2025-07-24 20:00:00');
INSERT INTO Schedule (scheduleID, doctorID, date, startTime, endTime) VALUES ('SC0121', 'ST0001', '2025-07-25', '2025-07-25 08:00:00', '2025-07-25 20:00:00');
INSERT INTO Schedule (scheduleID, doctorID, date, startTime, endTime) VALUES ('SC0122', 'ST0004', '2025-07-25', '2025-07-25 08:00:00', '2025-07-25 20:00:00');
INSERT INTO Schedule (scheduleID, doctorID, date, startTime, endTime) VALUES ('SC0123', 'ST0005', '2025-07-25', '2025-07-25 08:00:00', '2025-07-25 20:00:00');
INSERT INTO Schedule (scheduleID, doctorID, date, startTime, endTime) VALUES ('SC0124', 'ST0006', '2025-07-25', '2025-07-25 08:00:00', '2025-07-25 20:00:00');
INSERT INTO Schedule (scheduleID, doctorID, date, startTime, endTime) VALUES ('SC0125', 'ST0010', '2025-07-25', '2025-07-25 08:00:00', '2025-07-25 20:00:00');
INSERT INTO Schedule (scheduleID, doctorID, date, startTime, endTime) VALUES ('SC0126', 'ST0001', '2025-07-26', '2025-07-26 08:00:00', '2025-07-26 20:00:00');
INSERT INTO Schedule (scheduleID, doctorID, date, startTime, endTime) VALUES ('SC0127', 'ST0004', '2025-07-26', '2025-07-26 08:00:00', '2025-07-26 20:00:00');
INSERT INTO Schedule (scheduleID, doctorID, date, startTime, endTime) VALUES ('SC0128', 'ST0005', '2025-07-26', '2025-07-26 08:00:00', '2025-07-26 20:00:00');
INSERT INTO Schedule (scheduleID, doctorID, date, startTime, endTime) VALUES ('SC0129', 'ST0006', '2025-07-26', '2025-07-26 08:00:00', '2025-07-26 20:00:00');
INSERT INTO Schedule (scheduleID, doctorID, date, startTime, endTime) VALUES ('SC0130', 'ST0010', '2025-07-26', '2025-07-26 08:00:00', '2025-07-26 20:00:00');
INSERT INTO Schedule (scheduleID, doctorID, date, startTime, endTime) VALUES ('SC0131', 'ST0001', '2025-07-27', '2025-07-27 08:00:00', '2025-07-27 20:00:00');
INSERT INTO Schedule (scheduleID, doctorID, date, startTime, endTime) VALUES ('SC0132', 'ST0004', '2025-07-27', '2025-07-27 08:00:00', '2025-07-27 20:00:00');
INSERT INTO Schedule (scheduleID, doctorID, date, startTime, endTime) VALUES ('SC0133', 'ST0005', '2025-07-27', '2025-07-27 08:00:00', '2025-07-27 20:00:00');
INSERT INTO Schedule (scheduleID, doctorID, date, startTime, endTime) VALUES ('SC0134', 'ST0006', '2025-07-27', '2025-07-27 08:00:00', '2025-07-27 20:00:00');
INSERT INTO Schedule (scheduleID, doctorID, date, startTime, endTime) VALUES ('SC0135', 'ST0010', '2025-07-27', '2025-07-27 08:00:00', '2025-07-27 20:00:00');
INSERT INTO Schedule (scheduleID, doctorID, date, startTime, endTime) VALUES ('SC0136', 'ST0001', '2025-07-28', '2025-07-28 08:00:00', '2025-07-28 20:00:00');
INSERT INTO Schedule (scheduleID, doctorID, date, startTime, endTime) VALUES ('SC0137', 'ST0004', '2025-07-28', '2025-07-28 08:00:00', '2025-07-28 20:00:00');
INSERT INTO Schedule (scheduleID, doctorID, date, startTime, endTime) VALUES ('SC0138', 'ST0005', '2025-07-28', '2025-07-28 08:00:00', '2025-07-28 20:00:00');
INSERT INTO Schedule (scheduleID, doctorID, date, startTime, endTime) VALUES ('SC0139', 'ST0006', '2025-07-28', '2025-07-28 08:00:00', '2025-07-28 20:00:00');
INSERT INTO Schedule (scheduleID, doctorID, date, startTime, endTime) VALUES ('SC0140', 'ST0010', '2025-07-28', '2025-07-28 08:00:00', '2025-07-28 20:00:00');
INSERT INTO Schedule (scheduleID, doctorID, date, startTime, endTime) VALUES ('SC0141', 'ST0001', '2025-07-29', '2025-07-29 08:00:00', '2025-07-29 20:00:00');
INSERT INTO Schedule (scheduleID, doctorID, date, startTime, endTime) VALUES ('SC0142', 'ST0004', '2025-07-29', '2025-07-29 08:00:00', '2025-07-29 20:00:00');
INSERT INTO Schedule (scheduleID, doctorID, date, startTime, endTime) VALUES ('SC0143', 'ST0005', '2025-07-29', '2025-07-29 08:00:00', '2025-07-29 20:00:00');
INSERT INTO Schedule (scheduleID, doctorID, date, startTime, endTime) VALUES ('SC0144', 'ST0006', '2025-07-29', '2025-07-29 08:00:00', '2025-07-29 20:00:00');
INSERT INTO Schedule (scheduleID, doctorID, date, startTime, endTime) VALUES ('SC0145', 'ST0010', '2025-07-29', '2025-07-29 08:00:00', '2025-07-29 20:00:00');
INSERT INTO Schedule (scheduleID, doctorID, date, startTime, endTime) VALUES ('SC0146', 'ST0001', '2025-07-30', '2025-07-30 08:00:00', '2025-07-30 20:00:00');
INSERT INTO Schedule (scheduleID, doctorID, date, startTime, endTime) VALUES ('SC0147', 'ST0004', '2025-07-30', '2025-07-30 08:00:00', '2025-07-30 20:00:00');
INSERT INTO Schedule (scheduleID, doctorID, date, startTime, endTime) VALUES ('SC0148', 'ST0005', '2025-07-30', '2025-07-30 08:00:00', '2025-07-30 20:00:00');
INSERT INTO Schedule (scheduleID, doctorID, date, startTime, endTime) VALUES ('SC0149', 'ST0006', '2025-07-30', '2025-07-30 08:00:00', '2025-07-30 20:00:00');
INSERT INTO Schedule (scheduleID, doctorID, date, startTime, endTime) VALUES ('SC0150', 'ST0010', '2025-07-30', '2025-07-30 08:00:00', '2025-07-30 20:00:00');
INSERT INTO Schedule (scheduleID, doctorID, date, startTime, endTime) VALUES ('SC0151', 'ST0001', '2025-07-31', '2025-07-31 08:00:00', '2025-07-31 20:00:00');
INSERT INTO Schedule (scheduleID, doctorID, date, startTime, endTime) VALUES ('SC0152', 'ST0004', '2025-07-31', '2025-07-31 08:00:00', '2025-07-31 20:00:00');
INSERT INTO Schedule (scheduleID, doctorID, date, startTime, endTime) VALUES ('SC0153', 'ST0005', '2025-07-31', '2025-07-31 08:00:00', '2025-07-31 20:00:00');
INSERT INTO Schedule (scheduleID, doctorID, date, startTime, endTime) VALUES ('SC0154', 'ST0006', '2025-07-31', '2025-07-31 08:00:00', '2025-07-31 20:00:00');
INSERT INTO Schedule (scheduleID, doctorID, date, startTime, endTime) VALUES ('SC0155', 'ST0010', '2025-07-31', '2025-07-31 08:00:00', '2025-07-31 20:00:00');
INSERT INTO Supplier (supplierId, supplierName, contactPerson, phoneNumber, email, address, bankName, accountNumber) VALUES ('SU0001', 'Rollins Inc', 'Zachary Sanders', '530-631-8408x773', 'nrollins@example.com', '2633 Sean Estates, Hesterberg, RI 17100', 'OCBC', 'JCOD03548858669692');
INSERT INTO Supplier (supplierId, supplierName, contactPerson, phoneNumber, email, address, bankName, accountNumber) VALUES ('SU0002', 'Hernandez, Harvey and Harrell', 'Amanda Stone', '736-368-2931x69638', 'aliciacarter@example.net', '824 Erickson Pass Apt. 997, Manuelshire, MI 94255', 'HSBC', 'ZBSA45558709087707');
INSERT INTO Supplier (supplierId, supplierName, contactPerson, phoneNumber, email, address, bankName, accountNumber) VALUES ('SU0003', 'Fisher Ltd', 'Vanessa Wells', '793-511-7775x969', 'michael56@example.org', '8890 Myers Spurs Suite 199, Bobbyburgh, MS 61060', 'Maybank', 'VCKU82034870631734');
INSERT INTO Supplier (supplierId, supplierName, contactPerson, phoneNumber, email, address, bankName, accountNumber) VALUES ('SU0004', 'Lam, Mason and Nash', 'Lisa Diaz', '556-993-4815x66601', 'hicksrachel@example.org', '09069 Clark Junctions, Lake Brittany, AS 56938', 'Maybank', 'IVRU44270607109489');
INSERT INTO Supplier (supplierId, supplierName, contactPerson, phoneNumber, email, address, bankName, accountNumber) VALUES ('SU0005', 'Mcclure, Jacobs and Reeves', 'Chad Gray', '5804991093', 'cortezdominique@example.org', '0231 Amanda Squares Suite 595, Michaeltown, WV 10101', 'CitiBank', 'LZSZ89959085665781');
INSERT INTO Orders (ordersID, medicineID, supplierID, staffID, orderDate, orderStatus, unitPrice, quantity, totalAmount, expiryDate, stock) VALUES ('OR0001', 'ME0001', 'SU0012', 'ST0007', '2024-11-21', 'Pending', 79.75, 47, 3748.25, '2025-06-15', 47);
INSERT INTO Orders (ordersID, medicineID, supplierID, staffID, orderDate, orderStatus, unitPrice, quantity, totalAmount, expiryDate, stock) VALUES ('OR0002', 'ME0007', 'SU0015', 'ST0007', '2025-05-23', 'Shipped', 85.85, 62, 5322.7, '2025-08-31', 62);
INSERT INTO Orders (ordersID, medicineID, supplierID, staffID, orderDate, orderStatus, unitPrice, quantity, totalAmount, expiryDate, stock) VALUES ('OR0003', 'ME0010', 'SU0006', 'ST0003', '2024-11-06', 'Shipped', 71.49, 38, 2716.62, '2026-07-14', 38);
INSERT INTO Orders (ordersID, medicineID, supplierID, staffID, orderDate, orderStatus, unitPrice, quantity, totalAmount, expiryDate, stock) VALUES ('OR0004', 'ME0005', 'SU0014', 'ST0001', '2024-12-31', 'Delivered', 89.79, 72, 6464.88, '2026-04-29', 72);
INSERT INTO Orders (ordersID, medicineID, supplierID, staffID, orderDate, orderStatus, unitPrice, quantity, totalAmount, expiryDate, stock) VALUES ('OR0005', 'ME0013', 'SU0007', 'ST0008', '2024-12-14', 'Pending', 97.4, 27, 2629.8, '2025-03-29', 27);
INSERT INTO Orders (ordersID, medicineID, supplierID, staffID, orderDate, orderStatus, unitPrice, quantity, totalAmount, expiryDate, stock) VALUES ('OR0006', 'ME0009', 'SU0013', 'ST0006', '2024-10-15', 'Delivered', 20.92, 86, 1799.12, '2025-12-10', 86);
INSERT INTO Orders (ordersID, medicineID, supplierID, staffID, orderDate, orderStatus, unitPrice, quantity, totalAmount, expiryDate, stock) VALUES ('OR0007', 'ME0009', 'SU0018', 'ST0006', '2024-10-13', 'Delivered', 82.72, 48, 3970.56, '2026-04-25', 48);
INSERT INTO Orders (ordersID, medicineID, supplierID, staffID, orderDate, orderStatus, unitPrice, quantity, totalAmount, expiryDate, stock) VALUES ('OR0008', 'ME0015', 'SU0007', 'ST0006', '2025-05-11', 'Shipped', 69.93, 45, 3146.85, '2025-11-19', 45);
INSERT INTO Orders (ordersID, medicineID, supplierID, staffID, orderDate, orderStatus, unitPrice, quantity, totalAmount, expiryDate, stock) VALUES ('OR0009', 'ME0005', 'SU0013', 'ST0004', '2025-01-10', 'Pending', 36.49, 61, 2225.89, '2026-03-15', 61);
INSERT INTO Orders (ordersID, medicineID, supplierID, staffID, orderDate, orderStatus, unitPrice, quantity, totalAmount, expiryDate, stock) VALUES ('OR0010', 'ME0004', 'SU0009', 'ST0001', '2024-11-11', 'Shipped', 86.61, 13, 1125.93, '2024-11-25', 13);
INSERT INTO Orders (ordersID, medicineID, supplierID, staffID, orderDate, orderStatus, unitPrice, quantity, totalAmount, expiryDate, stock) VALUES ('OR0011', 'ME0015', 'SU0003', 'ST0001', '2024-10-24', 'Delivered', 21.23, 25, 530.75, '2025-07-24', 25);
INSERT INTO Orders (ordersID, medicineID, supplierID, staffID, orderDate, orderStatus, unitPrice, quantity, totalAmount, expiryDate, stock) VALUES ('OR0012', 'ME0011', 'SU0013', 'ST0001', '2025-02-01', 'Pending', 36.71, 64, 2349.44, '2025-12-25', 64);
INSERT INTO Orders (ordersID, medicineID, supplierID, staffID, orderDate, orderStatus, unitPrice, quantity, totalAmount, expiryDate, stock) VALUES ('OR0013', 'ME0010', 'SU0013', 'ST0009', '2024-10-06', 'Shipped', 84.69, 53, 4488.57, '2026-06-26', 53);
INSERT INTO Orders (ordersID, medicineID, supplierID, staffID, orderDate, orderStatus, unitPrice, quantity, totalAmount, expiryDate, stock) VALUES ('OR0014', 'ME0015', 'SU0017', 'ST0004', '2024-11-10', 'Pending', 29.71, 94, 2792.74, '2026-04-17', 94);
INSERT INTO Orders (ordersID, medicineID, supplierID, staffID, orderDate, orderStatus, unitPrice, quantity, totalAmount, expiryDate, stock) VALUES ('OR0015', 'ME0004', 'SU0018', 'ST0009', '2024-11-30', 'Delivered', 35.22, 24, 845.28, '2025-12-30', 24);
INSERT INTO Orders (ordersID, medicineID, supplierID, staffID, orderDate, orderStatus, unitPrice, quantity, totalAmount, expiryDate, stock) VALUES ('OR0016', 'ME0012', 'SU0006', 'ST0001', '2025-02-16', 'Cancelled', 56.35, 53, 2986.55, '2026-01-09', 53);
INSERT INTO Orders (ordersID, medicineID, supplierID, staffID, orderDate, orderStatus, unitPrice, quantity, totalAmount, expiryDate, stock) VALUES ('OR0017', 'ME0011', 'SU0017', 'ST0006', '2024-12-04', 'Pending', 76.17, 85, 6474.45, '2025-09-20', 85);
INSERT INTO Orders (ordersID, medicineID, supplierID, staffID, orderDate, orderStatus, unitPrice, quantity, totalAmount, expiryDate, stock) VALUES ('OR0018', 'ME0007', 'SU0004', 'ST0006', '2025-02-09', 'Pending', 14.81, 12, 177.72, '2025-10-29', 12);
INSERT INTO Orders (ordersID, medicineID, supplierID, staffID, orderDate, orderStatus, unitPrice, quantity, totalAmount, expiryDate, stock) VALUES ('OR0019', 'ME0002', 'SU0019', 'ST0007', '2024-09-22', 'Delivered', 42.43, 17, 721.31, '2025-12-10', 17);
INSERT INTO Orders (ordersID, medicineID, supplierID, staffID, orderDate, orderStatus, unitPrice, quantity, totalAmount, expiryDate, stock) VALUES ('OR0020', 'ME0011', 'SU0001', 'ST0001', '2024-09-05', 'Delivered', 50.58, 53, 2680.74, '2025-05-14', 53);
