INSERT INTO Staff (staffID, firstName, lastName, gender, dateOfBirth, nationality, idType, idNumber, contactNumber, email, address, position, medicalLicenseNumber, password, employmentDate) VALUES ('ST0001', 'Joseph', 'Grant', 'Male', '1982-12-20', 'Estonia', 'IC', '219-47-6768', '019-8242957', 'kingelizabeth@example.com', '00903 Sarah Ports Suite 695, South Loriborough, MT 21267', 'Admin', '', 'Password123!', '2023-08-16');
INSERT INTO Staff (staffID, firstName, lastName, gender, dateOfBirth, nationality, idType, idNumber, contactNumber, email, address, position, medicalLicenseNumber, password, employmentDate) VALUES ('ST0002', 'Michelle', 'Wilson', 'Male', '1964-04-24', 'Saint Pierre and Miquelon', 'Passport', '667-87-8554', '010-4783301', 'schmidtjody@example.net', '8529 Harrison Ford Suite 141, Riverachester, VT 42076', 'Doctor', 'MED701', 'Password123!', '2023-06-01');
INSERT INTO Staff (staffID, firstName, lastName, gender, dateOfBirth, nationality, idType, idNumber, contactNumber, email, address, position, medicalLicenseNumber, password, employmentDate) VALUES ('ST0003', 'Marc', 'Kerr', 'Male', '1984-10-16', 'Ghana', 'IC', '255-70-5845', '016-3778303', 'elizabeth36@example.org', 'PSC 3629, Box 7551, APO AE 19920', 'Admin', '', 'Password123!', '2018-07-29');
INSERT INTO Staff (staffID, firstName, lastName, gender, dateOfBirth, nationality, idType, idNumber, contactNumber, email, address, position, medicalLicenseNumber, password, employmentDate) VALUES ('ST0004', 'Angela', 'Jones', 'Male', '1984-05-22', 'Slovenia', 'IC', '134-72-4241', '011-8717543', 'gomezbryan@example.net', '8048 Atkins Locks, Smithville, AS 07316', 'Doctor', 'MED077', 'Password123!', '2017-11-11');
INSERT INTO Staff (staffID, firstName, lastName, gender, dateOfBirth, nationality, idType, idNumber, contactNumber, email, address, position, medicalLicenseNumber, password, employmentDate) VALUES ('ST0005', 'Kimberly', 'Spears', 'Male', '1984-04-13', 'Ethiopia', 'Passport', '569-52-4966', '017-6547582', 'charles69@example.org', '750 Gardner Centers Suite 024, Abigailbury, AZ 03198', 'Doctor', 'MED506', 'Password123!', '2021-05-23');
INSERT INTO Staff (staffID, firstName, lastName, gender, dateOfBirth, nationality, idType, idNumber, contactNumber, email, address, position, medicalLicenseNumber, password, employmentDate) VALUES ('ST0006', 'Christopher', 'Potts', 'Male', '1984-11-09', 'Jordan', 'IC', '866-70-7673', '013-3990313', 'chad58@example.net', 'USNS Wright, FPO AE 39627', 'Admin', '', 'Password123!', '2024-05-20');
INSERT INTO Staff (staffID, firstName, lastName, gender, dateOfBirth, nationality, idType, idNumber, contactNumber, email, address, position, medicalLicenseNumber, password, employmentDate) VALUES ('ST0007', 'Melissa', 'Woods', 'Male', '1992-08-18', 'Uganda', 'Passport', '253-49-7958', '013-8936140', 'diaznicole@example.com', '6655 Pamela Drive, Alexanderside, CO 73124', 'Doctor', 'MED075', 'Password123!', '2018-02-05');
INSERT INTO Staff (staffID, firstName, lastName, gender, dateOfBirth, nationality, idType, idNumber, contactNumber, email, address, position, medicalLicenseNumber, password, employmentDate) VALUES ('ST0008', 'Charles', 'Hardin', 'Male', '1975-07-01', 'Saint Lucia', 'Passport', '737-21-4407', '010-7963214', 'daniellejones@example.com', '934 Lisa Shore, Owenfort, VA 52280', 'Admin', '', 'Password123!', '2023-04-25');
INSERT INTO Staff (staffID, firstName, lastName, gender, dateOfBirth, nationality, idType, idNumber, contactNumber, email, address, position, medicalLicenseNumber, password, employmentDate) VALUES ('ST0009', 'Anne', 'Bishop', 'Male', '1994-06-23', 'Bouvet Island (Bouvetoya)', 'Passport', '748-93-4069', '019-1504682', 'lauren85@example.net', '0184 Nathan Lakes Apt. 287, East Timothyton, VI 78413', 'Admin', '', 'Password123!', '2024-03-02');
INSERT INTO Staff (staffID, firstName, lastName, gender, dateOfBirth, nationality, idType, idNumber, contactNumber, email, address, position, medicalLicenseNumber, password, employmentDate) VALUES ('ST0010', 'Jason', 'Martin', 'Female', '1992-09-17', 'Solomon Islands', 'Passport', '033-94-1335', '016-8992682', 'stephaniehawkins@example.net', '8712 Wolf Drive Suite 458, New Rachelside, AL 20191', 'Admin', '', 'Password123!', '2024-12-25');
INSERT INTO Patient (patientID, firstName, lastName, gender, dateOfBirth, age, nationality, idType, idNumber, studentId, contactNumber, email, address, emergencyContactName, emergencyContactNumber, allergies, bloodType, password) VALUES ('PA0001', 'Jose', 'Vaughan', 'Female', '2002-06-07', 23, 'Denmark', 'IC', '386-57-2337', 'S02553', '010-6574755', 'zmurillo@example.net', '3288 Bradley Wells Suite 568, Lake Joanna, Malaysia', 'Stephanie Wilson', '011-9008812', 'Latex', 'B+', '#U3+l0Qo');
INSERT INTO Patient (patientID, firstName, lastName, gender, dateOfBirth, age, nationality, idType, idNumber, studentId, contactNumber, email, address, emergencyContactName, emergencyContactNumber, allergies, bloodType, password) VALUES ('PA0002', 'Nicole', 'Henry', 'Male', '1996-07-10', 29, 'Tuvalu', 'Passport', '351-54-8973', 'S06000', '011-2242988', 'ngarcia@example.net', '05352 Nicolas Spur Suite 710, Julieberg, Malaysia', 'Tanya Daniels', '018-6721253', 'Latex', 'B-', '2_V58PKx');
INSERT INTO Patient (patientID, firstName, lastName, gender, dateOfBirth, age, nationality, idType, idNumber, studentId, contactNumber, email, address, emergencyContactName, emergencyContactNumber, allergies, bloodType, password) VALUES ('PA0003', 'Beth', 'Clark', 'Female', '1983-04-11', 42, 'North Macedonia', 'IC', '658-54-8311', 'S07021', '015-1848120', 'crystalbennett@example.org', '7435 Jeffrey Burgs Apt. 025, Molinafurt, Malaysia', 'Kenneth Price', '019-8223327', 'Latex', 'AB-', 'oLI+1Cys');
INSERT INTO Patient (patientID, firstName, lastName, gender, dateOfBirth, age, nationality, idType, idNumber, studentId, contactNumber, email, address, emergencyContactName, emergencyContactNumber, allergies, bloodType, password) VALUES ('PA0004', 'Joshua', 'Stewart', 'Female', '1984-07-23', 41, 'Antigua and Barbuda', 'IC', '114-23-5360', 'S04723', '012-1436180', 'dennis89@example.net', '4644 Melanie Islands Apt. 856, South Austinmouth, Malaysia', 'Emily Collier', '018-7328035', 'Peanuts', 'B-', ')8AGp^kz');
INSERT INTO Patient (patientID, firstName, lastName, gender, dateOfBirth, age, nationality, idType, idNumber, studentId, contactNumber, email, address, emergencyContactName, emergencyContactNumber, allergies, bloodType, password) VALUES ('PA0005', 'Sydney', 'Stokes', 'Male', '1990-08-09', 35, 'Belgium', 'IC', '234-05-3290', 'S05199', '015-5921852', 'vickispencer@example.org', '458 Kathleen Route, Davenportland, Malaysia', 'Zachary Price', '019-4135971', 'None', 'O+', 'wq#mI5Yx');
INSERT INTO Patient (patientID, firstName, lastName, gender, dateOfBirth, age, nationality, idType, idNumber, studentId, contactNumber, email, address, emergencyContactName, emergencyContactNumber, allergies, bloodType, password) VALUES ('PA0006', 'Rachel', 'Velez', 'Male', '1995-06-20', 30, 'Latvia', 'Passport', '339-59-6411', 'S00743', '010-7468133', 'garycastro@example.com', '575 Christopher Unions Suite 882, Derekshire, Malaysia', 'Stephanie Anderson', '017-3520589', 'Penicillin', 'B-', 'Q^F4BFSs');
INSERT INTO Patient (patientID, firstName, lastName, gender, dateOfBirth, age, nationality, idType, idNumber, studentId, contactNumber, email, address, emergencyContactName, emergencyContactNumber, allergies, bloodType, password) VALUES ('PA0007', 'Shelly', 'Smith', 'Female', '1989-02-01', 36, 'Tokelau', 'IC', '442-47-9561', 'S09772', '012-8085132', 'jwright@example.net', '258 Jonathan Rapid Apt. 437, Port Kari, Malaysia', 'Kelly Blair', '019-8322394', 'None', 'AB-', '4$9)Sdxf');
INSERT INTO Patient (patientID, firstName, lastName, gender, dateOfBirth, age, nationality, idType, idNumber, studentId, contactNumber, email, address, emergencyContactName, emergencyContactNumber, allergies, bloodType, password) VALUES ('PA0008', 'Michael', 'Bowman', 'Female', '1982-04-18', 43, 'Senegal', 'IC', '389-36-9722', 'S04759', '012-9227782', 'julia49@example.com', '2714 Allen Creek, Georgeside, Malaysia', 'Tiffany Jimenez', '011-5423886', 'Peanuts', 'O-', '&1HR84Ms');
INSERT INTO Patient (patientID, firstName, lastName, gender, dateOfBirth, age, nationality, idType, idNumber, studentId, contactNumber, email, address, emergencyContactName, emergencyContactNumber, allergies, bloodType, password) VALUES ('PA0009', 'Stephen', 'Bailey', 'Female', '1992-08-12', 33, 'Myanmar', 'IC', '767-96-4196', 'S06773', '010-7854082', 'briangrant@example.org', '75747 Avila Lock Suite 814, Brownport, Malaysia', 'Nicholas Rodriguez', '015-5324866', 'Penicillin', 'A+', '%k0SKnuj');
INSERT INTO Patient (patientID, firstName, lastName, gender, dateOfBirth, age, nationality, idType, idNumber, studentId, contactNumber, email, address, emergencyContactName, emergencyContactNumber, allergies, bloodType, password) VALUES ('PA0010', 'Ricardo', 'Benitez', 'Male', '1992-08-06', 33, 'Pakistan', 'IC', '225-72-6859', 'S05363', '010-5289573', 'christinawilson@example.net', '17176 Collins Heights Suite 265, Matthewburgh, Malaysia', 'Angela Richard MD', '018-8720107', 'Peanuts', 'AB+', 'a*H9T%Ss');
INSERT INTO Patient (patientID, firstName, lastName, gender, dateOfBirth, age, nationality, idType, idNumber, studentId, contactNumber, email, address, emergencyContactName, emergencyContactNumber, allergies, bloodType, password) VALUES ('PA0011', 'Andrew', 'Sosa', 'Female', '2000-08-14', 25, 'Kazakhstan', 'Passport', '277-31-6779', 'S08941', '019-2599698', 'travis59@example.net', '18008 Lester Mills Apt. 463, North Erin, Malaysia', 'Dr. Christopher Wagner', '013-4043580', 'Latex', 'AB+', 'T$4UnKNy');
INSERT INTO Patient (patientID, firstName, lastName, gender, dateOfBirth, age, nationality, idType, idNumber, studentId, contactNumber, email, address, emergencyContactName, emergencyContactNumber, allergies, bloodType, password) VALUES ('PA0012', 'Michael', 'Sparks', 'Male', '1994-02-21', 31, 'Gabon', 'IC', '486-52-2262', 'S02041', '015-7103839', 'jacksonsteven@example.com', '5079 Amanda Key, East Michael, Malaysia', 'Jaime Lloyd', '018-6682065', 'Latex', 'A+', 'mKe#9tVj');
INSERT INTO Patient (patientID, firstName, lastName, gender, dateOfBirth, age, nationality, idType, idNumber, studentId, contactNumber, email, address, emergencyContactName, emergencyContactNumber, allergies, bloodType, password) VALUES ('PA0013', 'Robert', 'Holmes', 'Male', '1995-11-19', 29, 'South Africa', 'IC', '002-53-8078', 'S02738', '010-4328969', 'morrisveronica@example.net', '8315 Sara Wells, Villahaven, Malaysia', 'Brittany Goodman', '012-4198352', 'None', 'AB-', 'k#1Ym#zi');
INSERT INTO Patient (patientID, firstName, lastName, gender, dateOfBirth, age, nationality, idType, idNumber, studentId, contactNumber, email, address, emergencyContactName, emergencyContactNumber, allergies, bloodType, password) VALUES ('PA0014', 'Autumn', 'Maldonado', 'Male', '1986-12-10', 38, 'Cook Islands', 'Passport', '013-61-4152', 'S00379', '018-5956737', 'johnstonashley@example.net', '370 Tucker Highway Suite 368, South Rachelfort, Malaysia', 'Erica Johnson', '011-3404961', 'Pollen', 'O+', '^5hG^W)c');
INSERT INTO Patient (patientID, firstName, lastName, gender, dateOfBirth, age, nationality, idType, idNumber, studentId, contactNumber, email, address, emergencyContactName, emergencyContactNumber, allergies, bloodType, password) VALUES ('PA0015', 'Kristi', 'Martin', 'Male', '1989-03-25', 36, 'Monaco', 'Passport', '204-77-5774', 'S05192', '018-4572759', 'natalie32@example.org', '446 Joshua Fall, Grayfurt, Malaysia', 'Colleen Lloyd', '016-3635252', 'Penicillin', 'O+', '$TrX4PYe');
INSERT INTO Patient (patientID, firstName, lastName, gender, dateOfBirth, age, nationality, idType, idNumber, studentId, contactNumber, email, address, emergencyContactName, emergencyContactNumber, allergies, bloodType, password) VALUES ('PA0016', 'Emily', 'Ramirez', 'Male', '1978-04-22', 47, 'Montserrat', 'Passport', '085-43-6408', 'S02759', '014-1274359', 'thomascooper@example.com', '0824 Mitchell Islands Suite 432, New Sandra, Malaysia', 'Angelica Brown', '012-4046024', 'Latex', 'B+', 'D%48E7Ov');
INSERT INTO Patient (patientID, firstName, lastName, gender, dateOfBirth, age, nationality, idType, idNumber, studentId, contactNumber, email, address, emergencyContactName, emergencyContactNumber, allergies, bloodType, password) VALUES ('PA0017', 'Timothy', 'Williams', 'Male', '1995-11-24', 29, 'Iran', 'IC', '483-34-7590', 'S01134', '019-1727891', 'hvelasquez@example.net', '856 Reeves Freeway Apt. 902, Patrickland, Malaysia', 'Jason Delacruz', '010-6836701', 'Latex', 'B-', 'p_B5tBe(');
INSERT INTO Patient (patientID, firstName, lastName, gender, dateOfBirth, age, nationality, idType, idNumber, studentId, contactNumber, email, address, emergencyContactName, emergencyContactNumber, allergies, bloodType, password) VALUES ('PA0018', 'Chad', 'Riley', 'Male', '2000-02-07', 25, 'Morocco', 'IC', '475-25-7545', 'S00469', '017-2075000', 'ericalewis@example.org', '86872 Dylan Creek Apt. 492, Kenttown, Malaysia', 'Rebecca Gentry', '015-5830635', 'None', 'AB+', '&$ql5UDt');
INSERT INTO Patient (patientID, firstName, lastName, gender, dateOfBirth, age, nationality, idType, idNumber, studentId, contactNumber, email, address, emergencyContactName, emergencyContactNumber, allergies, bloodType, password) VALUES ('PA0019', 'Megan', 'Smith', 'Female', '1984-07-01', 41, 'Cyprus', 'Passport', '027-54-4149', 'S01668', '016-3367272', 'pughwilliam@example.net', '713 Karen Drive, West Jaclyn, Malaysia', 'Nicole Whitney', '018-6051185', 'None', 'B-', '*c5OgpCl');
INSERT INTO Patient (patientID, firstName, lastName, gender, dateOfBirth, age, nationality, idType, idNumber, studentId, contactNumber, email, address, emergencyContactName, emergencyContactNumber, allergies, bloodType, password) VALUES ('PA0020', 'Jacob', 'Lane', 'Male', '2005-10-16', 19, 'Russian Federation', 'Passport', '882-89-9651', 'S02004', '016-1983181', 'brownamanda@example.com', '11158 Henson Mission, Matthewbury, Malaysia', 'Jennifer Hooper', '016-7955109', 'Latex', 'B+', '@KU5#Dfm');
INSERT INTO Appointment (appointmentID, patientID, appointmentTime, status, description, reason) VALUES ('AP0001', 'PA0003', '2025-08-01 12:30:00', 'Cancelled', 'General consultation', 'General Consultation');
INSERT INTO Appointment (appointmentID, patientID, appointmentTime, status, description, reason) VALUES ('AP0002', 'PA0020', '2025-08-01 08:30:00', 'No show', 'Prescription refill', 'General Consultation');
INSERT INTO Appointment (appointmentID, patientID, appointmentTime, status, description, reason) VALUES ('AP0003', 'PA0001', '2025-08-01 09:00:00', 'Cancelled', 'Flu symptoms', 'Follow-up');
INSERT INTO Appointment (appointmentID, patientID, appointmentTime, status, description, reason) VALUES ('AP0004', 'PA0001', '2025-08-01 19:00:00', 'No show', 'Post-op review', 'Prescription Refill');
INSERT INTO Appointment (appointmentID, patientID, appointmentTime, status, description, reason) VALUES ('AP0005', 'PA0016', '2025-08-02 19:30:00', 'Cancelled', 'Back pain assessment', 'Follow-up');
INSERT INTO Appointment (appointmentID, patientID, appointmentTime, status, description, reason) VALUES ('AP0006', 'PA0004', '2025-08-02 18:00:00', 'Cancelled', 'Flu symptoms', 'Prescription Refill');
INSERT INTO Appointment (appointmentID, patientID, appointmentTime, status, description, reason) VALUES ('AP0007', 'PA0001', '2025-08-02 10:00:00', 'Checked-in', 'Blood test review', 'General Consultation');
INSERT INTO Appointment (appointmentID, patientID, appointmentTime, status, description, reason) VALUES ('AP0008', 'PA0015', '2025-08-02 13:30:00', 'Cancelled', 'Routine check-up', 'Flu Symptoms');
INSERT INTO Appointment (appointmentID, patientID, appointmentTime, status, description, reason) VALUES ('AP0009', 'PA0017', '2025-08-03 08:00:00', 'Cancelled', 'Blood test review', 'Follow-up');
INSERT INTO Appointment (appointmentID, patientID, appointmentTime, status, description, reason) VALUES ('AP0010', 'PA0009', '2025-08-03 17:30:00', 'No show', 'General consultation', 'Back Pain');
INSERT INTO Appointment (appointmentID, patientID, appointmentTime, status, description, reason) VALUES ('AP0011', 'PA0003', '2025-08-03 12:30:00', 'Cancelled', 'Flu symptoms', 'Back Pain');
INSERT INTO Appointment (appointmentID, patientID, appointmentTime, status, description, reason) VALUES ('AP0012', 'PA0003', '2025-08-03 19:30:00', 'Cancelled', 'Routine check-up', 'Back Pain');
INSERT INTO Appointment (appointmentID, patientID, appointmentTime, status, description, reason) VALUES ('AP0013', 'PA0011', '2025-08-04 16:00:00', 'Checked-in', 'General consultation', 'Follow-up');
INSERT INTO Appointment (appointmentID, patientID, appointmentTime, status, description, reason) VALUES ('AP0014', 'PA0004', '2025-08-04 10:00:00', 'No show', 'Routine check-up', 'Follow-up');
INSERT INTO Appointment (appointmentID, patientID, appointmentTime, status, description, reason) VALUES ('AP0015', 'PA0004', '2025-08-04 16:30:00', 'Cancelled', 'Post-op review', 'Prescription Refill');
INSERT INTO Appointment (appointmentID, patientID, appointmentTime, status, description, reason) VALUES ('AP0016', 'PA0012', '2025-08-05 17:30:00', 'Cancelled', 'General consultation', 'Prescription Refill');
INSERT INTO Appointment (appointmentID, patientID, appointmentTime, status, description, reason) VALUES ('AP0017', 'PA0002', '2025-08-05 09:00:00', 'Checked-in', 'Prescription refill', 'Back Pain');
INSERT INTO Appointment (appointmentID, patientID, appointmentTime, status, description, reason) VALUES ('AP0018', 'PA0005', '2025-08-05 16:00:00', 'Checked-in', 'Prescription refill', 'Follow-up');
INSERT INTO Appointment (appointmentID, patientID, appointmentTime, status, description, reason) VALUES ('AP0019', 'PA0009', '2025-08-05 19:30:00', 'Cancelled', 'Routine check-up', 'Prescription Refill');
INSERT INTO Appointment (appointmentID, patientID, appointmentTime, status, description, reason) VALUES ('AP0020', 'PA0002', '2025-08-06 12:30:00', 'No show', 'Blood test review', 'Flu Symptoms');
INSERT INTO Appointment (appointmentID, patientID, appointmentTime, status, description, reason) VALUES ('AP0021', 'PA0006', '2025-08-06 15:00:00', 'Cancelled', 'Flu symptoms', 'Follow-up');
INSERT INTO Appointment (appointmentID, patientID, appointmentTime, status, description, reason) VALUES ('AP0022', 'PA0002', '2025-08-06 17:00:00', 'No show', 'Back pain assessment', 'Follow-up');
INSERT INTO Appointment (appointmentID, patientID, appointmentTime, status, description, reason) VALUES ('AP0023', 'PA0003', '2025-08-06 09:30:00', 'No show', 'Flu symptoms', 'Flu Symptoms');
INSERT INTO Appointment (appointmentID, patientID, appointmentTime, status, description, reason) VALUES ('AP0024', 'PA0001', '2025-08-07 13:30:00', 'Checked-in', 'Prescription refill', 'Routine Checkup');
INSERT INTO Appointment (appointmentID, patientID, appointmentTime, status, description, reason) VALUES ('AP0025', 'PA0011', '2025-08-07 16:30:00', 'Cancelled', 'Follow-up visit', 'Follow-up');
INSERT INTO Appointment (appointmentID, patientID, appointmentTime, status, description, reason) VALUES ('AP0026', 'PA0005', '2025-08-08 12:30:00', 'Cancelled', 'Blood test review', 'Routine Checkup');
INSERT INTO Appointment (appointmentID, patientID, appointmentTime, status, description, reason) VALUES ('AP0027', 'PA0018', '2025-08-08 09:00:00', 'No show', 'Prescription refill', 'Follow-up');
INSERT INTO Appointment (appointmentID, patientID, appointmentTime, status, description, reason) VALUES ('AP0028', 'PA0011', '2025-08-08 15:30:00', 'Checked-in', 'Follow-up visit', 'Flu Symptoms');
INSERT INTO Appointment (appointmentID, patientID, appointmentTime, status, description, reason) VALUES ('AP0029', 'PA0016', '2025-08-08 10:00:00', 'Cancelled', 'Post-op review', 'Flu Symptoms');
INSERT INTO Appointment (appointmentID, patientID, appointmentTime, status, description, reason) VALUES ('AP0030', 'PA0001', '2025-08-09 12:00:00', 'Cancelled', 'Flu symptoms', 'Prescription Refill');
INSERT INTO Appointment (appointmentID, patientID, appointmentTime, status, description, reason) VALUES ('AP0031', 'PA0014', '2025-08-09 17:00:00', 'No show', 'Follow-up visit', 'Prescription Refill');
INSERT INTO Appointment (appointmentID, patientID, appointmentTime, status, description, reason) VALUES ('AP0032', 'PA0013', '2025-08-09 14:00:00', 'No show', 'Follow-up visit', 'Routine Checkup');
INSERT INTO Appointment (appointmentID, patientID, appointmentTime, status, description, reason) VALUES ('AP0033', 'PA0008', '2025-08-10 16:00:00', 'Checked-in', 'Follow-up visit', 'Prescription Refill');
INSERT INTO Appointment (appointmentID, patientID, appointmentTime, status, description, reason) VALUES ('AP0034', 'PA0003', '2025-08-10 10:30:00', 'Checked-in', 'Flu symptoms', 'Prescription Refill');
INSERT INTO Appointment (appointmentID, patientID, appointmentTime, status, description, reason) VALUES ('AP0035', 'PA0002', '2025-08-10 09:00:00', 'Cancelled', 'Blood test review', 'Routine Checkup');
INSERT INTO Appointment (appointmentID, patientID, appointmentTime, status, description, reason) VALUES ('AP0036', 'PA0019', '2025-08-11 14:00:00', 'No show', 'Prescription refill', 'Routine Checkup');
INSERT INTO Appointment (appointmentID, patientID, appointmentTime, status, description, reason) VALUES ('AP0037', 'PA0014', '2025-08-11 14:30:00', 'Checked-in', 'Back pain assessment', 'Back Pain');
INSERT INTO Appointment (appointmentID, patientID, appointmentTime, status, description, reason) VALUES ('AP0038', 'PA0010', '2025-08-11 13:00:00', 'Checked-in', 'General consultation', 'Follow-up');
INSERT INTO Appointment (appointmentID, patientID, appointmentTime, status, description, reason) VALUES ('AP0039', 'PA0001', '2025-08-12 10:30:00', 'No show', 'Routine check-up', 'Back Pain');
INSERT INTO Appointment (appointmentID, patientID, appointmentTime, status, description, reason) VALUES ('AP0040', 'PA0019', '2025-08-12 14:00:00', 'No show', 'Post-op review', 'Follow-up');
INSERT INTO Appointment (appointmentID, patientID, appointmentTime, status, description, reason) VALUES ('AP0041', 'PA0005', '2025-08-12 17:30:00', 'Cancelled', 'Routine check-up', 'Flu Symptoms');
INSERT INTO Appointment (appointmentID, patientID, appointmentTime, status, description, reason) VALUES ('AP0042', 'PA0008', '2025-08-13 16:30:00', 'No show', 'General consultation', 'Follow-up');
INSERT INTO Appointment (appointmentID, patientID, appointmentTime, status, description, reason) VALUES ('AP0043', 'PA0003', '2025-08-13 17:00:00', 'No show', 'Back pain assessment', 'Follow-up');
INSERT INTO Appointment (appointmentID, patientID, appointmentTime, status, description, reason) VALUES ('AP0044', 'PA0007', '2025-08-14 08:30:00', 'Cancelled', 'Flu symptoms', 'Routine Checkup');
INSERT INTO Appointment (appointmentID, patientID, appointmentTime, status, description, reason) VALUES ('AP0045', 'PA0003', '2025-08-14 19:00:00', 'No show', 'Blood test review', 'Routine Checkup');
INSERT INTO Appointment (appointmentID, patientID, appointmentTime, status, description, reason) VALUES ('AP0046', 'PA0010', '2025-08-14 17:30:00', 'Checked-in', 'Follow-up visit', 'Routine Checkup');
INSERT INTO Appointment (appointmentID, patientID, appointmentTime, status, description, reason) VALUES ('AP0047', 'PA0015', '2025-08-14 10:00:00', 'Cancelled', 'Back pain assessment', 'Back Pain');
INSERT INTO Appointment (appointmentID, patientID, appointmentTime, status, description, reason) VALUES ('AP0048', 'PA0020', '2025-08-15 18:00:00', 'No show', 'Follow-up visit', 'Follow-up');
INSERT INTO Appointment (appointmentID, patientID, appointmentTime, status, description, reason) VALUES ('AP0049', 'PA0011', '2025-08-15 17:30:00', 'No show', 'Follow-up visit', 'Flu Symptoms');
INSERT INTO Appointment (appointmentID, patientID, appointmentTime, status, description, reason) VALUES ('AP0050', 'PA0009', '2025-08-16 15:30:00', 'Checked-in', 'Post-op review', 'Prescription Refill');
INSERT INTO Appointment (appointmentID, patientID, appointmentTime, status, description, reason) VALUES ('AP0051', 'PA0007', '2025-08-16 12:30:00', 'Cancelled', 'Post-op review', 'Follow-up');
INSERT INTO Appointment (appointmentID, patientID, appointmentTime, status, description, reason) VALUES ('AP0052', 'PA0012', '2025-08-16 19:00:00', 'Cancelled', 'Blood test review', 'Prescription Refill');
INSERT INTO Appointment (appointmentID, patientID, appointmentTime, status, description, reason) VALUES ('AP0053', 'PA0012', '2025-08-17 14:30:00', 'Cancelled', 'Prescription refill', 'Follow-up');
INSERT INTO Appointment (appointmentID, patientID, appointmentTime, status, description, reason) VALUES ('AP0054', 'PA0005', '2025-08-17 15:30:00', 'Cancelled', 'Blood test review', 'Back Pain');
INSERT INTO Appointment (appointmentID, patientID, appointmentTime, status, description, reason) VALUES ('AP0055', 'PA0004', '2025-08-17 12:00:00', 'Checked-in', 'Prescription refill', 'General Consultation');
INSERT INTO Appointment (appointmentID, patientID, appointmentTime, status, description, reason) VALUES ('AP0056', 'PA0003', '2025-08-17 17:30:00', 'Checked-in', 'Flu symptoms', 'Back Pain');
INSERT INTO Appointment (appointmentID, patientID, appointmentTime, status, description, reason) VALUES ('AP0057', 'PA0002', '2025-08-18 17:30:00', 'No show', 'Prescription refill', 'Routine Checkup');
INSERT INTO Appointment (appointmentID, patientID, appointmentTime, status, description, reason) VALUES ('AP0058', 'PA0019', '2025-08-18 17:00:00', 'No show', 'Post-op review', 'General Consultation');
INSERT INTO Appointment (appointmentID, patientID, appointmentTime, status, description, reason) VALUES ('AP0059', 'PA0002', '2025-08-19 19:00:00', 'No show', 'Back pain assessment', 'Flu Symptoms');
INSERT INTO Appointment (appointmentID, patientID, appointmentTime, status, description, reason) VALUES ('AP0060', 'PA0004', '2025-08-19 18:30:00', 'No show', 'Routine check-up', 'Routine Checkup');
INSERT INTO Appointment (appointmentID, patientID, appointmentTime, status, description, reason) VALUES ('AP0061', 'PA0015', '2025-08-20 17:30:00', 'Cancelled', 'Routine check-up', 'Routine Checkup');
INSERT INTO Appointment (appointmentID, patientID, appointmentTime, status, description, reason) VALUES ('AP0062', 'PA0008', '2025-08-20 12:30:00', 'No show', 'Back pain assessment', 'General Consultation');
INSERT INTO Appointment (appointmentID, patientID, appointmentTime, status, description, reason) VALUES ('AP0063', 'PA0011', '2025-08-20 19:30:00', 'Checked-in', 'Follow-up visit', 'Back Pain');
INSERT INTO Appointment (appointmentID, patientID, appointmentTime, status, description, reason) VALUES ('AP0064', 'PA0011', '2025-08-21 18:30:00', 'Checked-in', 'General consultation', 'Back Pain');
INSERT INTO Appointment (appointmentID, patientID, appointmentTime, status, description, reason) VALUES ('AP0065', 'PA0009', '2025-08-21 17:30:00', 'No show', 'General consultation', 'Prescription Refill');
INSERT INTO Appointment (appointmentID, patientID, appointmentTime, status, description, reason) VALUES ('AP0066', 'PA0018', '2025-08-21 18:00:00', 'Cancelled', 'Follow-up visit', 'General Consultation');
INSERT INTO Appointment (appointmentID, patientID, appointmentTime, status, description, reason) VALUES ('AP0067', 'PA0003', '2025-08-22 15:00:00', 'Checked-in', 'Back pain assessment', 'General Consultation');
INSERT INTO Appointment (appointmentID, patientID, appointmentTime, status, description, reason) VALUES ('AP0068', 'PA0001', '2025-08-22 13:30:00', 'Cancelled', 'Prescription refill', 'Routine Checkup');
INSERT INTO Appointment (appointmentID, patientID, appointmentTime, status, description, reason) VALUES ('AP0069', 'PA0011', '2025-08-23 14:30:00', 'No show', 'Blood test review', 'Follow-up');
INSERT INTO Appointment (appointmentID, patientID, appointmentTime, status, description, reason) VALUES ('AP0070', 'PA0010', '2025-08-23 16:30:00', 'Cancelled', 'General consultation', 'Prescription Refill');
INSERT INTO Appointment (appointmentID, patientID, appointmentTime, status, description, reason) VALUES ('AP0071', 'PA0001', '2025-08-23 16:00:00', 'Checked-in', 'Routine check-up', 'Back Pain');
INSERT INTO Appointment (appointmentID, patientID, appointmentTime, status, description, reason) VALUES ('AP0072', 'PA0011', '2025-08-23 08:30:00', 'Cancelled', 'Back pain assessment', 'Flu Symptoms');
INSERT INTO Appointment (appointmentID, patientID, appointmentTime, status, description, reason) VALUES ('AP0073', 'PA0012', '2025-08-24 08:30:00', 'Checked-in', 'Back pain assessment', 'General Consultation');
INSERT INTO Appointment (appointmentID, patientID, appointmentTime, status, description, reason) VALUES ('AP0074', 'PA0002', '2025-08-24 17:00:00', 'Checked-in', 'Blood test review', 'Flu Symptoms');
INSERT INTO Appointment (appointmentID, patientID, appointmentTime, status, description, reason) VALUES ('AP0075', 'PA0011', '2025-08-25 17:30:00', 'Cancelled', 'Routine check-up', 'Back Pain');
INSERT INTO Appointment (appointmentID, patientID, appointmentTime, status, description, reason) VALUES ('AP0076', 'PA0002', '2025-08-25 10:30:00', 'Cancelled', 'Flu symptoms', 'Follow-up');
INSERT INTO Appointment (appointmentID, patientID, appointmentTime, status, description, reason) VALUES ('AP0077', 'PA0015', '2025-08-25 19:30:00', 'Cancelled', 'Routine check-up', 'Routine Checkup');
INSERT INTO Appointment (appointmentID, patientID, appointmentTime, status, description, reason) VALUES ('AP0078', 'PA0018', '2025-08-26 18:00:00', 'Checked-in', 'General consultation', 'Follow-up');
INSERT INTO Appointment (appointmentID, patientID, appointmentTime, status, description, reason) VALUES ('AP0079', 'PA0003', '2025-08-26 15:00:00', 'Checked-in', 'Blood test review', 'Routine Checkup');
INSERT INTO Appointment (appointmentID, patientID, appointmentTime, status, description, reason) VALUES ('AP0080', 'PA0015', '2025-08-27 18:30:00', 'Cancelled', 'Prescription refill', 'Flu Symptoms');
INSERT INTO Appointment (appointmentID, patientID, appointmentTime, status, description, reason) VALUES ('AP0081', 'PA0009', '2025-08-27 11:30:00', 'No show', 'Post-op review', 'Follow-up');
INSERT INTO Appointment (appointmentID, patientID, appointmentTime, status, description, reason) VALUES ('AP0082', 'PA0004', '2025-08-27 11:00:00', 'Cancelled', 'Prescription refill', 'Follow-up');
INSERT INTO Appointment (appointmentID, patientID, appointmentTime, status, description, reason) VALUES ('AP0083', 'PA0018', '2025-08-28 13:30:00', 'No show', 'General consultation', 'General Consultation');
INSERT INTO Appointment (appointmentID, patientID, appointmentTime, status, description, reason) VALUES ('AP0084', 'PA0008', '2025-08-28 11:30:00', 'Checked-in', 'Follow-up visit', 'Routine Checkup');
INSERT INTO Appointment (appointmentID, patientID, appointmentTime, status, description, reason) VALUES ('AP0085', 'PA0013', '2025-08-29 10:00:00', 'No show', 'Back pain assessment', 'Follow-up');
INSERT INTO Appointment (appointmentID, patientID, appointmentTime, status, description, reason) VALUES ('AP0086', 'PA0018', '2025-08-29 14:00:00', 'No show', 'Back pain assessment', 'Routine Checkup');
INSERT INTO Appointment (appointmentID, patientID, appointmentTime, status, description, reason) VALUES ('AP0087', 'PA0018', '2025-08-30 16:00:00', 'Checked-in', 'Back pain assessment', 'Flu Symptoms');
INSERT INTO Appointment (appointmentID, patientID, appointmentTime, status, description, reason) VALUES ('AP0088', 'PA0017', '2025-08-30 19:30:00', 'Checked-in', 'Back pain assessment', 'Flu Symptoms');
INSERT INTO Appointment (appointmentID, patientID, appointmentTime, status, description, reason) VALUES ('AP0089', 'PA0008', '2025-08-30 18:30:00', 'Checked-in', 'Follow-up visit', 'Prescription Refill');
INSERT INTO Appointment (appointmentID, patientID, appointmentTime, status, description, reason) VALUES ('AP0090', 'PA0017', '2025-08-31 14:30:00', 'No show', 'General consultation', 'Back Pain');
INSERT INTO Appointment (appointmentID, patientID, appointmentTime, status, description, reason) VALUES ('AP0091', 'PA0005', '2025-08-31 09:00:00', 'Cancelled', 'General consultation', 'General Consultation');
INSERT INTO Appointment (appointmentID, patientID, appointmentTime, status, description, reason) VALUES ('AP0092', 'PA0018', '2025-08-31 08:00:00', 'No show', 'Blood test review', 'Prescription Refill');
INSERT INTO Appointment (appointmentID, patientID, appointmentTime, status, description, reason) VALUES ('AP0093', 'PA0018', '2025-08-31 17:00:00', 'No show', 'Prescription refill', 'Prescription Refill');
INSERT INTO Supplier (supplierId, supplierName, contactPerson, phoneNumber, email, address, bankName, accountNumber) VALUES ('SU0001', 'Kirk LLC', 'Louis Rhodes', '9769012842', 'lorihodge@example.org', 'PSC 1989, Box 7361, APO AP 64398', 'CitiBank', 'JAFQ76129435965292');
INSERT INTO Supplier (supplierId, supplierName, contactPerson, phoneNumber, email, address, bankName, accountNumber) VALUES ('SU0002', 'Robles and Sons', 'Lisa Wright', '001-471-800-4187', 'pstark@example.com', '9187 Tucker Overpass Apt. 904, Jacquelineland, LA 37336', 'Bank of America', 'VJRZ25567829793642');
INSERT INTO Supplier (supplierId, supplierName, contactPerson, phoneNumber, email, address, bankName, accountNumber) VALUES ('SU0003', 'Maxwell Inc', 'Joan Avila', '+1-483-742-8224x26046', 'victoriaconrad@example.net', '96371 Ronald Ford, East Karen, WA 84007', 'Bank of America', 'NDVR41078736389470');
INSERT INTO Supplier (supplierId, supplierName, contactPerson, phoneNumber, email, address, bankName, accountNumber) VALUES ('SU0004', 'Williams and Sons', 'Timothy Lam', '382.634.2702', 'ericaedwards@example.org', '53421 Juarez Roads Apt. 514, Lake Crystalhaven, MD 86972', 'HSBC', 'RYPV01495764633350');
INSERT INTO Supplier (supplierId, supplierName, contactPerson, phoneNumber, email, address, bankName, accountNumber) VALUES ('SU0005', 'Delacruz, Morris and Rose', 'Michael Bryan', '001-454-335-4665x512', 'hsoto@example.net', '2494 Shane Fort Apt. 047, Hernandezfort, NM 23705', 'CitiBank', 'HWVA60293369016400');
INSERT INTO Medicine (medicineID, medicineName, description, reorderLevel, sellingPrice) VALUES ('ME0001', 'Paracetamol 500mg', 'Analgesic/antipyretic for pain and fever.', 20, 0.35);
INSERT INTO Medicine (medicineID, medicineName, description, reorderLevel, sellingPrice) VALUES ('ME0002', 'Ibuprofen 200mg', 'NSAID for pain and inflammation.', 20, 0.45);
INSERT INTO Medicine (medicineID, medicineName, description, reorderLevel, sellingPrice) VALUES ('ME0003', 'Naproxen 250mg', 'NSAID for pain and inflammation.', 20, 0.8);
INSERT INTO Medicine (medicineID, medicineName, description, reorderLevel, sellingPrice) VALUES ('ME0004', 'Loratadine 10mg', 'Antihistamine for allergic rhinitis.', 20, 0.6);
INSERT INTO Medicine (medicineID, medicineName, description, reorderLevel, sellingPrice) VALUES ('ME0005', 'Cetirizine 10mg', 'Antihistamine for allergic rhinitis.', 20, 0.55);
INSERT INTO Medicine (medicineID, medicineName, description, reorderLevel, sellingPrice) VALUES ('ME0006', 'Dextromethorphan Syrup 10mg/5ml', 'Cough suppressant.', 20, 6.5);
INSERT INTO Medicine (medicineID, medicineName, description, reorderLevel, sellingPrice) VALUES ('ME0007', 'Metformin 500mg', 'Oral hypoglycemic for type 2 diabetes.', 20, 0.4);
INSERT INTO Medicine (medicineID, medicineName, description, reorderLevel, sellingPrice) VALUES ('ME0008', 'Amlodipine 5mg', 'Calcium-channel blocker for hypertension.', 20, 0.7);
INSERT INTO Medicine (medicineID, medicineName, description, reorderLevel, sellingPrice) VALUES ('ME0009', 'Lisinopril 10mg', 'ACE inhibitor for hypertension.', 20, 0.65);
INSERT INTO Medicine (medicineID, medicineName, description, reorderLevel, sellingPrice) VALUES ('ME0010', 'Omeprazole 20mg', 'Proton pump inhibitor for dyspepsia/GERD.', 20, 0.5);
INSERT INTO Medicine (medicineID, medicineName, description, reorderLevel, sellingPrice) VALUES ('ME0011', 'Ondansetron 4mg', 'Antiemetic for nausea/vomiting.', 20, 1.2);
INSERT INTO Medicine (medicineID, medicineName, description, reorderLevel, sellingPrice) VALUES ('ME0012', 'ORS Sachet', 'Oral rehydration salts.', 20, 1.0);
INSERT INTO Medicine (medicineID, medicineName, description, reorderLevel, sellingPrice) VALUES ('ME0013', 'Salbutamol Inhaler 100mcg', 'Reliever inhaler for bronchospasm.', 20, 18.0);
INSERT INTO Medicine (medicineID, medicineName, description, reorderLevel, sellingPrice) VALUES ('ME0014', 'Amoxicillin 500mg', 'Antibiotic for susceptible infections.', 20, 0.75);
INSERT INTO Medicine (medicineID, medicineName, description, reorderLevel, sellingPrice) VALUES ('ME0015', 'Diclofenac Gel 1%', 'Topical NSAID for localized pain.', 20, 12.0);
INSERT INTO Appointment (appointmentID, patientID, appointmentTime, status, description, reason) VALUES ('AP0094', 'PA0011', '2025-07-08 12:00:00', 'Scheduled', 'Follow-up visit', 'Follow-up');
INSERT INTO Appointment (appointmentID, patientID, appointmentTime, status, description, reason) VALUES ('AP0095', 'PA0013', '2025-07-17 17:00:00', 'Scheduled', 'Follow-up visit', 'Follow-up');
INSERT INTO Appointment (appointmentID, patientID, appointmentTime, status, description, reason) VALUES ('AP0096', 'PA0016', '2025-08-11 15:30:00', 'Scheduled', 'Follow-up visit', 'Follow-up');
INSERT INTO Appointment (appointmentID, patientID, appointmentTime, status, description, reason) VALUES ('AP0097', 'PA0007', '2025-07-27 09:30:00', 'Scheduled', 'Follow-up visit', 'Follow-up');
INSERT INTO Appointment (appointmentID, patientID, appointmentTime, status, description, reason) VALUES ('AP0098', 'PA0019', '2025-08-23 17:00:00', 'Scheduled', 'Follow-up visit', 'Follow-up');
INSERT INTO Appointment (appointmentID, patientID, appointmentTime, status, description, reason) VALUES ('AP0099', 'PA0008', '2025-09-04 10:00:00', 'Scheduled', 'Follow-up visit', 'Follow-up');
INSERT INTO Appointment (appointmentID, patientID, appointmentTime, status, description, reason) VALUES ('AP0100', 'PA0011', '2025-07-29 11:00:00', 'Scheduled', 'Follow-up visit', 'Follow-up');
INSERT INTO Appointment (appointmentID, patientID, appointmentTime, status, description, reason) VALUES ('AP0101', 'PA0006', '2025-08-07 12:00:00', 'Scheduled', 'Follow-up visit', 'Follow-up');
INSERT INTO Appointment (appointmentID, patientID, appointmentTime, status, description, reason) VALUES ('AP0102', 'PA0014', '2025-08-28 14:00:00', 'Scheduled', 'Follow-up visit', 'Follow-up');
INSERT INTO Appointment (appointmentID, patientID, appointmentTime, status, description, reason) VALUES ('AP0103', 'PA0017', '2025-09-01 09:00:00', 'Scheduled', 'Follow-up visit', 'Follow-up');
INSERT INTO Appointment (appointmentID, patientID, appointmentTime, status, description, reason) VALUES ('AP0104', 'PA0020', '2025-08-09 17:00:00', 'Scheduled', 'Follow-up visit', 'Follow-up');
INSERT INTO Appointment (appointmentID, patientID, appointmentTime, status, description, reason) VALUES ('AP0105', 'PA0002', '2025-07-21 16:30:00', 'Scheduled', 'Follow-up visit', 'Follow-up');
INSERT INTO Appointment (appointmentID, patientID, appointmentTime, status, description, reason) VALUES ('AP0106', 'PA0003', '2025-07-22 16:00:00', 'Scheduled', 'Follow-up visit', 'Follow-up');
INSERT INTO Appointment (appointmentID, patientID, appointmentTime, status, description, reason) VALUES ('AP0107', 'PA0013', '2025-08-05 16:00:00', 'Scheduled', 'Follow-up visit', 'Follow-up');
INSERT INTO Appointment (appointmentID, patientID, appointmentTime, status, description, reason) VALUES ('AP0108', 'PA0001', '2025-07-31 09:00:00', 'Scheduled', 'Follow-up visit', 'Follow-up');
INSERT INTO Appointment (appointmentID, patientID, appointmentTime, status, description, reason) VALUES ('AP0109', 'PA0018', '2025-07-11 17:00:00', 'Scheduled', 'Follow-up visit', 'Follow-up');
INSERT INTO Appointment (appointmentID, patientID, appointmentTime, status, description, reason) VALUES ('AP0110', 'PA0005', '2025-08-07 10:30:00', 'Scheduled', 'Follow-up visit', 'Follow-up');
INSERT INTO Appointment (appointmentID, patientID, appointmentTime, status, description, reason) VALUES ('AP0111', 'PA0019', '2025-07-12 12:00:00', 'Scheduled', 'Follow-up visit', 'Follow-up');
INSERT INTO Appointment (appointmentID, patientID, appointmentTime, status, description, reason) VALUES ('AP0112', 'PA0001', '2025-07-25 16:30:00', 'Scheduled', 'Follow-up visit', 'Follow-up');
INSERT INTO Appointment (appointmentID, patientID, appointmentTime, status, description, reason) VALUES ('AP0113', 'PA0010', '2025-08-11 11:30:00', 'Scheduled', 'Follow-up visit', 'Follow-up');
INSERT INTO Appointment (appointmentID, patientID, appointmentTime, status, description, reason) VALUES ('AP0114', 'PA0010', '2025-07-22 15:30:00', 'Scheduled', 'Follow-up visit', 'Follow-up');
INSERT INTO Bill (billID, totalAmount, paymentMethod) VALUES ('BI0001', 23.0, 'Credit Card');
INSERT INTO Bill (billID, totalAmount, paymentMethod) VALUES ('BI0002', 36.5, 'Debit Card');
INSERT INTO Bill (billID, totalAmount, paymentMethod) VALUES ('BI0003', 28.0, 'Debit Card');
INSERT INTO Bill (billID, totalAmount, paymentMethod) VALUES ('BI0004', 78.5, 'Credit Card');
INSERT INTO Bill (billID, totalAmount, paymentMethod) VALUES ('BI0005', 30.4, 'Cash');
INSERT INTO Bill (billID, totalAmount, paymentMethod) VALUES ('BI0006', 26.0, 'Cash');
INSERT INTO Bill (billID, totalAmount, paymentMethod) VALUES ('BI0007', 121.7, 'Cash');
INSERT INTO Bill (billID, totalAmount, paymentMethod) VALUES ('BI0008', 29.65, 'Cash');
INSERT INTO Bill (billID, totalAmount, paymentMethod) VALUES ('BI0009', 77.25, 'Debit Card');
INSERT INTO Bill (billID, totalAmount, paymentMethod) VALUES ('BI0010', 32.85, 'Credit Card');
INSERT INTO Bill (billID, totalAmount, paymentMethod) VALUES ('BI0011', 28.0, 'Cash');
INSERT INTO Bill (billID, totalAmount, paymentMethod) VALUES ('BI0012', 28.45, 'Credit Card');
INSERT INTO Bill (billID, totalAmount, paymentMethod) VALUES ('BI0013', 70.8, 'Credit Card');
INSERT INTO Bill (billID, totalAmount, paymentMethod) VALUES ('BI0014', 38.8, 'Credit Card');
INSERT INTO Bill (billID, totalAmount, paymentMethod) VALUES ('BI0015', 42.95, 'Debit Card');
INSERT INTO Bill (billID, totalAmount, paymentMethod) VALUES ('BI0016', 82.5, 'Cash');
INSERT INTO Bill (billID, totalAmount, paymentMethod) VALUES ('BI0017', 33.0, 'Debit Card');
INSERT INTO Bill (billID, totalAmount, paymentMethod) VALUES ('BI0018', 42.3, 'Credit Card');
INSERT INTO Bill (billID, totalAmount, paymentMethod) VALUES ('BI0019', 24.2, 'Cash');
INSERT INTO Bill (billID, totalAmount, paymentMethod) VALUES ('BI0020', 22.0, 'Debit Card');
INSERT INTO Bill (billID, totalAmount, paymentMethod) VALUES ('BI0021', 151.45, 'Credit Card');
INSERT INTO Bill (billID, totalAmount, paymentMethod) VALUES ('BI0022', 37.7, 'Cash');
INSERT INTO Bill (billID, totalAmount, paymentMethod) VALUES ('BI0023', 32.95, 'Debit Card');
INSERT INTO Bill (billID, totalAmount, paymentMethod) VALUES ('BI0024', 35.2, 'Cash');
INSERT INTO Bill (billID, totalAmount, paymentMethod) VALUES ('BI0025', 30.5, 'Debit Card');
INSERT INTO Bill (billID, totalAmount, paymentMethod) VALUES ('BI0026', 23.2, 'Cash');
INSERT INTO Bill (billID, totalAmount, paymentMethod) VALUES ('BI0027', 104.5, 'Debit Card');
INSERT INTO Bill (billID, totalAmount, paymentMethod) VALUES ('BI0028', 52.5, 'Debit Card');
INSERT INTO Bill (billID, totalAmount, paymentMethod) VALUES ('BI0029', 34.55, 'Debit Card');
INSERT INTO Bill (billID, totalAmount, paymentMethod) VALUES ('BI0030', 26.6, 'Debit Card');
INSERT INTO Bill (billID, totalAmount, paymentMethod) VALUES ('BI0031', 22.4, 'Credit Card');
INSERT INTO Bill (billID, totalAmount, paymentMethod) VALUES ('BI0032', 36.05, 'Debit Card');
INSERT INTO Bill (billID, totalAmount, paymentMethod) VALUES ('BI0033', 28.4, 'Credit Card');
INSERT INTO Bill (billID, totalAmount, paymentMethod) VALUES ('BI0034', 28.0, 'Debit Card');
INSERT INTO Bill (billID, totalAmount, paymentMethod) VALUES ('BI0035', 37.25, 'Cash');
INSERT INTO Bill (billID, totalAmount, paymentMethod) VALUES ('BI0036', 30.2, 'Debit Card');
INSERT INTO Consultation (consultationID, patientID, doctorID, staffID, billID, symptoms, diagnosis, consultationDate, checkInTime, status, isFollowUpRequired, mcID, startDate, endDate, appointmentID) VALUES ('CO0001', 'PA0011', 'ST0005', 'ST0346', 'BI0001', 'Cough', 'Cold', '2025-06-27', '2025-06-27 15:30:00', 'Cancelled', True, NULL, NULL, NULL, 'AP0094');
INSERT INTO Consultation (consultationID, patientID, doctorID, staffID, billID, symptoms, diagnosis, consultationDate, checkInTime, status, isFollowUpRequired, mcID, startDate, endDate, appointmentID) VALUES ('CO0002', 'PA0013', 'ST0007', 'ST6603', 'BI0002', 'Cough', 'Hypertension', '2025-07-07', '2025-07-07 13:15:00', 'Cancelled', True, NULL, NULL, NULL, 'AP0095');
INSERT INTO Consultation (consultationID, patientID, doctorID, staffID, billID, symptoms, diagnosis, consultationDate, checkInTime, status, isFollowUpRequired, mcID, startDate, endDate, appointmentID) VALUES ('CO0003', 'PA0012', 'ST0002', 'ST0928', 'BI0003', 'Fever', 'Diabetes', '2025-08-28', '2025-08-28 13:00:00', 'Cancelled', False, NULL, NULL, NULL, NULL);
INSERT INTO Consultation (consultationID, patientID, doctorID, staffID, billID, symptoms, diagnosis, consultationDate, checkInTime, status, isFollowUpRequired, mcID, startDate, endDate, appointmentID) VALUES ('CO0004', 'PA0016', 'ST0004', 'ST8459', 'BI0004', 'Fever', 'Flu', '2025-07-29', '2025-07-29 16:15:00', 'Completed', True, 'MC0001', '2025-07-29', '2025-08-02', 'AP0096');
INSERT INTO Consultation (consultationID, patientID, doctorID, staffID, billID, symptoms, diagnosis, consultationDate, checkInTime, status, isFollowUpRequired, mcID, startDate, endDate, appointmentID) VALUES ('CO0005', 'PA0007', 'ST0004', 'ST4549', 'BI0005', 'Fever', 'Hypertension', '2025-07-13', '2025-07-13 13:45:00', 'Completed', True, NULL, NULL, NULL, 'AP0097');
INSERT INTO Consultation (consultationID, patientID, doctorID, staffID, billID, symptoms, diagnosis, consultationDate, checkInTime, status, isFollowUpRequired, mcID, startDate, endDate, appointmentID) VALUES ('CO0006', 'PA0013', 'ST0002', 'ST2269', 'BI0006', 'Back pain', 'Cold', '2025-08-22', '2025-08-22 13:30:00', 'Cancelled', False, 'MC0002', '2025-08-22', '2025-08-23', NULL);
INSERT INTO Consultation (consultationID, patientID, doctorID, staffID, billID, symptoms, diagnosis, consultationDate, checkInTime, status, isFollowUpRequired, mcID, startDate, endDate, appointmentID) VALUES ('CO0007', 'PA0019', 'ST0007', 'ST8092', 'BI0007', 'Fever', 'Flu', '2025-08-16', '2025-08-16 15:15:00', 'Cancelled', True, 'MC0003', '2025-08-16', '2025-08-17', 'AP0098');
INSERT INTO Consultation (consultationID, patientID, doctorID, staffID, billID, symptoms, diagnosis, consultationDate, checkInTime, status, isFollowUpRequired, mcID, startDate, endDate, appointmentID) VALUES ('CO0008', 'PA0008', 'ST0005', 'ST9408', 'BI0008', 'Fever', 'Flu', '2025-08-28', '2025-08-28 09:45:00', 'Completed', True, 'MC0004', '2025-08-28', '2025-09-01', 'AP0099');
INSERT INTO Consultation (consultationID, patientID, doctorID, staffID, billID, symptoms, diagnosis, consultationDate, checkInTime, status, isFollowUpRequired, mcID, startDate, endDate, appointmentID) VALUES ('CO0009', 'PA0010', 'ST0002', 'ST1845', 'BI0009', 'Back pain', 'Flu', '2025-07-15', '2025-07-15 13:15:00', 'Cancelled', False, NULL, NULL, NULL, NULL);
INSERT INTO Consultation (consultationID, patientID, doctorID, staffID, billID, symptoms, diagnosis, consultationDate, checkInTime, status, isFollowUpRequired, mcID, startDate, endDate, appointmentID) VALUES ('CO0010', 'PA0011', 'ST0007', 'ST1937', NULL, 'Headache', 'Healthy', '2025-07-19', '2025-07-19 08:30:00', 'Completed', True, 'MC0005', '2025-07-19', '2025-07-21', 'AP0100');
INSERT INTO Consultation (consultationID, patientID, doctorID, staffID, billID, symptoms, diagnosis, consultationDate, checkInTime, status, isFollowUpRequired, mcID, startDate, endDate, appointmentID) VALUES ('CO0011', 'PA0008', 'ST0005', 'ST3828', 'BI0010', 'Fever', 'Cold', '2025-08-13', '2025-08-13 11:30:00', 'Cancelled', False, NULL, NULL, NULL, NULL);
INSERT INTO Consultation (consultationID, patientID, doctorID, staffID, billID, symptoms, diagnosis, consultationDate, checkInTime, status, isFollowUpRequired, mcID, startDate, endDate, appointmentID) VALUES ('CO0012', 'PA0016', 'ST0004', 'ST9467', 'BI0011', 'Back pain', 'Diabetes', '2025-08-09', '2025-08-09 14:15:00', 'Cancelled', False, 'MC0006', '2025-08-09', '2025-08-13', NULL);
INSERT INTO Consultation (consultationID, patientID, doctorID, staffID, billID, symptoms, diagnosis, consultationDate, checkInTime, status, isFollowUpRequired, mcID, startDate, endDate, appointmentID) VALUES ('CO0013', 'PA0013', 'ST0005', 'ST9057', 'BI0012', 'Headache', 'Hypertension', '2025-07-13', '2025-07-13 09:45:00', 'Cancelled', False, 'MC0007', '2025-07-13', '2025-07-14', NULL);
INSERT INTO Consultation (consultationID, patientID, doctorID, staffID, billID, symptoms, diagnosis, consultationDate, checkInTime, status, isFollowUpRequired, mcID, startDate, endDate, appointmentID) VALUES ('CO0014', 'PA0018', 'ST0007', 'ST3625', 'BI0013', 'Back pain', 'Flu', '2025-07-09', '2025-07-09 15:45:00', 'Completed', False, NULL, NULL, NULL, NULL);
INSERT INTO Consultation (consultationID, patientID, doctorID, staffID, billID, symptoms, diagnosis, consultationDate, checkInTime, status, isFollowUpRequired, mcID, startDate, endDate, appointmentID) VALUES ('CO0015', 'PA0006', 'ST0005', 'ST2553', NULL, 'Headache', 'Healthy', '2025-07-25', '2025-07-25 14:15:00', 'Cancelled', True, 'MC0008', '2025-07-25', '2025-07-26', 'AP0101');
INSERT INTO Consultation (consultationID, patientID, doctorID, staffID, billID, symptoms, diagnosis, consultationDate, checkInTime, status, isFollowUpRequired, mcID, startDate, endDate, appointmentID) VALUES ('CO0016', 'PA0010', 'ST0004', 'ST1621', 'BI0014', 'Cough', 'Hypertension', '2025-07-07', '2025-07-07 15:00:00', 'Cancelled', False, NULL, NULL, NULL, NULL);
INSERT INTO Consultation (consultationID, patientID, doctorID, staffID, billID, symptoms, diagnosis, consultationDate, checkInTime, status, isFollowUpRequired, mcID, startDate, endDate, appointmentID) VALUES ('CO0017', 'PA0014', 'ST0004', 'ST1953', 'BI0015', 'Cough', 'Hypertension', '2025-08-20', '2025-08-20 15:00:00', 'Cancelled', True, NULL, NULL, NULL, 'AP0102');
INSERT INTO Consultation (consultationID, patientID, doctorID, staffID, billID, symptoms, diagnosis, consultationDate, checkInTime, status, isFollowUpRequired, mcID, startDate, endDate, appointmentID) VALUES ('CO0018', 'PA0011', 'ST0007', 'ST4108', 'BI0016', 'Cough', 'Flu', '2025-08-04', '2025-08-04 15:30:00', 'Completed', False, 'MC0009', '2025-08-04', '2025-08-08', NULL);
INSERT INTO Consultation (consultationID, patientID, doctorID, staffID, billID, symptoms, diagnosis, consultationDate, checkInTime, status, isFollowUpRequired, mcID, startDate, endDate, appointmentID) VALUES ('CO0019', 'PA0017', 'ST0005', 'ST3493', 'BI0017', 'Cough', 'Hypertension', '2025-08-25', '2025-08-25 15:45:00', 'Cancelled', True, 'MC0010', '2025-08-25', '2025-08-26', 'AP0103');
INSERT INTO Consultation (consultationID, patientID, doctorID, staffID, billID, symptoms, diagnosis, consultationDate, checkInTime, status, isFollowUpRequired, mcID, startDate, endDate, appointmentID) VALUES ('CO0020', 'PA0017', 'ST0004', 'ST2868', NULL, 'Headache', 'Healthy', '2025-08-06', '2025-08-06 15:30:00', 'Cancelled', False, NULL, NULL, NULL, NULL);
INSERT INTO Consultation (consultationID, patientID, doctorID, staffID, billID, symptoms, diagnosis, consultationDate, checkInTime, status, isFollowUpRequired, mcID, startDate, endDate, appointmentID) VALUES ('CO0021', 'PA0020', 'ST0007', 'ST6093', 'BI0018', 'Back pain', 'Hypertension', '2025-08-01', '2025-08-01 10:15:00', 'Cancelled', True, NULL, NULL, NULL, 'AP0104');
INSERT INTO Consultation (consultationID, patientID, doctorID, staffID, billID, symptoms, diagnosis, consultationDate, checkInTime, status, isFollowUpRequired, mcID, startDate, endDate, appointmentID) VALUES ('CO0022', 'PA0002', 'ST0007', 'ST5211', 'BI0019', 'Back pain', 'Cold', '2025-07-09', '2025-07-09 08:15:00', 'Completed', True, NULL, NULL, NULL, 'AP0105');
INSERT INTO Consultation (consultationID, patientID, doctorID, staffID, billID, symptoms, diagnosis, consultationDate, checkInTime, status, isFollowUpRequired, mcID, startDate, endDate, appointmentID) VALUES ('CO0023', 'PA0002', 'ST0002', 'ST2249', NULL, 'Nausea', 'Healthy', '2025-08-29', '2025-08-29 08:00:00', 'Completed', False, 'MC0011', '2025-08-29', '2025-09-01', NULL);
INSERT INTO Consultation (consultationID, patientID, doctorID, staffID, billID, symptoms, diagnosis, consultationDate, checkInTime, status, isFollowUpRequired, mcID, startDate, endDate, appointmentID) VALUES ('CO0024', 'PA0003', 'ST0004', 'ST7796', 'BI0020', 'Cough', 'Diabetes', '2025-07-13', '2025-07-13 10:15:00', 'Completed', True, 'MC0012', '2025-07-13', '2025-07-15', 'AP0106');
INSERT INTO Consultation (consultationID, patientID, doctorID, staffID, billID, symptoms, diagnosis, consultationDate, checkInTime, status, isFollowUpRequired, mcID, startDate, endDate, appointmentID) VALUES ('CO0025', 'PA0013', 'ST0007', 'ST2396', 'BI0021', 'Headache', 'Flu', '2025-07-23', '2025-07-23 16:15:00', 'Cancelled', True, NULL, NULL, NULL, 'AP0107');
INSERT INTO Consultation (consultationID, patientID, doctorID, staffID, billID, symptoms, diagnosis, consultationDate, checkInTime, status, isFollowUpRequired, mcID, startDate, endDate, appointmentID) VALUES ('CO0026', 'PA0009', 'ST0002', 'ST2608', 'BI0022', 'Fever', 'Hypertension', '2025-08-09', '2025-08-09 16:15:00', 'Cancelled', False, NULL, NULL, NULL, NULL);
INSERT INTO Consultation (consultationID, patientID, doctorID, staffID, billID, symptoms, diagnosis, consultationDate, checkInTime, status, isFollowUpRequired, mcID, startDate, endDate, appointmentID) VALUES ('CO0027', 'PA0001', 'ST0007', 'ST6834', 'BI0023', 'Headache', 'Hypertension', '2025-07-18', '2025-07-18 13:45:00', 'Completed', True, 'MC0013', '2025-07-18', '2025-07-22', 'AP0108');
INSERT INTO Consultation (consultationID, patientID, doctorID, staffID, billID, symptoms, diagnosis, consultationDate, checkInTime, status, isFollowUpRequired, mcID, startDate, endDate, appointmentID) VALUES ('CO0028', 'PA0018', 'ST0002', 'ST0100', 'BI0024', 'Nausea', 'Cold', '2025-06-27', '2025-06-27 13:30:00', 'Completed', True, NULL, NULL, NULL, 'AP0109');
INSERT INTO Consultation (consultationID, patientID, doctorID, staffID, billID, symptoms, diagnosis, consultationDate, checkInTime, status, isFollowUpRequired, mcID, startDate, endDate, appointmentID) VALUES ('CO0029', 'PA0006', 'ST0002', 'ST7344', 'BI0025', 'Cough', 'Cold', '2025-07-15', '2025-07-15 09:00:00', 'Cancelled', False, NULL, NULL, NULL, NULL);
INSERT INTO Consultation (consultationID, patientID, doctorID, staffID, billID, symptoms, diagnosis, consultationDate, checkInTime, status, isFollowUpRequired, mcID, startDate, endDate, appointmentID) VALUES ('CO0030', 'PA0005', 'ST0002', 'ST0644', 'BI0026', 'Fever', 'Diabetes', '2025-07-25', '2025-07-25 08:15:00', 'Cancelled', True, NULL, NULL, NULL, 'AP0110');
INSERT INTO Consultation (consultationID, patientID, doctorID, staffID, billID, symptoms, diagnosis, consultationDate, checkInTime, status, isFollowUpRequired, mcID, startDate, endDate, appointmentID) VALUES ('CO0031', 'PA0018', 'ST0005', 'ST1499', 'BI0027', 'Headache', 'Flu', '2025-07-25', '2025-07-25 10:00:00', 'Cancelled', False, NULL, NULL, NULL, NULL);
INSERT INTO Consultation (consultationID, patientID, doctorID, staffID, billID, symptoms, diagnosis, consultationDate, checkInTime, status, isFollowUpRequired, mcID, startDate, endDate, appointmentID) VALUES ('CO0032', 'PA0019', 'ST0007', 'ST6208', 'BI0028', 'Back pain', 'Flu', '2025-06-28', '2025-06-28 12:30:00', 'Cancelled', True, NULL, NULL, NULL, 'AP0111');
INSERT INTO Consultation (consultationID, patientID, doctorID, staffID, billID, symptoms, diagnosis, consultationDate, checkInTime, status, isFollowUpRequired, mcID, startDate, endDate, appointmentID) VALUES ('CO0033', 'PA0009', 'ST0007', 'ST5044', 'BI0029', 'Nausea', 'Hypertension', '2025-07-14', '2025-07-14 15:00:00', 'Cancelled', False, NULL, NULL, NULL, NULL);
INSERT INTO Consultation (consultationID, patientID, doctorID, staffID, billID, symptoms, diagnosis, consultationDate, checkInTime, status, isFollowUpRequired, mcID, startDate, endDate, appointmentID) VALUES ('CO0034', 'PA0001', 'ST0005', 'ST1151', 'BI0030', 'Back pain', 'Cold', '2025-07-11', '2025-07-11 11:30:00', 'Cancelled', True, NULL, NULL, NULL, 'AP0112');
INSERT INTO Consultation (consultationID, patientID, doctorID, staffID, billID, symptoms, diagnosis, consultationDate, checkInTime, status, isFollowUpRequired, mcID, startDate, endDate, appointmentID) VALUES ('CO0035', 'PA0010', 'ST0007', 'ST4045', 'BI0031', 'Fever', 'Diabetes', '2025-08-01', '2025-08-01 10:45:00', 'Cancelled', True, 'MC0014', '2025-08-01', '2025-08-06', 'AP0113');
INSERT INTO Consultation (consultationID, patientID, doctorID, staffID, billID, symptoms, diagnosis, consultationDate, checkInTime, status, isFollowUpRequired, mcID, startDate, endDate, appointmentID) VALUES ('CO0036', 'PA0005', 'ST0005', 'ST2257', 'BI0032', 'Back pain', 'Hypertension', '2025-07-20', '2025-07-20 09:45:00', 'Completed', False, NULL, NULL, NULL, NULL);
INSERT INTO Consultation (consultationID, patientID, doctorID, staffID, billID, symptoms, diagnosis, consultationDate, checkInTime, status, isFollowUpRequired, mcID, startDate, endDate, appointmentID) VALUES ('CO0037', 'PA0004', 'ST0004', 'ST0058', 'BI0033', 'Cough', 'Hypertension', '2025-06-28', '2025-06-28 12:45:00', 'Cancelled', False, NULL, NULL, NULL, NULL);
INSERT INTO Consultation (consultationID, patientID, doctorID, staffID, billID, symptoms, diagnosis, consultationDate, checkInTime, status, isFollowUpRequired, mcID, startDate, endDate, appointmentID) VALUES ('CO0038', 'PA0009', 'ST0004', 'ST4562', 'BI0034', 'Fever', 'Diabetes', '2025-08-18', '2025-08-18 15:30:00', 'Completed', False, 'MC0015', '2025-08-18', '2025-08-22', NULL);
INSERT INTO Consultation (consultationID, patientID, doctorID, staffID, billID, symptoms, diagnosis, consultationDate, checkInTime, status, isFollowUpRequired, mcID, startDate, endDate, appointmentID) VALUES ('CO0039', 'PA0014', 'ST0007', 'ST8963', 'BI0035', 'Nausea', 'Flu', '2025-07-17', '2025-07-17 14:45:00', 'Cancelled', False, NULL, NULL, NULL, NULL);
INSERT INTO Consultation (consultationID, patientID, doctorID, staffID, billID, symptoms, diagnosis, consultationDate, checkInTime, status, isFollowUpRequired, mcID, startDate, endDate, appointmentID) VALUES ('CO0040', 'PA0010', 'ST0007', 'ST0128', 'BI0036', 'Headache', 'Flu', '2025-07-15', '2025-07-15 16:45:00', 'Cancelled', True, NULL, NULL, NULL, 'AP0114');
INSERT INTO Treatment (treatmentID, consultationID, patientID, doctorID, treatmentType, treatmentName, description, treatmentProcedure, treatmentDate, status, outcome, duration, price, notes) VALUES ('TR0001', 'CO0001', 'PA0011', 'ST0005', 'Medication', 'Symptomatic Care', 'Antipyretics and antihistamine as needed', 'Dispense and counsel', '2025-06-27 10:45:00', 'Cancelled', NULL, 40, 25.0, 'Treatment aligned to diagnosis: Cold');
INSERT INTO Treatment (treatmentID, consultationID, patientID, doctorID, treatmentType, treatmentName, description, treatmentProcedure, treatmentDate, status, outcome, duration, price, notes) VALUES ('TR0002', 'CO0002', 'PA0013', 'ST0007', 'Counseling', 'Lifestyle Counseling', 'Diet & exercise counseling', '30-minute counseling session', '2025-07-07 13:30:00', 'Cancelled', NULL, 16, 48.0, 'Treatment aligned to diagnosis: Hypertension');
INSERT INTO Treatment (treatmentID, consultationID, patientID, doctorID, treatmentType, treatmentName, description, treatmentProcedure, treatmentDate, status, outcome, duration, price, notes) VALUES ('TR0003', 'CO0003', 'PA0012', 'ST0002', 'Counseling', 'Dietary Counseling', 'Diet plan and glucose monitoring education', '30-minute counseling session', '2025-08-28 13:30:00', 'Cancelled', NULL, 58, 69.0, 'Treatment aligned to diagnosis: Diabetes');
INSERT INTO Treatment (treatmentID, consultationID, patientID, doctorID, treatmentType, treatmentName, description, treatmentProcedure, treatmentDate, status, outcome, duration, price, notes) VALUES ('TR0004', 'CO0004', 'PA0016', 'ST0004', 'Medication', 'Symptomatic Care', 'Antipyretics and cough suppressant as needed', 'Dispense and counsel', '2025-07-29 13:15:00', 'In Progress', NULL, 53, 25.0, 'Treatment aligned to diagnosis: Flu');
INSERT INTO Treatment (treatmentID, consultationID, patientID, doctorID, treatmentType, treatmentName, description, treatmentProcedure, treatmentDate, status, outcome, duration, price, notes) VALUES ('TR0005', 'CO0005', 'PA0007', 'ST0004', 'Counseling', 'Lifestyle Counseling', 'Diet & exercise counseling', '30-minute counseling session', '2025-07-13 16:00:00', 'Scheduled', NULL, 21, 50.5, 'Treatment aligned to diagnosis: Hypertension');
INSERT INTO Treatment (treatmentID, consultationID, patientID, doctorID, treatmentType, treatmentName, description, treatmentProcedure, treatmentDate, status, outcome, duration, price, notes) VALUES ('TR0006', 'CO0006', 'PA0013', 'ST0002', 'Medication', 'Symptomatic Care', 'Antipyretics and antihistamine as needed', 'Dispense and counsel', '2025-08-22 17:15:00', 'Cancelled', NULL, 33, 25.0, 'Treatment aligned to diagnosis: Cold');
INSERT INTO Treatment (treatmentID, consultationID, patientID, doctorID, treatmentType, treatmentName, description, treatmentProcedure, treatmentDate, status, outcome, duration, price, notes) VALUES ('TR0007', 'CO0007', 'PA0019', 'ST0007', 'Medication', 'Symptomatic Care', 'Antipyretics and cough suppressant as needed', 'Dispense and counsel', '2025-08-16 15:15:00', 'Scheduled', NULL, 27, 25.0, 'Treatment aligned to diagnosis: Flu');
INSERT INTO Treatment (treatmentID, consultationID, patientID, doctorID, treatmentType, treatmentName, description, treatmentProcedure, treatmentDate, status, outcome, duration, price, notes) VALUES ('TR0008', 'CO0008', 'PA0008', 'ST0005', 'Medication', 'Symptomatic Care', 'Antipyretics and cough suppressant as needed', 'Dispense and counsel', '2025-08-28 14:30:00', 'Cancelled', NULL, 41, 25.0, 'Treatment aligned to diagnosis: Flu');
INSERT INTO Treatment (treatmentID, consultationID, patientID, doctorID, treatmentType, treatmentName, description, treatmentProcedure, treatmentDate, status, outcome, duration, price, notes) VALUES ('TR0009', 'CO0009', 'PA0010', 'ST0002', 'Medication', 'Symptomatic Care', 'Antipyretics and cough suppressant as needed', 'Dispense and counsel', '2025-07-15 17:00:00', 'Scheduled', NULL, 20, 25.0, 'Treatment aligned to diagnosis: Flu');
INSERT INTO Treatment (treatmentID, consultationID, patientID, doctorID, treatmentType, treatmentName, description, treatmentProcedure, treatmentDate, status, outcome, duration, price, notes) VALUES ('TR0010', 'CO0011', 'PA0008', 'ST0005', 'Medication', 'Symptomatic Care', 'Antipyretics and antihistamine as needed', 'Dispense and counsel', '2025-08-13 14:15:00', 'Scheduled', NULL, 36, 25.0, 'Treatment aligned to diagnosis: Cold');
INSERT INTO Treatment (treatmentID, consultationID, patientID, doctorID, treatmentType, treatmentName, description, treatmentProcedure, treatmentDate, status, outcome, duration, price, notes) VALUES ('TR0011', 'CO0012', 'PA0016', 'ST0004', 'Counseling', 'Dietary Counseling', 'Diet plan and glucose monitoring education', '30-minute counseling session', '2025-08-09 15:00:00', 'Cancelled', NULL, 33, 56.5, 'Treatment aligned to diagnosis: Diabetes');
INSERT INTO Treatment (treatmentID, consultationID, patientID, doctorID, treatmentType, treatmentName, description, treatmentProcedure, treatmentDate, status, outcome, duration, price, notes) VALUES ('TR0012', 'CO0013', 'PA0013', 'ST0005', 'Counseling', 'Lifestyle Counseling', 'Diet & exercise counseling', '30-minute counseling session', '2025-07-13 11:15:00', 'Cancelled', NULL, 39, 59.5, 'Treatment aligned to diagnosis: Hypertension');
INSERT INTO Treatment (treatmentID, consultationID, patientID, doctorID, treatmentType, treatmentName, description, treatmentProcedure, treatmentDate, status, outcome, duration, price, notes) VALUES ('TR0013', 'CO0014', 'PA0018', 'ST0007', 'Medication', 'Symptomatic Care', 'Antipyretics and cough suppressant as needed', 'Dispense and counsel', '2025-07-09 10:45:00', 'In Progress', NULL, 15, 25.0, 'Treatment aligned to diagnosis: Flu');
INSERT INTO Treatment (treatmentID, consultationID, patientID, doctorID, treatmentType, treatmentName, description, treatmentProcedure, treatmentDate, status, outcome, duration, price, notes) VALUES ('TR0014', 'CO0016', 'PA0010', 'ST0004', 'Counseling', 'Lifestyle Counseling', 'Diet & exercise counseling', '30-minute counseling session', '2025-07-07 13:45:00', 'Cancelled', NULL, 15, 47.5, 'Treatment aligned to diagnosis: Hypertension');
INSERT INTO Treatment (treatmentID, consultationID, patientID, doctorID, treatmentType, treatmentName, description, treatmentProcedure, treatmentDate, status, outcome, duration, price, notes) VALUES ('TR0015', 'CO0017', 'PA0014', 'ST0004', 'Counseling', 'Lifestyle Counseling', 'Diet & exercise counseling', '30-minute counseling session', '2025-08-20 17:45:00', 'Cancelled', NULL, 42, 61.0, 'Treatment aligned to diagnosis: Hypertension');
INSERT INTO Treatment (treatmentID, consultationID, patientID, doctorID, treatmentType, treatmentName, description, treatmentProcedure, treatmentDate, status, outcome, duration, price, notes) VALUES ('TR0016', 'CO0018', 'PA0011', 'ST0007', 'Medication', 'Symptomatic Care', 'Antipyretics and cough suppressant as needed', 'Dispense and counsel', '2025-08-04 16:00:00', 'Cancelled', NULL, 25, 25.0, 'Treatment aligned to diagnosis: Flu');
INSERT INTO Treatment (treatmentID, consultationID, patientID, doctorID, treatmentType, treatmentName, description, treatmentProcedure, treatmentDate, status, outcome, duration, price, notes) VALUES ('TR0017', 'CO0019', 'PA0017', 'ST0005', 'Counseling', 'Lifestyle Counseling', 'Diet & exercise counseling', '30-minute counseling session', '2025-08-25 08:45:00', 'Cancelled', NULL, 33, 56.5, 'Treatment aligned to diagnosis: Hypertension');
INSERT INTO Treatment (treatmentID, consultationID, patientID, doctorID, treatmentType, treatmentName, description, treatmentProcedure, treatmentDate, status, outcome, duration, price, notes) VALUES ('TR0018', 'CO0021', 'PA0020', 'ST0007', 'Counseling', 'Lifestyle Counseling', 'Diet & exercise counseling', '30-minute counseling session', '2025-08-01 14:45:00', 'Cancelled', NULL, 46, 63.0, 'Treatment aligned to diagnosis: Hypertension');
INSERT INTO Treatment (treatmentID, consultationID, patientID, doctorID, treatmentType, treatmentName, description, treatmentProcedure, treatmentDate, status, outcome, duration, price, notes) VALUES ('TR0019', 'CO0022', 'PA0002', 'ST0007', 'Medication', 'Symptomatic Care', 'Antipyretics and antihistamine as needed', 'Dispense and counsel', '2025-07-09 17:30:00', 'Cancelled', NULL, 46, 25.0, 'Treatment aligned to diagnosis: Cold');
INSERT INTO Treatment (treatmentID, consultationID, patientID, doctorID, treatmentType, treatmentName, description, treatmentProcedure, treatmentDate, status, outcome, duration, price, notes) VALUES ('TR0020', 'CO0024', 'PA0003', 'ST0004', 'Counseling', 'Dietary Counseling', 'Diet plan and glucose monitoring education', '30-minute counseling session', '2025-07-13 15:30:00', 'Scheduled', NULL, 49, 64.5, 'Treatment aligned to diagnosis: Diabetes');
INSERT INTO Treatment (treatmentID, consultationID, patientID, doctorID, treatmentType, treatmentName, description, treatmentProcedure, treatmentDate, status, outcome, duration, price, notes) VALUES ('TR0021', 'CO0025', 'PA0013', 'ST0007', 'Medication', 'Symptomatic Care', 'Antipyretics and cough suppressant as needed', 'Dispense and counsel', '2025-07-23 18:45:00', 'Cancelled', NULL, 22, 25.0, 'Treatment aligned to diagnosis: Flu');
INSERT INTO Treatment (treatmentID, consultationID, patientID, doctorID, treatmentType, treatmentName, description, treatmentProcedure, treatmentDate, status, outcome, duration, price, notes) VALUES ('TR0022', 'CO0026', 'PA0009', 'ST0002', 'Counseling', 'Lifestyle Counseling', 'Diet & exercise counseling', '30-minute counseling session', '2025-08-09 18:15:00', 'Cancelled', NULL, 19, 49.5, 'Treatment aligned to diagnosis: Hypertension');
INSERT INTO Treatment (treatmentID, consultationID, patientID, doctorID, treatmentType, treatmentName, description, treatmentProcedure, treatmentDate, status, outcome, duration, price, notes) VALUES ('TR0023', 'CO0027', 'PA0001', 'ST0007', 'Counseling', 'Lifestyle Counseling', 'Diet & exercise counseling', '30-minute counseling session', '2025-07-18 18:30:00', 'Cancelled', NULL, 55, 67.5, 'Treatment aligned to diagnosis: Hypertension');
INSERT INTO Treatment (treatmentID, consultationID, patientID, doctorID, treatmentType, treatmentName, description, treatmentProcedure, treatmentDate, status, outcome, duration, price, notes) VALUES ('TR0024', 'CO0028', 'PA0018', 'ST0002', 'Medication', 'Symptomatic Care', 'Antipyretics and antihistamine as needed', 'Dispense and counsel', '2025-06-27 18:00:00', 'In Progress', NULL, 27, 25.0, 'Treatment aligned to diagnosis: Cold');
INSERT INTO Treatment (treatmentID, consultationID, patientID, doctorID, treatmentType, treatmentName, description, treatmentProcedure, treatmentDate, status, outcome, duration, price, notes) VALUES ('TR0025', 'CO0029', 'PA0006', 'ST0002', 'Medication', 'Symptomatic Care', 'Antipyretics and antihistamine as needed', 'Dispense and counsel', '2025-07-15 11:00:00', 'Scheduled', NULL, 34, 25.0, 'Treatment aligned to diagnosis: Cold');
INSERT INTO Treatment (treatmentID, consultationID, patientID, doctorID, treatmentType, treatmentName, description, treatmentProcedure, treatmentDate, status, outcome, duration, price, notes) VALUES ('TR0026', 'CO0030', 'PA0005', 'ST0002', 'Counseling', 'Dietary Counseling', 'Diet plan and glucose monitoring education', '30-minute counseling session', '2025-07-25 14:15:00', 'Scheduled', NULL, 21, 50.5, 'Treatment aligned to diagnosis: Diabetes');
INSERT INTO Treatment (treatmentID, consultationID, patientID, doctorID, treatmentType, treatmentName, description, treatmentProcedure, treatmentDate, status, outcome, duration, price, notes) VALUES ('TR0027', 'CO0031', 'PA0018', 'ST0005', 'Medication', 'Symptomatic Care', 'Antipyretics and cough suppressant as needed', 'Dispense and counsel', '2025-07-25 15:15:00', 'Cancelled', NULL, 33, 25.0, 'Treatment aligned to diagnosis: Flu');
INSERT INTO Treatment (treatmentID, consultationID, patientID, doctorID, treatmentType, treatmentName, description, treatmentProcedure, treatmentDate, status, outcome, duration, price, notes) VALUES ('TR0028', 'CO0032', 'PA0019', 'ST0007', 'Medication', 'Symptomatic Care', 'Antipyretics and cough suppressant as needed', 'Dispense and counsel', '2025-06-28 14:15:00', 'Scheduled', NULL, 15, 25.0, 'Treatment aligned to diagnosis: Flu');
INSERT INTO Treatment (treatmentID, consultationID, patientID, doctorID, treatmentType, treatmentName, description, treatmentProcedure, treatmentDate, status, outcome, duration, price, notes) VALUES ('TR0029', 'CO0033', 'PA0009', 'ST0007', 'Counseling', 'Lifestyle Counseling', 'Diet & exercise counseling', '30-minute counseling session', '2025-07-14 10:15:00', 'Cancelled', NULL, 25, 52.5, 'Treatment aligned to diagnosis: Hypertension');
INSERT INTO Treatment (treatmentID, consultationID, patientID, doctorID, treatmentType, treatmentName, description, treatmentProcedure, treatmentDate, status, outcome, duration, price, notes) VALUES ('TR0030', 'CO0034', 'PA0001', 'ST0005', 'Medication', 'Symptomatic Care', 'Antipyretics and antihistamine as needed', 'Dispense and counsel', '2025-07-11 17:45:00', 'Scheduled', NULL, 57, 25.0, 'Treatment aligned to diagnosis: Cold');
INSERT INTO Treatment (treatmentID, consultationID, patientID, doctorID, treatmentType, treatmentName, description, treatmentProcedure, treatmentDate, status, outcome, duration, price, notes) VALUES ('TR0031', 'CO0035', 'PA0010', 'ST0007', 'Counseling', 'Dietary Counseling', 'Diet plan and glucose monitoring education', '30-minute counseling session', '2025-08-01 16:15:00', 'Scheduled', NULL, 39, 59.5, 'Treatment aligned to diagnosis: Diabetes');
INSERT INTO Treatment (treatmentID, consultationID, patientID, doctorID, treatmentType, treatmentName, description, treatmentProcedure, treatmentDate, status, outcome, duration, price, notes) VALUES ('TR0032', 'CO0036', 'PA0005', 'ST0005', 'Counseling', 'Lifestyle Counseling', 'Diet & exercise counseling', '30-minute counseling session', '2025-07-20 10:00:00', 'Completed', 'Successful', 27, 53.5, 'Treatment aligned to diagnosis: Hypertension');
INSERT INTO Treatment (treatmentID, consultationID, patientID, doctorID, treatmentType, treatmentName, description, treatmentProcedure, treatmentDate, status, outcome, duration, price, notes) VALUES ('TR0033', 'CO0037', 'PA0004', 'ST0004', 'Counseling', 'Lifestyle Counseling', 'Diet & exercise counseling', '30-minute counseling session', '2025-06-28 11:30:00', 'Cancelled', NULL, 58, 69.0, 'Treatment aligned to diagnosis: Hypertension');
INSERT INTO Treatment (treatmentID, consultationID, patientID, doctorID, treatmentType, treatmentName, description, treatmentProcedure, treatmentDate, status, outcome, duration, price, notes) VALUES ('TR0034', 'CO0038', 'PA0009', 'ST0004', 'Counseling', 'Dietary Counseling', 'Diet plan and glucose monitoring education', '30-minute counseling session', '2025-08-18 10:15:00', 'Scheduled', NULL, 18, 49.0, 'Treatment aligned to diagnosis: Diabetes');
INSERT INTO Treatment (treatmentID, consultationID, patientID, doctorID, treatmentType, treatmentName, description, treatmentProcedure, treatmentDate, status, outcome, duration, price, notes) VALUES ('TR0035', 'CO0039', 'PA0014', 'ST0007', 'Medication', 'Symptomatic Care', 'Antipyretics and cough suppressant as needed', 'Dispense and counsel', '2025-07-17 17:45:00', 'Scheduled', NULL, 16, 25.0, 'Treatment aligned to diagnosis: Flu');
INSERT INTO Treatment (treatmentID, consultationID, patientID, doctorID, treatmentType, treatmentName, description, treatmentProcedure, treatmentDate, status, outcome, duration, price, notes) VALUES ('TR0036', 'CO0040', 'PA0010', 'ST0007', 'Medication', 'Symptomatic Care', 'Antipyretics and cough suppressant as needed', 'Dispense and counsel', '2025-07-15 10:45:00', 'Cancelled', NULL, 28, 25.0, 'Treatment aligned to diagnosis: Flu');
INSERT INTO Prescription (prescriptionID, consultationID, medicineID, description, dosage, instruction, servingPerDay, quantityDispensed, price, dosageUnit) VALUES ('PR0001', 'CO0001', 'ME0004', 'Medication for cold', 1, 'Take at bedtime', 3, 5, 0.6, 'tablet');
INSERT INTO Prescription (prescriptionID, consultationID, medicineID, description, dosage, instruction, servingPerDay, quantityDispensed, price, dosageUnit) VALUES ('PR0002', 'CO0002', 'ME0008', 'Medication for hypertension', 2, 'Take on empty stomach', 3, 18, 0.7, 'tablet');
INSERT INTO Prescription (prescriptionID, consultationID, medicineID, description, dosage, instruction, servingPerDay, quantityDispensed, price, dosageUnit) VALUES ('PR0003', 'CO0002', 'ME0009', 'Medication for hypertension', 1, 'Take with plenty of water', 2, 6, 0.65, 'tablet');
INSERT INTO Prescription (prescriptionID, consultationID, medicineID, description, dosage, instruction, servingPerDay, quantityDispensed, price, dosageUnit) VALUES ('PR0004', 'CO0003', 'ME0007', 'Medication for diabetes', 1, 'Take at bedtime', 1, 20, 0.4, 'tablet');
INSERT INTO Prescription (prescriptionID, consultationID, medicineID, description, dosage, instruction, servingPerDay, quantityDispensed, price, dosageUnit) VALUES ('PR0005', 'CO0004', 'ME0006', 'Medication for flu', 1, 'Take after meals', 3, 9, 6.5, 'ml');
INSERT INTO Prescription (prescriptionID, consultationID, medicineID, description, dosage, instruction, servingPerDay, quantityDispensed, price, dosageUnit) VALUES ('PR0006', 'CO0005', 'ME0009', 'Medication for hypertension', 1, 'Take with plenty of water', 3, 16, 0.65, 'tablet');
INSERT INTO Prescription (prescriptionID, consultationID, medicineID, description, dosage, instruction, servingPerDay, quantityDispensed, price, dosageUnit) VALUES ('PR0007', 'CO0006', 'ME0004', 'Medication for cold', 1, 'Take as needed', 2, 10, 0.6, 'tablet');
INSERT INTO Prescription (prescriptionID, consultationID, medicineID, description, dosage, instruction, servingPerDay, quantityDispensed, price, dosageUnit) VALUES ('PR0008', 'CO0007', 'ME0006', 'Medication for flu', 1, 'Take before meals', 3, 15, 6.5, 'ml');
INSERT INTO Prescription (prescriptionID, consultationID, medicineID, description, dosage, instruction, servingPerDay, quantityDispensed, price, dosageUnit) VALUES ('PR0009', 'CO0007', 'ME0001', 'Medication for flu', 1, 'Take as needed', 2, 12, 0.35, 'tablet');
INSERT INTO Prescription (prescriptionID, consultationID, medicineID, description, dosage, instruction, servingPerDay, quantityDispensed, price, dosageUnit) VALUES ('PR0010', 'CO0008', 'ME0004', 'Medication for flu', 2, 'Take before meals', 2, 5, 0.6, 'tablet');
INSERT INTO Prescription (prescriptionID, consultationID, medicineID, description, dosage, instruction, servingPerDay, quantityDispensed, price, dosageUnit) VALUES ('PR0011', 'CO0008', 'ME0001', 'Medication for flu', 1, 'Take with plenty of water', 2, 19, 0.35, 'tablet');
INSERT INTO Prescription (prescriptionID, consultationID, medicineID, description, dosage, instruction, servingPerDay, quantityDispensed, price, dosageUnit) VALUES ('PR0012', 'CO0009', 'ME0006', 'Medication for flu', 1, 'Take at bedtime', 3, 8, 6.5, 'ml');
INSERT INTO Prescription (prescriptionID, consultationID, medicineID, description, dosage, instruction, servingPerDay, quantityDispensed, price, dosageUnit) VALUES ('PR0013', 'CO0009', 'ME0001', 'Medication for flu', 1, 'Take with plenty of water', 2, 15, 0.35, 'tablet');
INSERT INTO Prescription (prescriptionID, consultationID, medicineID, description, dosage, instruction, servingPerDay, quantityDispensed, price, dosageUnit) VALUES ('PR0014', 'CO0011', 'ME0004', 'Medication for cold', 1, 'Take with food', 2, 15, 0.6, 'tablet');
INSERT INTO Prescription (prescriptionID, consultationID, medicineID, description, dosage, instruction, servingPerDay, quantityDispensed, price, dosageUnit) VALUES ('PR0015', 'CO0011', 'ME0001', 'Medication for cold', 1, 'Take as needed', 1, 11, 0.35, 'tablet');
INSERT INTO Prescription (prescriptionID, consultationID, medicineID, description, dosage, instruction, servingPerDay, quantityDispensed, price, dosageUnit) VALUES ('PR0016', 'CO0012', 'ME0007', 'Medication for diabetes', 1, 'Take after meals', 3, 20, 0.4, 'tablet');
INSERT INTO Prescription (prescriptionID, consultationID, medicineID, description, dosage, instruction, servingPerDay, quantityDispensed, price, dosageUnit) VALUES ('PR0017', 'CO0013', 'ME0009', 'Medication for hypertension', 1, 'Take with food', 3, 13, 0.65, 'tablet');
INSERT INTO Prescription (prescriptionID, consultationID, medicineID, description, dosage, instruction, servingPerDay, quantityDispensed, price, dosageUnit) VALUES ('PR0018', 'CO0014', 'ME0006', 'Medication for flu', 1, 'Take with food', 3, 6, 6.5, 'ml');
INSERT INTO Prescription (prescriptionID, consultationID, medicineID, description, dosage, instruction, servingPerDay, quantityDispensed, price, dosageUnit) VALUES ('PR0019', 'CO0014', 'ME0004', 'Medication for flu', 1, 'Take on empty stomach', 2, 8, 0.6, 'tablet');
INSERT INTO Prescription (prescriptionID, consultationID, medicineID, description, dosage, instruction, servingPerDay, quantityDispensed, price, dosageUnit) VALUES ('PR0020', 'CO0014', 'ME0001', 'Medication for flu', 1, 'Take after meals', 2, 20, 0.35, 'tablet');
INSERT INTO Prescription (prescriptionID, consultationID, medicineID, description, dosage, instruction, servingPerDay, quantityDispensed, price, dosageUnit) VALUES ('PR0021', 'CO0016', 'ME0009', 'Medication for hypertension', 2, 'Take with food', 2, 16, 0.65, 'tablet');
INSERT INTO Prescription (prescriptionID, consultationID, medicineID, description, dosage, instruction, servingPerDay, quantityDispensed, price, dosageUnit) VALUES ('PR0022', 'CO0016', 'ME0008', 'Medication for hypertension', 2, 'Take before meals', 2, 12, 0.7, 'tablet');
INSERT INTO Prescription (prescriptionID, consultationID, medicineID, description, dosage, instruction, servingPerDay, quantityDispensed, price, dosageUnit) VALUES ('PR0023', 'CO0017', 'ME0009', 'Medication for hypertension', 1, 'Take with plenty of water', 1, 17, 0.65, 'tablet');
INSERT INTO Prescription (prescriptionID, consultationID, medicineID, description, dosage, instruction, servingPerDay, quantityDispensed, price, dosageUnit) VALUES ('PR0024', 'CO0017', 'ME0008', 'Medication for hypertension', 1, 'Take on empty stomach', 2, 17, 0.7, 'tablet');
INSERT INTO Prescription (prescriptionID, consultationID, medicineID, description, dosage, instruction, servingPerDay, quantityDispensed, price, dosageUnit) VALUES ('PR0025', 'CO0018', 'ME0006', 'Medication for flu', 1, 'Take with plenty of water', 3, 7, 6.5, 'ml');
INSERT INTO Prescription (prescriptionID, consultationID, medicineID, description, dosage, instruction, servingPerDay, quantityDispensed, price, dosageUnit) VALUES ('PR0026', 'CO0018', 'ME0001', 'Medication for flu', 1, 'Take after meals', 2, 16, 0.35, 'tablet');
INSERT INTO Prescription (prescriptionID, consultationID, medicineID, description, dosage, instruction, servingPerDay, quantityDispensed, price, dosageUnit) VALUES ('PR0027', 'CO0018', 'ME0004', 'Medication for flu', 1, 'Take with food', 2, 19, 0.6, 'tablet');
INSERT INTO Prescription (prescriptionID, consultationID, medicineID, description, dosage, instruction, servingPerDay, quantityDispensed, price, dosageUnit) VALUES ('PR0028', 'CO0019', 'ME0009', 'Medication for hypertension', 1, 'Take after meals', 3, 20, 0.65, 'tablet');
INSERT INTO Prescription (prescriptionID, consultationID, medicineID, description, dosage, instruction, servingPerDay, quantityDispensed, price, dosageUnit) VALUES ('PR0029', 'CO0021', 'ME0008', 'Medication for hypertension', 2, 'Take before meals', 3, 17, 0.7, 'tablet');
INSERT INTO Prescription (prescriptionID, consultationID, medicineID, description, dosage, instruction, servingPerDay, quantityDispensed, price, dosageUnit) VALUES ('PR0030', 'CO0021', 'ME0009', 'Medication for hypertension', 2, 'Take before meals', 2, 16, 0.65, 'tablet');
INSERT INTO Prescription (prescriptionID, consultationID, medicineID, description, dosage, instruction, servingPerDay, quantityDispensed, price, dosageUnit) VALUES ('PR0031', 'CO0022', 'ME0004', 'Medication for cold', 1, 'Take with food', 1, 7, 0.6, 'tablet');
INSERT INTO Prescription (prescriptionID, consultationID, medicineID, description, dosage, instruction, servingPerDay, quantityDispensed, price, dosageUnit) VALUES ('PR0032', 'CO0024', 'ME0007', 'Medication for diabetes', 2, 'Take with food', 2, 5, 0.4, 'tablet');
INSERT INTO Prescription (prescriptionID, consultationID, medicineID, description, dosage, instruction, servingPerDay, quantityDispensed, price, dosageUnit) VALUES ('PR0033', 'CO0025', 'ME0001', 'Medication for flu', 2, 'Take as needed', 2, 9, 0.35, 'tablet');
INSERT INTO Prescription (prescriptionID, consultationID, medicineID, description, dosage, instruction, servingPerDay, quantityDispensed, price, dosageUnit) VALUES ('PR0034', 'CO0025', 'ME0006', 'Medication for flu', 1, 'Take before meals', 3, 19, 6.5, 'ml');
INSERT INTO Prescription (prescriptionID, consultationID, medicineID, description, dosage, instruction, servingPerDay, quantityDispensed, price, dosageUnit) VALUES ('PR0035', 'CO0025', 'ME0004', 'Medication for flu', 1, 'Take as needed', 3, 8, 0.6, 'tablet');
INSERT INTO Prescription (prescriptionID, consultationID, medicineID, description, dosage, instruction, servingPerDay, quantityDispensed, price, dosageUnit) VALUES ('PR0036', 'CO0026', 'ME0008', 'Medication for hypertension', 2, 'Take with food', 2, 16, 0.7, 'tablet');
INSERT INTO Prescription (prescriptionID, consultationID, medicineID, description, dosage, instruction, servingPerDay, quantityDispensed, price, dosageUnit) VALUES ('PR0037', 'CO0026', 'ME0009', 'Medication for hypertension', 1, 'Take as needed', 3, 10, 0.65, 'tablet');
INSERT INTO Prescription (prescriptionID, consultationID, medicineID, description, dosage, instruction, servingPerDay, quantityDispensed, price, dosageUnit) VALUES ('PR0038', 'CO0027', 'ME0009', 'Medication for hypertension', 1, 'Take with plenty of water', 2, 7, 0.65, 'tablet');
INSERT INTO Prescription (prescriptionID, consultationID, medicineID, description, dosage, instruction, servingPerDay, quantityDispensed, price, dosageUnit) VALUES ('PR0039', 'CO0027', 'ME0008', 'Medication for hypertension', 1, 'Take before meals', 2, 12, 0.7, 'tablet');
INSERT INTO Prescription (prescriptionID, consultationID, medicineID, description, dosage, instruction, servingPerDay, quantityDispensed, price, dosageUnit) VALUES ('PR0040', 'CO0028', 'ME0001', 'Medication for cold', 1, 'Take with plenty of water', 2, 16, 0.35, 'tablet');
INSERT INTO Prescription (prescriptionID, consultationID, medicineID, description, dosage, instruction, servingPerDay, quantityDispensed, price, dosageUnit) VALUES ('PR0041', 'CO0028', 'ME0004', 'Medication for cold', 1, 'Take with plenty of water', 2, 16, 0.6, 'tablet');
INSERT INTO Prescription (prescriptionID, consultationID, medicineID, description, dosage, instruction, servingPerDay, quantityDispensed, price, dosageUnit) VALUES ('PR0042', 'CO0029', 'ME0001', 'Medication for cold', 2, 'Take at bedtime', 2, 18, 0.35, 'tablet');
INSERT INTO Prescription (prescriptionID, consultationID, medicineID, description, dosage, instruction, servingPerDay, quantityDispensed, price, dosageUnit) VALUES ('PR0043', 'CO0029', 'ME0004', 'Medication for cold', 1, 'Take on empty stomach', 1, 7, 0.6, 'tablet');
INSERT INTO Prescription (prescriptionID, consultationID, medicineID, description, dosage, instruction, servingPerDay, quantityDispensed, price, dosageUnit) VALUES ('PR0044', 'CO0030', 'ME0007', 'Medication for diabetes', 1, 'Take as needed', 2, 8, 0.4, 'tablet');
INSERT INTO Prescription (prescriptionID, consultationID, medicineID, description, dosage, instruction, servingPerDay, quantityDispensed, price, dosageUnit) VALUES ('PR0045', 'CO0031', 'ME0006', 'Medication for flu', 1, 'Take with food', 3, 13, 6.5, 'ml');
INSERT INTO Prescription (prescriptionID, consultationID, medicineID, description, dosage, instruction, servingPerDay, quantityDispensed, price, dosageUnit) VALUES ('PR0046', 'CO0032', 'ME0006', 'Medication for flu', 1, 'Take before meals', 3, 5, 6.5, 'ml');
INSERT INTO Prescription (prescriptionID, consultationID, medicineID, description, dosage, instruction, servingPerDay, quantityDispensed, price, dosageUnit) VALUES ('PR0047', 'CO0033', 'ME0009', 'Medication for hypertension', 1, 'Take with plenty of water', 2, 17, 0.65, 'tablet');
INSERT INTO Prescription (prescriptionID, consultationID, medicineID, description, dosage, instruction, servingPerDay, quantityDispensed, price, dosageUnit) VALUES ('PR0048', 'CO0033', 'ME0008', 'Medication for hypertension', 1, 'Take as needed', 2, 5, 0.7, 'tablet');
INSERT INTO Prescription (prescriptionID, consultationID, medicineID, description, dosage, instruction, servingPerDay, quantityDispensed, price, dosageUnit) VALUES ('PR0049', 'CO0034', 'ME0004', 'Medication for cold', 1, 'Take before meals', 2, 11, 0.6, 'tablet');
INSERT INTO Prescription (prescriptionID, consultationID, medicineID, description, dosage, instruction, servingPerDay, quantityDispensed, price, dosageUnit) VALUES ('PR0050', 'CO0035', 'ME0007', 'Medication for diabetes', 1, 'Take with plenty of water', 2, 6, 0.4, 'tablet');
INSERT INTO Prescription (prescriptionID, consultationID, medicineID, description, dosage, instruction, servingPerDay, quantityDispensed, price, dosageUnit) VALUES ('PR0051', 'CO0036', 'ME0009', 'Medication for hypertension', 1, 'Take as needed', 2, 15, 0.65, 'tablet');
INSERT INTO Prescription (prescriptionID, consultationID, medicineID, description, dosage, instruction, servingPerDay, quantityDispensed, price, dosageUnit) VALUES ('PR0052', 'CO0036', 'ME0008', 'Medication for hypertension', 1, 'Take with plenty of water', 3, 9, 0.7, 'tablet');
INSERT INTO Prescription (prescriptionID, consultationID, medicineID, description, dosage, instruction, servingPerDay, quantityDispensed, price, dosageUnit) VALUES ('PR0053', 'CO0037', 'ME0008', 'Medication for hypertension', 2, 'Take after meals', 1, 12, 0.7, 'tablet');
INSERT INTO Prescription (prescriptionID, consultationID, medicineID, description, dosage, instruction, servingPerDay, quantityDispensed, price, dosageUnit) VALUES ('PR0054', 'CO0038', 'ME0007', 'Medication for diabetes', 2, 'Take at bedtime', 2, 20, 0.4, 'tablet');
INSERT INTO Prescription (prescriptionID, consultationID, medicineID, description, dosage, instruction, servingPerDay, quantityDispensed, price, dosageUnit) VALUES ('PR0055', 'CO0039', 'ME0004', 'Medication for flu', 2, 'Take with food', 2, 20, 0.6, 'tablet');
INSERT INTO Prescription (prescriptionID, consultationID, medicineID, description, dosage, instruction, servingPerDay, quantityDispensed, price, dosageUnit) VALUES ('PR0056', 'CO0039', 'ME0001', 'Medication for flu', 1, 'Take with food', 2, 15, 0.35, 'tablet');
INSERT INTO Prescription (prescriptionID, consultationID, medicineID, description, dosage, instruction, servingPerDay, quantityDispensed, price, dosageUnit) VALUES ('PR0057', 'CO0040', 'ME0004', 'Medication for flu', 1, 'Take before meals', 2, 17, 0.6, 'tablet');
INSERT INTO Schedule (scheduleID, doctorID, date, startTime, endTime, shift) VALUES ('SC0001', 'ST0002', '2025-07-01', '2025-07-01 08:00:00', '2025-07-01 14:00:00', 'Morning');
INSERT INTO Schedule (scheduleID, doctorID, date, startTime, endTime, shift) VALUES ('SC0002', 'ST0002', '2025-07-01', '2025-07-01 14:00:00', '2025-07-01 20:00:00', 'Evening');
INSERT INTO Schedule (scheduleID, doctorID, date, startTime, endTime, shift) VALUES ('SC0003', 'ST0004', '2025-07-01', '2025-07-01 08:00:00', '2025-07-01 14:00:00', 'Morning');
INSERT INTO Schedule (scheduleID, doctorID, date, startTime, endTime, shift) VALUES ('SC0004', 'ST0004', '2025-07-01', '2025-07-01 14:00:00', '2025-07-01 20:00:00', 'Evening');
INSERT INTO Schedule (scheduleID, doctorID, date, startTime, endTime, shift) VALUES ('SC0005', 'ST0005', '2025-07-01', '2025-07-01 08:00:00', '2025-07-01 14:00:00', 'Morning');
INSERT INTO Schedule (scheduleID, doctorID, date, startTime, endTime, shift) VALUES ('SC0006', 'ST0005', '2025-07-01', '2025-07-01 14:00:00', '2025-07-01 20:00:00', 'Evening');
INSERT INTO Schedule (scheduleID, doctorID, date, startTime, endTime, shift) VALUES ('SC0007', 'ST0007', '2025-07-01', '2025-07-01 08:00:00', '2025-07-01 14:00:00', 'Morning');
INSERT INTO Schedule (scheduleID, doctorID, date, startTime, endTime, shift) VALUES ('SC0008', 'ST0007', '2025-07-01', '2025-07-01 14:00:00', '2025-07-01 20:00:00', 'Evening');
INSERT INTO Schedule (scheduleID, doctorID, date, startTime, endTime, shift) VALUES ('SC0009', 'ST0002', '2025-07-02', '2025-07-02 08:00:00', '2025-07-02 14:00:00', 'Morning');
INSERT INTO Schedule (scheduleID, doctorID, date, startTime, endTime, shift) VALUES ('SC0010', 'ST0002', '2025-07-02', '2025-07-02 14:00:00', '2025-07-02 20:00:00', 'Evening');
INSERT INTO Schedule (scheduleID, doctorID, date, startTime, endTime, shift) VALUES ('SC0011', 'ST0004', '2025-07-02', '2025-07-02 08:00:00', '2025-07-02 14:00:00', 'Morning');
INSERT INTO Schedule (scheduleID, doctorID, date, startTime, endTime, shift) VALUES ('SC0012', 'ST0004', '2025-07-02', '2025-07-02 14:00:00', '2025-07-02 20:00:00', 'Evening');
INSERT INTO Schedule (scheduleID, doctorID, date, startTime, endTime, shift) VALUES ('SC0013', 'ST0005', '2025-07-02', '2025-07-02 08:00:00', '2025-07-02 14:00:00', 'Morning');
INSERT INTO Schedule (scheduleID, doctorID, date, startTime, endTime, shift) VALUES ('SC0014', 'ST0005', '2025-07-02', '2025-07-02 14:00:00', '2025-07-02 20:00:00', 'Evening');
INSERT INTO Schedule (scheduleID, doctorID, date, startTime, endTime, shift) VALUES ('SC0015', 'ST0007', '2025-07-02', '2025-07-02 08:00:00', '2025-07-02 14:00:00', 'Morning');
INSERT INTO Schedule (scheduleID, doctorID, date, startTime, endTime, shift) VALUES ('SC0016', 'ST0007', '2025-07-02', '2025-07-02 14:00:00', '2025-07-02 20:00:00', 'Evening');
INSERT INTO Schedule (scheduleID, doctorID, date, startTime, endTime, shift) VALUES ('SC0017', 'ST0002', '2025-07-03', '2025-07-03 08:00:00', '2025-07-03 14:00:00', 'Morning');
INSERT INTO Schedule (scheduleID, doctorID, date, startTime, endTime, shift) VALUES ('SC0018', 'ST0002', '2025-07-03', '2025-07-03 14:00:00', '2025-07-03 20:00:00', 'Evening');
INSERT INTO Schedule (scheduleID, doctorID, date, startTime, endTime, shift) VALUES ('SC0019', 'ST0004', '2025-07-03', '2025-07-03 08:00:00', '2025-07-03 14:00:00', 'Morning');
INSERT INTO Schedule (scheduleID, doctorID, date, startTime, endTime, shift) VALUES ('SC0020', 'ST0004', '2025-07-03', '2025-07-03 14:00:00', '2025-07-03 20:00:00', 'Evening');
INSERT INTO Schedule (scheduleID, doctorID, date, startTime, endTime, shift) VALUES ('SC0021', 'ST0005', '2025-07-03', '2025-07-03 08:00:00', '2025-07-03 14:00:00', 'Morning');
INSERT INTO Schedule (scheduleID, doctorID, date, startTime, endTime, shift) VALUES ('SC0022', 'ST0005', '2025-07-03', '2025-07-03 14:00:00', '2025-07-03 20:00:00', 'Evening');
INSERT INTO Schedule (scheduleID, doctorID, date, startTime, endTime, shift) VALUES ('SC0023', 'ST0007', '2025-07-03', '2025-07-03 08:00:00', '2025-07-03 14:00:00', 'Morning');
INSERT INTO Schedule (scheduleID, doctorID, date, startTime, endTime, shift) VALUES ('SC0024', 'ST0007', '2025-07-03', '2025-07-03 14:00:00', '2025-07-03 20:00:00', 'Evening');
INSERT INTO Schedule (scheduleID, doctorID, date, startTime, endTime, shift) VALUES ('SC0025', 'ST0002', '2025-07-04', '2025-07-04 08:00:00', '2025-07-04 14:00:00', 'Morning');
INSERT INTO Schedule (scheduleID, doctorID, date, startTime, endTime, shift) VALUES ('SC0026', 'ST0002', '2025-07-04', '2025-07-04 14:00:00', '2025-07-04 20:00:00', 'Evening');
INSERT INTO Schedule (scheduleID, doctorID, date, startTime, endTime, shift) VALUES ('SC0027', 'ST0004', '2025-07-04', '2025-07-04 08:00:00', '2025-07-04 14:00:00', 'Morning');
INSERT INTO Schedule (scheduleID, doctorID, date, startTime, endTime, shift) VALUES ('SC0028', 'ST0004', '2025-07-04', '2025-07-04 14:00:00', '2025-07-04 20:00:00', 'Evening');
INSERT INTO Schedule (scheduleID, doctorID, date, startTime, endTime, shift) VALUES ('SC0029', 'ST0005', '2025-07-04', '2025-07-04 08:00:00', '2025-07-04 14:00:00', 'Morning');
INSERT INTO Schedule (scheduleID, doctorID, date, startTime, endTime, shift) VALUES ('SC0030', 'ST0005', '2025-07-04', '2025-07-04 14:00:00', '2025-07-04 20:00:00', 'Evening');
INSERT INTO Schedule (scheduleID, doctorID, date, startTime, endTime, shift) VALUES ('SC0031', 'ST0007', '2025-07-04', '2025-07-04 08:00:00', '2025-07-04 14:00:00', 'Morning');
INSERT INTO Schedule (scheduleID, doctorID, date, startTime, endTime, shift) VALUES ('SC0032', 'ST0007', '2025-07-04', '2025-07-04 14:00:00', '2025-07-04 20:00:00', 'Evening');
INSERT INTO Schedule (scheduleID, doctorID, date, startTime, endTime, shift) VALUES ('SC0033', 'ST0002', '2025-07-05', '2025-07-05 08:00:00', '2025-07-05 14:00:00', 'Morning');
INSERT INTO Schedule (scheduleID, doctorID, date, startTime, endTime, shift) VALUES ('SC0034', 'ST0002', '2025-07-05', '2025-07-05 14:00:00', '2025-07-05 20:00:00', 'Evening');
INSERT INTO Schedule (scheduleID, doctorID, date, startTime, endTime, shift) VALUES ('SC0035', 'ST0004', '2025-07-05', '2025-07-05 08:00:00', '2025-07-05 14:00:00', 'Morning');
INSERT INTO Schedule (scheduleID, doctorID, date, startTime, endTime, shift) VALUES ('SC0036', 'ST0004', '2025-07-05', '2025-07-05 14:00:00', '2025-07-05 20:00:00', 'Evening');
INSERT INTO Schedule (scheduleID, doctorID, date, startTime, endTime, shift) VALUES ('SC0037', 'ST0005', '2025-07-05', '2025-07-05 08:00:00', '2025-07-05 14:00:00', 'Morning');
INSERT INTO Schedule (scheduleID, doctorID, date, startTime, endTime, shift) VALUES ('SC0038', 'ST0005', '2025-07-05', '2025-07-05 14:00:00', '2025-07-05 20:00:00', 'Evening');
INSERT INTO Schedule (scheduleID, doctorID, date, startTime, endTime, shift) VALUES ('SC0039', 'ST0007', '2025-07-05', '2025-07-05 08:00:00', '2025-07-05 14:00:00', 'Morning');
INSERT INTO Schedule (scheduleID, doctorID, date, startTime, endTime, shift) VALUES ('SC0040', 'ST0007', '2025-07-05', '2025-07-05 14:00:00', '2025-07-05 20:00:00', 'Evening');
INSERT INTO Schedule (scheduleID, doctorID, date, startTime, endTime, shift) VALUES ('SC0041', 'ST0002', '2025-07-06', '2025-07-06 08:00:00', '2025-07-06 14:00:00', 'Morning');
INSERT INTO Schedule (scheduleID, doctorID, date, startTime, endTime, shift) VALUES ('SC0042', 'ST0002', '2025-07-06', '2025-07-06 14:00:00', '2025-07-06 20:00:00', 'Evening');
INSERT INTO Schedule (scheduleID, doctorID, date, startTime, endTime, shift) VALUES ('SC0043', 'ST0004', '2025-07-06', '2025-07-06 08:00:00', '2025-07-06 14:00:00', 'Morning');
INSERT INTO Schedule (scheduleID, doctorID, date, startTime, endTime, shift) VALUES ('SC0044', 'ST0004', '2025-07-06', '2025-07-06 14:00:00', '2025-07-06 20:00:00', 'Evening');
INSERT INTO Schedule (scheduleID, doctorID, date, startTime, endTime, shift) VALUES ('SC0045', 'ST0005', '2025-07-06', '2025-07-06 08:00:00', '2025-07-06 14:00:00', 'Morning');
INSERT INTO Schedule (scheduleID, doctorID, date, startTime, endTime, shift) VALUES ('SC0046', 'ST0005', '2025-07-06', '2025-07-06 14:00:00', '2025-07-06 20:00:00', 'Evening');
INSERT INTO Schedule (scheduleID, doctorID, date, startTime, endTime, shift) VALUES ('SC0047', 'ST0007', '2025-07-06', '2025-07-06 08:00:00', '2025-07-06 14:00:00', 'Morning');
INSERT INTO Schedule (scheduleID, doctorID, date, startTime, endTime, shift) VALUES ('SC0048', 'ST0007', '2025-07-06', '2025-07-06 14:00:00', '2025-07-06 20:00:00', 'Evening');
INSERT INTO Schedule (scheduleID, doctorID, date, startTime, endTime, shift) VALUES ('SC0049', 'ST0002', '2025-07-07', '2025-07-07 08:00:00', '2025-07-07 14:00:00', 'Morning');
INSERT INTO Schedule (scheduleID, doctorID, date, startTime, endTime, shift) VALUES ('SC0050', 'ST0002', '2025-07-07', '2025-07-07 14:00:00', '2025-07-07 20:00:00', 'Evening');
INSERT INTO Schedule (scheduleID, doctorID, date, startTime, endTime, shift) VALUES ('SC0051', 'ST0004', '2025-07-07', '2025-07-07 08:00:00', '2025-07-07 14:00:00', 'Morning');
INSERT INTO Schedule (scheduleID, doctorID, date, startTime, endTime, shift) VALUES ('SC0052', 'ST0004', '2025-07-07', '2025-07-07 14:00:00', '2025-07-07 20:00:00', 'Evening');
INSERT INTO Schedule (scheduleID, doctorID, date, startTime, endTime, shift) VALUES ('SC0053', 'ST0005', '2025-07-07', '2025-07-07 08:00:00', '2025-07-07 14:00:00', 'Morning');
INSERT INTO Schedule (scheduleID, doctorID, date, startTime, endTime, shift) VALUES ('SC0054', 'ST0005', '2025-07-07', '2025-07-07 14:00:00', '2025-07-07 20:00:00', 'Evening');
INSERT INTO Schedule (scheduleID, doctorID, date, startTime, endTime, shift) VALUES ('SC0055', 'ST0007', '2025-07-07', '2025-07-07 08:00:00', '2025-07-07 14:00:00', 'Morning');
INSERT INTO Schedule (scheduleID, doctorID, date, startTime, endTime, shift) VALUES ('SC0056', 'ST0007', '2025-07-07', '2025-07-07 14:00:00', '2025-07-07 20:00:00', 'Evening');
INSERT INTO Schedule (scheduleID, doctorID, date, startTime, endTime, shift) VALUES ('SC0057', 'ST0002', '2025-07-08', '2025-07-08 08:00:00', '2025-07-08 14:00:00', 'Morning');
INSERT INTO Schedule (scheduleID, doctorID, date, startTime, endTime, shift) VALUES ('SC0058', 'ST0002', '2025-07-08', '2025-07-08 14:00:00', '2025-07-08 20:00:00', 'Evening');
INSERT INTO Schedule (scheduleID, doctorID, date, startTime, endTime, shift) VALUES ('SC0059', 'ST0004', '2025-07-08', '2025-07-08 08:00:00', '2025-07-08 14:00:00', 'Morning');
INSERT INTO Schedule (scheduleID, doctorID, date, startTime, endTime, shift) VALUES ('SC0060', 'ST0004', '2025-07-08', '2025-07-08 14:00:00', '2025-07-08 20:00:00', 'Evening');
INSERT INTO Schedule (scheduleID, doctorID, date, startTime, endTime, shift) VALUES ('SC0061', 'ST0005', '2025-07-08', '2025-07-08 08:00:00', '2025-07-08 14:00:00', 'Morning');
INSERT INTO Schedule (scheduleID, doctorID, date, startTime, endTime, shift) VALUES ('SC0062', 'ST0005', '2025-07-08', '2025-07-08 14:00:00', '2025-07-08 20:00:00', 'Evening');
INSERT INTO Schedule (scheduleID, doctorID, date, startTime, endTime, shift) VALUES ('SC0063', 'ST0007', '2025-07-08', '2025-07-08 08:00:00', '2025-07-08 14:00:00', 'Morning');
INSERT INTO Schedule (scheduleID, doctorID, date, startTime, endTime, shift) VALUES ('SC0064', 'ST0007', '2025-07-08', '2025-07-08 14:00:00', '2025-07-08 20:00:00', 'Evening');
INSERT INTO Schedule (scheduleID, doctorID, date, startTime, endTime, shift) VALUES ('SC0065', 'ST0002', '2025-07-09', '2025-07-09 08:00:00', '2025-07-09 14:00:00', 'Morning');
INSERT INTO Schedule (scheduleID, doctorID, date, startTime, endTime, shift) VALUES ('SC0066', 'ST0002', '2025-07-09', '2025-07-09 14:00:00', '2025-07-09 20:00:00', 'Evening');
INSERT INTO Schedule (scheduleID, doctorID, date, startTime, endTime, shift) VALUES ('SC0067', 'ST0004', '2025-07-09', '2025-07-09 08:00:00', '2025-07-09 14:00:00', 'Morning');
INSERT INTO Schedule (scheduleID, doctorID, date, startTime, endTime, shift) VALUES ('SC0068', 'ST0004', '2025-07-09', '2025-07-09 14:00:00', '2025-07-09 20:00:00', 'Evening');
INSERT INTO Schedule (scheduleID, doctorID, date, startTime, endTime, shift) VALUES ('SC0069', 'ST0005', '2025-07-09', '2025-07-09 08:00:00', '2025-07-09 14:00:00', 'Morning');
INSERT INTO Schedule (scheduleID, doctorID, date, startTime, endTime, shift) VALUES ('SC0070', 'ST0005', '2025-07-09', '2025-07-09 14:00:00', '2025-07-09 20:00:00', 'Evening');
INSERT INTO Schedule (scheduleID, doctorID, date, startTime, endTime, shift) VALUES ('SC0071', 'ST0007', '2025-07-09', '2025-07-09 08:00:00', '2025-07-09 14:00:00', 'Morning');
INSERT INTO Schedule (scheduleID, doctorID, date, startTime, endTime, shift) VALUES ('SC0072', 'ST0007', '2025-07-09', '2025-07-09 14:00:00', '2025-07-09 20:00:00', 'Evening');
INSERT INTO Schedule (scheduleID, doctorID, date, startTime, endTime, shift) VALUES ('SC0073', 'ST0002', '2025-07-10', '2025-07-10 08:00:00', '2025-07-10 14:00:00', 'Morning');
INSERT INTO Schedule (scheduleID, doctorID, date, startTime, endTime, shift) VALUES ('SC0074', 'ST0002', '2025-07-10', '2025-07-10 14:00:00', '2025-07-10 20:00:00', 'Evening');
INSERT INTO Schedule (scheduleID, doctorID, date, startTime, endTime, shift) VALUES ('SC0075', 'ST0004', '2025-07-10', '2025-07-10 08:00:00', '2025-07-10 14:00:00', 'Morning');
INSERT INTO Schedule (scheduleID, doctorID, date, startTime, endTime, shift) VALUES ('SC0076', 'ST0004', '2025-07-10', '2025-07-10 14:00:00', '2025-07-10 20:00:00', 'Evening');
INSERT INTO Schedule (scheduleID, doctorID, date, startTime, endTime, shift) VALUES ('SC0077', 'ST0005', '2025-07-10', '2025-07-10 08:00:00', '2025-07-10 14:00:00', 'Morning');
INSERT INTO Schedule (scheduleID, doctorID, date, startTime, endTime, shift) VALUES ('SC0078', 'ST0005', '2025-07-10', '2025-07-10 14:00:00', '2025-07-10 20:00:00', 'Evening');
INSERT INTO Schedule (scheduleID, doctorID, date, startTime, endTime, shift) VALUES ('SC0079', 'ST0007', '2025-07-10', '2025-07-10 08:00:00', '2025-07-10 14:00:00', 'Morning');
INSERT INTO Schedule (scheduleID, doctorID, date, startTime, endTime, shift) VALUES ('SC0080', 'ST0007', '2025-07-10', '2025-07-10 14:00:00', '2025-07-10 20:00:00', 'Evening');
INSERT INTO Schedule (scheduleID, doctorID, date, startTime, endTime, shift) VALUES ('SC0081', 'ST0002', '2025-07-11', '2025-07-11 08:00:00', '2025-07-11 14:00:00', 'Morning');
INSERT INTO Schedule (scheduleID, doctorID, date, startTime, endTime, shift) VALUES ('SC0082', 'ST0002', '2025-07-11', '2025-07-11 14:00:00', '2025-07-11 20:00:00', 'Evening');
INSERT INTO Schedule (scheduleID, doctorID, date, startTime, endTime, shift) VALUES ('SC0083', 'ST0004', '2025-07-11', '2025-07-11 08:00:00', '2025-07-11 14:00:00', 'Morning');
INSERT INTO Schedule (scheduleID, doctorID, date, startTime, endTime, shift) VALUES ('SC0084', 'ST0004', '2025-07-11', '2025-07-11 14:00:00', '2025-07-11 20:00:00', 'Evening');
INSERT INTO Schedule (scheduleID, doctorID, date, startTime, endTime, shift) VALUES ('SC0085', 'ST0005', '2025-07-11', '2025-07-11 08:00:00', '2025-07-11 14:00:00', 'Morning');
INSERT INTO Schedule (scheduleID, doctorID, date, startTime, endTime, shift) VALUES ('SC0086', 'ST0005', '2025-07-11', '2025-07-11 14:00:00', '2025-07-11 20:00:00', 'Evening');
INSERT INTO Schedule (scheduleID, doctorID, date, startTime, endTime, shift) VALUES ('SC0087', 'ST0007', '2025-07-11', '2025-07-11 08:00:00', '2025-07-11 14:00:00', 'Morning');
INSERT INTO Schedule (scheduleID, doctorID, date, startTime, endTime, shift) VALUES ('SC0088', 'ST0007', '2025-07-11', '2025-07-11 14:00:00', '2025-07-11 20:00:00', 'Evening');
INSERT INTO Schedule (scheduleID, doctorID, date, startTime, endTime, shift) VALUES ('SC0089', 'ST0002', '2025-07-12', '2025-07-12 08:00:00', '2025-07-12 14:00:00', 'Morning');
INSERT INTO Schedule (scheduleID, doctorID, date, startTime, endTime, shift) VALUES ('SC0090', 'ST0002', '2025-07-12', '2025-07-12 14:00:00', '2025-07-12 20:00:00', 'Evening');
INSERT INTO Schedule (scheduleID, doctorID, date, startTime, endTime, shift) VALUES ('SC0091', 'ST0004', '2025-07-12', '2025-07-12 08:00:00', '2025-07-12 14:00:00', 'Morning');
INSERT INTO Schedule (scheduleID, doctorID, date, startTime, endTime, shift) VALUES ('SC0092', 'ST0004', '2025-07-12', '2025-07-12 14:00:00', '2025-07-12 20:00:00', 'Evening');
INSERT INTO Schedule (scheduleID, doctorID, date, startTime, endTime, shift) VALUES ('SC0093', 'ST0005', '2025-07-12', '2025-07-12 08:00:00', '2025-07-12 14:00:00', 'Morning');
INSERT INTO Schedule (scheduleID, doctorID, date, startTime, endTime, shift) VALUES ('SC0094', 'ST0005', '2025-07-12', '2025-07-12 14:00:00', '2025-07-12 20:00:00', 'Evening');
INSERT INTO Schedule (scheduleID, doctorID, date, startTime, endTime, shift) VALUES ('SC0095', 'ST0007', '2025-07-12', '2025-07-12 08:00:00', '2025-07-12 14:00:00', 'Morning');
INSERT INTO Schedule (scheduleID, doctorID, date, startTime, endTime, shift) VALUES ('SC0096', 'ST0007', '2025-07-12', '2025-07-12 14:00:00', '2025-07-12 20:00:00', 'Evening');
INSERT INTO Schedule (scheduleID, doctorID, date, startTime, endTime, shift) VALUES ('SC0097', 'ST0002', '2025-07-13', '2025-07-13 08:00:00', '2025-07-13 14:00:00', 'Morning');
INSERT INTO Schedule (scheduleID, doctorID, date, startTime, endTime, shift) VALUES ('SC0098', 'ST0002', '2025-07-13', '2025-07-13 14:00:00', '2025-07-13 20:00:00', 'Evening');
INSERT INTO Schedule (scheduleID, doctorID, date, startTime, endTime, shift) VALUES ('SC0099', 'ST0004', '2025-07-13', '2025-07-13 08:00:00', '2025-07-13 14:00:00', 'Morning');
INSERT INTO Schedule (scheduleID, doctorID, date, startTime, endTime, shift) VALUES ('SC0100', 'ST0004', '2025-07-13', '2025-07-13 14:00:00', '2025-07-13 20:00:00', 'Evening');
INSERT INTO Schedule (scheduleID, doctorID, date, startTime, endTime, shift) VALUES ('SC0101', 'ST0005', '2025-07-13', '2025-07-13 08:00:00', '2025-07-13 14:00:00', 'Morning');
INSERT INTO Schedule (scheduleID, doctorID, date, startTime, endTime, shift) VALUES ('SC0102', 'ST0005', '2025-07-13', '2025-07-13 14:00:00', '2025-07-13 20:00:00', 'Evening');
INSERT INTO Schedule (scheduleID, doctorID, date, startTime, endTime, shift) VALUES ('SC0103', 'ST0007', '2025-07-13', '2025-07-13 08:00:00', '2025-07-13 14:00:00', 'Morning');
INSERT INTO Schedule (scheduleID, doctorID, date, startTime, endTime, shift) VALUES ('SC0104', 'ST0007', '2025-07-13', '2025-07-13 14:00:00', '2025-07-13 20:00:00', 'Evening');
INSERT INTO Schedule (scheduleID, doctorID, date, startTime, endTime, shift) VALUES ('SC0105', 'ST0002', '2025-07-14', '2025-07-14 08:00:00', '2025-07-14 14:00:00', 'Morning');
INSERT INTO Schedule (scheduleID, doctorID, date, startTime, endTime, shift) VALUES ('SC0106', 'ST0002', '2025-07-14', '2025-07-14 14:00:00', '2025-07-14 20:00:00', 'Evening');
INSERT INTO Schedule (scheduleID, doctorID, date, startTime, endTime, shift) VALUES ('SC0107', 'ST0004', '2025-07-14', '2025-07-14 08:00:00', '2025-07-14 14:00:00', 'Morning');
INSERT INTO Schedule (scheduleID, doctorID, date, startTime, endTime, shift) VALUES ('SC0108', 'ST0004', '2025-07-14', '2025-07-14 14:00:00', '2025-07-14 20:00:00', 'Evening');
INSERT INTO Schedule (scheduleID, doctorID, date, startTime, endTime, shift) VALUES ('SC0109', 'ST0005', '2025-07-14', '2025-07-14 08:00:00', '2025-07-14 14:00:00', 'Morning');
INSERT INTO Schedule (scheduleID, doctorID, date, startTime, endTime, shift) VALUES ('SC0110', 'ST0005', '2025-07-14', '2025-07-14 14:00:00', '2025-07-14 20:00:00', 'Evening');
INSERT INTO Schedule (scheduleID, doctorID, date, startTime, endTime, shift) VALUES ('SC0111', 'ST0007', '2025-07-14', '2025-07-14 08:00:00', '2025-07-14 14:00:00', 'Morning');
INSERT INTO Schedule (scheduleID, doctorID, date, startTime, endTime, shift) VALUES ('SC0112', 'ST0007', '2025-07-14', '2025-07-14 14:00:00', '2025-07-14 20:00:00', 'Evening');
INSERT INTO Schedule (scheduleID, doctorID, date, startTime, endTime, shift) VALUES ('SC0113', 'ST0002', '2025-07-15', '2025-07-15 08:00:00', '2025-07-15 14:00:00', 'Morning');
INSERT INTO Schedule (scheduleID, doctorID, date, startTime, endTime, shift) VALUES ('SC0114', 'ST0002', '2025-07-15', '2025-07-15 14:00:00', '2025-07-15 20:00:00', 'Evening');
INSERT INTO Schedule (scheduleID, doctorID, date, startTime, endTime, shift) VALUES ('SC0115', 'ST0004', '2025-07-15', '2025-07-15 08:00:00', '2025-07-15 14:00:00', 'Morning');
INSERT INTO Schedule (scheduleID, doctorID, date, startTime, endTime, shift) VALUES ('SC0116', 'ST0004', '2025-07-15', '2025-07-15 14:00:00', '2025-07-15 20:00:00', 'Evening');
INSERT INTO Schedule (scheduleID, doctorID, date, startTime, endTime, shift) VALUES ('SC0117', 'ST0005', '2025-07-15', '2025-07-15 08:00:00', '2025-07-15 14:00:00', 'Morning');
INSERT INTO Schedule (scheduleID, doctorID, date, startTime, endTime, shift) VALUES ('SC0118', 'ST0005', '2025-07-15', '2025-07-15 14:00:00', '2025-07-15 20:00:00', 'Evening');
INSERT INTO Schedule (scheduleID, doctorID, date, startTime, endTime, shift) VALUES ('SC0119', 'ST0007', '2025-07-15', '2025-07-15 08:00:00', '2025-07-15 14:00:00', 'Morning');
INSERT INTO Schedule (scheduleID, doctorID, date, startTime, endTime, shift) VALUES ('SC0120', 'ST0007', '2025-07-15', '2025-07-15 14:00:00', '2025-07-15 20:00:00', 'Evening');
INSERT INTO Schedule (scheduleID, doctorID, date, startTime, endTime, shift) VALUES ('SC0121', 'ST0002', '2025-07-16', '2025-07-16 08:00:00', '2025-07-16 14:00:00', 'Morning');
INSERT INTO Schedule (scheduleID, doctorID, date, startTime, endTime, shift) VALUES ('SC0122', 'ST0002', '2025-07-16', '2025-07-16 14:00:00', '2025-07-16 20:00:00', 'Evening');
INSERT INTO Schedule (scheduleID, doctorID, date, startTime, endTime, shift) VALUES ('SC0123', 'ST0004', '2025-07-16', '2025-07-16 08:00:00', '2025-07-16 14:00:00', 'Morning');
INSERT INTO Schedule (scheduleID, doctorID, date, startTime, endTime, shift) VALUES ('SC0124', 'ST0004', '2025-07-16', '2025-07-16 14:00:00', '2025-07-16 20:00:00', 'Evening');
INSERT INTO Schedule (scheduleID, doctorID, date, startTime, endTime, shift) VALUES ('SC0125', 'ST0005', '2025-07-16', '2025-07-16 08:00:00', '2025-07-16 14:00:00', 'Morning');
INSERT INTO Schedule (scheduleID, doctorID, date, startTime, endTime, shift) VALUES ('SC0126', 'ST0005', '2025-07-16', '2025-07-16 14:00:00', '2025-07-16 20:00:00', 'Evening');
INSERT INTO Schedule (scheduleID, doctorID, date, startTime, endTime, shift) VALUES ('SC0127', 'ST0007', '2025-07-16', '2025-07-16 08:00:00', '2025-07-16 14:00:00', 'Morning');
INSERT INTO Schedule (scheduleID, doctorID, date, startTime, endTime, shift) VALUES ('SC0128', 'ST0007', '2025-07-16', '2025-07-16 14:00:00', '2025-07-16 20:00:00', 'Evening');
INSERT INTO Schedule (scheduleID, doctorID, date, startTime, endTime, shift) VALUES ('SC0129', 'ST0002', '2025-07-17', '2025-07-17 08:00:00', '2025-07-17 14:00:00', 'Morning');
INSERT INTO Schedule (scheduleID, doctorID, date, startTime, endTime, shift) VALUES ('SC0130', 'ST0002', '2025-07-17', '2025-07-17 14:00:00', '2025-07-17 20:00:00', 'Evening');
INSERT INTO Schedule (scheduleID, doctorID, date, startTime, endTime, shift) VALUES ('SC0131', 'ST0004', '2025-07-17', '2025-07-17 08:00:00', '2025-07-17 14:00:00', 'Morning');
INSERT INTO Schedule (scheduleID, doctorID, date, startTime, endTime, shift) VALUES ('SC0132', 'ST0004', '2025-07-17', '2025-07-17 14:00:00', '2025-07-17 20:00:00', 'Evening');
INSERT INTO Schedule (scheduleID, doctorID, date, startTime, endTime, shift) VALUES ('SC0133', 'ST0005', '2025-07-17', '2025-07-17 08:00:00', '2025-07-17 14:00:00', 'Morning');
INSERT INTO Schedule (scheduleID, doctorID, date, startTime, endTime, shift) VALUES ('SC0134', 'ST0005', '2025-07-17', '2025-07-17 14:00:00', '2025-07-17 20:00:00', 'Evening');
INSERT INTO Schedule (scheduleID, doctorID, date, startTime, endTime, shift) VALUES ('SC0135', 'ST0007', '2025-07-17', '2025-07-17 08:00:00', '2025-07-17 14:00:00', 'Morning');
INSERT INTO Schedule (scheduleID, doctorID, date, startTime, endTime, shift) VALUES ('SC0136', 'ST0007', '2025-07-17', '2025-07-17 14:00:00', '2025-07-17 20:00:00', 'Evening');
INSERT INTO Schedule (scheduleID, doctorID, date, startTime, endTime, shift) VALUES ('SC0137', 'ST0002', '2025-07-18', '2025-07-18 08:00:00', '2025-07-18 14:00:00', 'Morning');
INSERT INTO Schedule (scheduleID, doctorID, date, startTime, endTime, shift) VALUES ('SC0138', 'ST0002', '2025-07-18', '2025-07-18 14:00:00', '2025-07-18 20:00:00', 'Evening');
INSERT INTO Schedule (scheduleID, doctorID, date, startTime, endTime, shift) VALUES ('SC0139', 'ST0004', '2025-07-18', '2025-07-18 08:00:00', '2025-07-18 14:00:00', 'Morning');
INSERT INTO Schedule (scheduleID, doctorID, date, startTime, endTime, shift) VALUES ('SC0140', 'ST0004', '2025-07-18', '2025-07-18 14:00:00', '2025-07-18 20:00:00', 'Evening');
INSERT INTO Schedule (scheduleID, doctorID, date, startTime, endTime, shift) VALUES ('SC0141', 'ST0005', '2025-07-18', '2025-07-18 08:00:00', '2025-07-18 14:00:00', 'Morning');
INSERT INTO Schedule (scheduleID, doctorID, date, startTime, endTime, shift) VALUES ('SC0142', 'ST0005', '2025-07-18', '2025-07-18 14:00:00', '2025-07-18 20:00:00', 'Evening');
INSERT INTO Schedule (scheduleID, doctorID, date, startTime, endTime, shift) VALUES ('SC0143', 'ST0007', '2025-07-18', '2025-07-18 08:00:00', '2025-07-18 14:00:00', 'Morning');
INSERT INTO Schedule (scheduleID, doctorID, date, startTime, endTime, shift) VALUES ('SC0144', 'ST0007', '2025-07-18', '2025-07-18 14:00:00', '2025-07-18 20:00:00', 'Evening');
INSERT INTO Schedule (scheduleID, doctorID, date, startTime, endTime, shift) VALUES ('SC0145', 'ST0002', '2025-07-19', '2025-07-19 08:00:00', '2025-07-19 14:00:00', 'Morning');
INSERT INTO Schedule (scheduleID, doctorID, date, startTime, endTime, shift) VALUES ('SC0146', 'ST0002', '2025-07-19', '2025-07-19 14:00:00', '2025-07-19 20:00:00', 'Evening');
INSERT INTO Schedule (scheduleID, doctorID, date, startTime, endTime, shift) VALUES ('SC0147', 'ST0004', '2025-07-19', '2025-07-19 08:00:00', '2025-07-19 14:00:00', 'Morning');
INSERT INTO Schedule (scheduleID, doctorID, date, startTime, endTime, shift) VALUES ('SC0148', 'ST0004', '2025-07-19', '2025-07-19 14:00:00', '2025-07-19 20:00:00', 'Evening');
INSERT INTO Schedule (scheduleID, doctorID, date, startTime, endTime, shift) VALUES ('SC0149', 'ST0005', '2025-07-19', '2025-07-19 08:00:00', '2025-07-19 14:00:00', 'Morning');
INSERT INTO Schedule (scheduleID, doctorID, date, startTime, endTime, shift) VALUES ('SC0150', 'ST0005', '2025-07-19', '2025-07-19 14:00:00', '2025-07-19 20:00:00', 'Evening');
INSERT INTO Schedule (scheduleID, doctorID, date, startTime, endTime, shift) VALUES ('SC0151', 'ST0007', '2025-07-19', '2025-07-19 08:00:00', '2025-07-19 14:00:00', 'Morning');
INSERT INTO Schedule (scheduleID, doctorID, date, startTime, endTime, shift) VALUES ('SC0152', 'ST0007', '2025-07-19', '2025-07-19 14:00:00', '2025-07-19 20:00:00', 'Evening');
INSERT INTO Schedule (scheduleID, doctorID, date, startTime, endTime, shift) VALUES ('SC0153', 'ST0002', '2025-07-20', '2025-07-20 08:00:00', '2025-07-20 14:00:00', 'Morning');
INSERT INTO Schedule (scheduleID, doctorID, date, startTime, endTime, shift) VALUES ('SC0154', 'ST0002', '2025-07-20', '2025-07-20 14:00:00', '2025-07-20 20:00:00', 'Evening');
INSERT INTO Schedule (scheduleID, doctorID, date, startTime, endTime, shift) VALUES ('SC0155', 'ST0004', '2025-07-20', '2025-07-20 08:00:00', '2025-07-20 14:00:00', 'Morning');
INSERT INTO Schedule (scheduleID, doctorID, date, startTime, endTime, shift) VALUES ('SC0156', 'ST0004', '2025-07-20', '2025-07-20 14:00:00', '2025-07-20 20:00:00', 'Evening');
INSERT INTO Schedule (scheduleID, doctorID, date, startTime, endTime, shift) VALUES ('SC0157', 'ST0005', '2025-07-20', '2025-07-20 08:00:00', '2025-07-20 14:00:00', 'Morning');
INSERT INTO Schedule (scheduleID, doctorID, date, startTime, endTime, shift) VALUES ('SC0158', 'ST0005', '2025-07-20', '2025-07-20 14:00:00', '2025-07-20 20:00:00', 'Evening');
INSERT INTO Schedule (scheduleID, doctorID, date, startTime, endTime, shift) VALUES ('SC0159', 'ST0007', '2025-07-20', '2025-07-20 08:00:00', '2025-07-20 14:00:00', 'Morning');
INSERT INTO Schedule (scheduleID, doctorID, date, startTime, endTime, shift) VALUES ('SC0160', 'ST0007', '2025-07-20', '2025-07-20 14:00:00', '2025-07-20 20:00:00', 'Evening');
INSERT INTO Schedule (scheduleID, doctorID, date, startTime, endTime, shift) VALUES ('SC0161', 'ST0002', '2025-07-21', '2025-07-21 08:00:00', '2025-07-21 14:00:00', 'Morning');
INSERT INTO Schedule (scheduleID, doctorID, date, startTime, endTime, shift) VALUES ('SC0162', 'ST0002', '2025-07-21', '2025-07-21 14:00:00', '2025-07-21 20:00:00', 'Evening');
INSERT INTO Schedule (scheduleID, doctorID, date, startTime, endTime, shift) VALUES ('SC0163', 'ST0004', '2025-07-21', '2025-07-21 08:00:00', '2025-07-21 14:00:00', 'Morning');
INSERT INTO Schedule (scheduleID, doctorID, date, startTime, endTime, shift) VALUES ('SC0164', 'ST0004', '2025-07-21', '2025-07-21 14:00:00', '2025-07-21 20:00:00', 'Evening');
INSERT INTO Schedule (scheduleID, doctorID, date, startTime, endTime, shift) VALUES ('SC0165', 'ST0005', '2025-07-21', '2025-07-21 08:00:00', '2025-07-21 14:00:00', 'Morning');
INSERT INTO Schedule (scheduleID, doctorID, date, startTime, endTime, shift) VALUES ('SC0166', 'ST0005', '2025-07-21', '2025-07-21 14:00:00', '2025-07-21 20:00:00', 'Evening');
INSERT INTO Schedule (scheduleID, doctorID, date, startTime, endTime, shift) VALUES ('SC0167', 'ST0007', '2025-07-21', '2025-07-21 08:00:00', '2025-07-21 14:00:00', 'Morning');
INSERT INTO Schedule (scheduleID, doctorID, date, startTime, endTime, shift) VALUES ('SC0168', 'ST0007', '2025-07-21', '2025-07-21 14:00:00', '2025-07-21 20:00:00', 'Evening');
INSERT INTO Schedule (scheduleID, doctorID, date, startTime, endTime, shift) VALUES ('SC0169', 'ST0002', '2025-07-22', '2025-07-22 08:00:00', '2025-07-22 14:00:00', 'Morning');
INSERT INTO Schedule (scheduleID, doctorID, date, startTime, endTime, shift) VALUES ('SC0170', 'ST0002', '2025-07-22', '2025-07-22 14:00:00', '2025-07-22 20:00:00', 'Evening');
INSERT INTO Schedule (scheduleID, doctorID, date, startTime, endTime, shift) VALUES ('SC0171', 'ST0004', '2025-07-22', '2025-07-22 08:00:00', '2025-07-22 14:00:00', 'Morning');
INSERT INTO Schedule (scheduleID, doctorID, date, startTime, endTime, shift) VALUES ('SC0172', 'ST0004', '2025-07-22', '2025-07-22 14:00:00', '2025-07-22 20:00:00', 'Evening');
INSERT INTO Schedule (scheduleID, doctorID, date, startTime, endTime, shift) VALUES ('SC0173', 'ST0005', '2025-07-22', '2025-07-22 08:00:00', '2025-07-22 14:00:00', 'Morning');
INSERT INTO Schedule (scheduleID, doctorID, date, startTime, endTime, shift) VALUES ('SC0174', 'ST0005', '2025-07-22', '2025-07-22 14:00:00', '2025-07-22 20:00:00', 'Evening');
INSERT INTO Schedule (scheduleID, doctorID, date, startTime, endTime, shift) VALUES ('SC0175', 'ST0007', '2025-07-22', '2025-07-22 08:00:00', '2025-07-22 14:00:00', 'Morning');
INSERT INTO Schedule (scheduleID, doctorID, date, startTime, endTime, shift) VALUES ('SC0176', 'ST0007', '2025-07-22', '2025-07-22 14:00:00', '2025-07-22 20:00:00', 'Evening');
INSERT INTO Schedule (scheduleID, doctorID, date, startTime, endTime, shift) VALUES ('SC0177', 'ST0002', '2025-07-23', '2025-07-23 08:00:00', '2025-07-23 14:00:00', 'Morning');
INSERT INTO Schedule (scheduleID, doctorID, date, startTime, endTime, shift) VALUES ('SC0178', 'ST0002', '2025-07-23', '2025-07-23 14:00:00', '2025-07-23 20:00:00', 'Evening');
INSERT INTO Schedule (scheduleID, doctorID, date, startTime, endTime, shift) VALUES ('SC0179', 'ST0004', '2025-07-23', '2025-07-23 08:00:00', '2025-07-23 14:00:00', 'Morning');
INSERT INTO Schedule (scheduleID, doctorID, date, startTime, endTime, shift) VALUES ('SC0180', 'ST0004', '2025-07-23', '2025-07-23 14:00:00', '2025-07-23 20:00:00', 'Evening');
INSERT INTO Schedule (scheduleID, doctorID, date, startTime, endTime, shift) VALUES ('SC0181', 'ST0005', '2025-07-23', '2025-07-23 08:00:00', '2025-07-23 14:00:00', 'Morning');
INSERT INTO Schedule (scheduleID, doctorID, date, startTime, endTime, shift) VALUES ('SC0182', 'ST0005', '2025-07-23', '2025-07-23 14:00:00', '2025-07-23 20:00:00', 'Evening');
INSERT INTO Schedule (scheduleID, doctorID, date, startTime, endTime, shift) VALUES ('SC0183', 'ST0007', '2025-07-23', '2025-07-23 08:00:00', '2025-07-23 14:00:00', 'Morning');
INSERT INTO Schedule (scheduleID, doctorID, date, startTime, endTime, shift) VALUES ('SC0184', 'ST0007', '2025-07-23', '2025-07-23 14:00:00', '2025-07-23 20:00:00', 'Evening');
INSERT INTO Schedule (scheduleID, doctorID, date, startTime, endTime, shift) VALUES ('SC0185', 'ST0002', '2025-07-24', '2025-07-24 08:00:00', '2025-07-24 14:00:00', 'Morning');
INSERT INTO Schedule (scheduleID, doctorID, date, startTime, endTime, shift) VALUES ('SC0186', 'ST0002', '2025-07-24', '2025-07-24 14:00:00', '2025-07-24 20:00:00', 'Evening');
INSERT INTO Schedule (scheduleID, doctorID, date, startTime, endTime, shift) VALUES ('SC0187', 'ST0004', '2025-07-24', '2025-07-24 08:00:00', '2025-07-24 14:00:00', 'Morning');
INSERT INTO Schedule (scheduleID, doctorID, date, startTime, endTime, shift) VALUES ('SC0188', 'ST0004', '2025-07-24', '2025-07-24 14:00:00', '2025-07-24 20:00:00', 'Evening');
INSERT INTO Schedule (scheduleID, doctorID, date, startTime, endTime, shift) VALUES ('SC0189', 'ST0005', '2025-07-24', '2025-07-24 08:00:00', '2025-07-24 14:00:00', 'Morning');
INSERT INTO Schedule (scheduleID, doctorID, date, startTime, endTime, shift) VALUES ('SC0190', 'ST0005', '2025-07-24', '2025-07-24 14:00:00', '2025-07-24 20:00:00', 'Evening');
INSERT INTO Schedule (scheduleID, doctorID, date, startTime, endTime, shift) VALUES ('SC0191', 'ST0007', '2025-07-24', '2025-07-24 08:00:00', '2025-07-24 14:00:00', 'Morning');
INSERT INTO Schedule (scheduleID, doctorID, date, startTime, endTime, shift) VALUES ('SC0192', 'ST0007', '2025-07-24', '2025-07-24 14:00:00', '2025-07-24 20:00:00', 'Evening');
INSERT INTO Schedule (scheduleID, doctorID, date, startTime, endTime, shift) VALUES ('SC0193', 'ST0002', '2025-07-25', '2025-07-25 08:00:00', '2025-07-25 14:00:00', 'Morning');
INSERT INTO Schedule (scheduleID, doctorID, date, startTime, endTime, shift) VALUES ('SC0194', 'ST0002', '2025-07-25', '2025-07-25 14:00:00', '2025-07-25 20:00:00', 'Evening');
INSERT INTO Schedule (scheduleID, doctorID, date, startTime, endTime, shift) VALUES ('SC0195', 'ST0004', '2025-07-25', '2025-07-25 08:00:00', '2025-07-25 14:00:00', 'Morning');
INSERT INTO Schedule (scheduleID, doctorID, date, startTime, endTime, shift) VALUES ('SC0196', 'ST0004', '2025-07-25', '2025-07-25 14:00:00', '2025-07-25 20:00:00', 'Evening');
INSERT INTO Schedule (scheduleID, doctorID, date, startTime, endTime, shift) VALUES ('SC0197', 'ST0005', '2025-07-25', '2025-07-25 08:00:00', '2025-07-25 14:00:00', 'Morning');
INSERT INTO Schedule (scheduleID, doctorID, date, startTime, endTime, shift) VALUES ('SC0198', 'ST0005', '2025-07-25', '2025-07-25 14:00:00', '2025-07-25 20:00:00', 'Evening');
INSERT INTO Schedule (scheduleID, doctorID, date, startTime, endTime, shift) VALUES ('SC0199', 'ST0007', '2025-07-25', '2025-07-25 08:00:00', '2025-07-25 14:00:00', 'Morning');
INSERT INTO Schedule (scheduleID, doctorID, date, startTime, endTime, shift) VALUES ('SC0200', 'ST0007', '2025-07-25', '2025-07-25 14:00:00', '2025-07-25 20:00:00', 'Evening');
INSERT INTO Schedule (scheduleID, doctorID, date, startTime, endTime, shift) VALUES ('SC0201', 'ST0002', '2025-07-26', '2025-07-26 08:00:00', '2025-07-26 14:00:00', 'Morning');
INSERT INTO Schedule (scheduleID, doctorID, date, startTime, endTime, shift) VALUES ('SC0202', 'ST0002', '2025-07-26', '2025-07-26 14:00:00', '2025-07-26 20:00:00', 'Evening');
INSERT INTO Schedule (scheduleID, doctorID, date, startTime, endTime, shift) VALUES ('SC0203', 'ST0004', '2025-07-26', '2025-07-26 08:00:00', '2025-07-26 14:00:00', 'Morning');
INSERT INTO Schedule (scheduleID, doctorID, date, startTime, endTime, shift) VALUES ('SC0204', 'ST0004', '2025-07-26', '2025-07-26 14:00:00', '2025-07-26 20:00:00', 'Evening');
INSERT INTO Schedule (scheduleID, doctorID, date, startTime, endTime, shift) VALUES ('SC0205', 'ST0005', '2025-07-26', '2025-07-26 08:00:00', '2025-07-26 14:00:00', 'Morning');
INSERT INTO Schedule (scheduleID, doctorID, date, startTime, endTime, shift) VALUES ('SC0206', 'ST0005', '2025-07-26', '2025-07-26 14:00:00', '2025-07-26 20:00:00', 'Evening');
INSERT INTO Schedule (scheduleID, doctorID, date, startTime, endTime, shift) VALUES ('SC0207', 'ST0007', '2025-07-26', '2025-07-26 08:00:00', '2025-07-26 14:00:00', 'Morning');
INSERT INTO Schedule (scheduleID, doctorID, date, startTime, endTime, shift) VALUES ('SC0208', 'ST0007', '2025-07-26', '2025-07-26 14:00:00', '2025-07-26 20:00:00', 'Evening');
INSERT INTO Schedule (scheduleID, doctorID, date, startTime, endTime, shift) VALUES ('SC0209', 'ST0002', '2025-07-27', '2025-07-27 08:00:00', '2025-07-27 14:00:00', 'Morning');
INSERT INTO Schedule (scheduleID, doctorID, date, startTime, endTime, shift) VALUES ('SC0210', 'ST0002', '2025-07-27', '2025-07-27 14:00:00', '2025-07-27 20:00:00', 'Evening');
INSERT INTO Schedule (scheduleID, doctorID, date, startTime, endTime, shift) VALUES ('SC0211', 'ST0004', '2025-07-27', '2025-07-27 08:00:00', '2025-07-27 14:00:00', 'Morning');
INSERT INTO Schedule (scheduleID, doctorID, date, startTime, endTime, shift) VALUES ('SC0212', 'ST0004', '2025-07-27', '2025-07-27 14:00:00', '2025-07-27 20:00:00', 'Evening');
INSERT INTO Schedule (scheduleID, doctorID, date, startTime, endTime, shift) VALUES ('SC0213', 'ST0005', '2025-07-27', '2025-07-27 08:00:00', '2025-07-27 14:00:00', 'Morning');
INSERT INTO Schedule (scheduleID, doctorID, date, startTime, endTime, shift) VALUES ('SC0214', 'ST0005', '2025-07-27', '2025-07-27 14:00:00', '2025-07-27 20:00:00', 'Evening');
INSERT INTO Schedule (scheduleID, doctorID, date, startTime, endTime, shift) VALUES ('SC0215', 'ST0007', '2025-07-27', '2025-07-27 08:00:00', '2025-07-27 14:00:00', 'Morning');
INSERT INTO Schedule (scheduleID, doctorID, date, startTime, endTime, shift) VALUES ('SC0216', 'ST0007', '2025-07-27', '2025-07-27 14:00:00', '2025-07-27 20:00:00', 'Evening');
INSERT INTO Schedule (scheduleID, doctorID, date, startTime, endTime, shift) VALUES ('SC0217', 'ST0002', '2025-07-28', '2025-07-28 08:00:00', '2025-07-28 14:00:00', 'Morning');
INSERT INTO Schedule (scheduleID, doctorID, date, startTime, endTime, shift) VALUES ('SC0218', 'ST0002', '2025-07-28', '2025-07-28 14:00:00', '2025-07-28 20:00:00', 'Evening');
INSERT INTO Schedule (scheduleID, doctorID, date, startTime, endTime, shift) VALUES ('SC0219', 'ST0004', '2025-07-28', '2025-07-28 08:00:00', '2025-07-28 14:00:00', 'Morning');
INSERT INTO Schedule (scheduleID, doctorID, date, startTime, endTime, shift) VALUES ('SC0220', 'ST0004', '2025-07-28', '2025-07-28 14:00:00', '2025-07-28 20:00:00', 'Evening');
INSERT INTO Schedule (scheduleID, doctorID, date, startTime, endTime, shift) VALUES ('SC0221', 'ST0005', '2025-07-28', '2025-07-28 08:00:00', '2025-07-28 14:00:00', 'Morning');
INSERT INTO Schedule (scheduleID, doctorID, date, startTime, endTime, shift) VALUES ('SC0222', 'ST0005', '2025-07-28', '2025-07-28 14:00:00', '2025-07-28 20:00:00', 'Evening');
INSERT INTO Schedule (scheduleID, doctorID, date, startTime, endTime, shift) VALUES ('SC0223', 'ST0007', '2025-07-28', '2025-07-28 08:00:00', '2025-07-28 14:00:00', 'Morning');
INSERT INTO Schedule (scheduleID, doctorID, date, startTime, endTime, shift) VALUES ('SC0224', 'ST0007', '2025-07-28', '2025-07-28 14:00:00', '2025-07-28 20:00:00', 'Evening');
INSERT INTO Schedule (scheduleID, doctorID, date, startTime, endTime, shift) VALUES ('SC0225', 'ST0002', '2025-07-29', '2025-07-29 08:00:00', '2025-07-29 14:00:00', 'Morning');
INSERT INTO Schedule (scheduleID, doctorID, date, startTime, endTime, shift) VALUES ('SC0226', 'ST0002', '2025-07-29', '2025-07-29 14:00:00', '2025-07-29 20:00:00', 'Evening');
INSERT INTO Schedule (scheduleID, doctorID, date, startTime, endTime, shift) VALUES ('SC0227', 'ST0004', '2025-07-29', '2025-07-29 08:00:00', '2025-07-29 14:00:00', 'Morning');
INSERT INTO Schedule (scheduleID, doctorID, date, startTime, endTime, shift) VALUES ('SC0228', 'ST0004', '2025-07-29', '2025-07-29 14:00:00', '2025-07-29 20:00:00', 'Evening');
INSERT INTO Schedule (scheduleID, doctorID, date, startTime, endTime, shift) VALUES ('SC0229', 'ST0005', '2025-07-29', '2025-07-29 08:00:00', '2025-07-29 14:00:00', 'Morning');
INSERT INTO Schedule (scheduleID, doctorID, date, startTime, endTime, shift) VALUES ('SC0230', 'ST0005', '2025-07-29', '2025-07-29 14:00:00', '2025-07-29 20:00:00', 'Evening');
INSERT INTO Schedule (scheduleID, doctorID, date, startTime, endTime, shift) VALUES ('SC0231', 'ST0007', '2025-07-29', '2025-07-29 08:00:00', '2025-07-29 14:00:00', 'Morning');
INSERT INTO Schedule (scheduleID, doctorID, date, startTime, endTime, shift) VALUES ('SC0232', 'ST0007', '2025-07-29', '2025-07-29 14:00:00', '2025-07-29 20:00:00', 'Evening');
INSERT INTO Schedule (scheduleID, doctorID, date, startTime, endTime, shift) VALUES ('SC0233', 'ST0002', '2025-07-30', '2025-07-30 08:00:00', '2025-07-30 14:00:00', 'Morning');
INSERT INTO Schedule (scheduleID, doctorID, date, startTime, endTime, shift) VALUES ('SC0234', 'ST0002', '2025-07-30', '2025-07-30 14:00:00', '2025-07-30 20:00:00', 'Evening');
INSERT INTO Schedule (scheduleID, doctorID, date, startTime, endTime, shift) VALUES ('SC0235', 'ST0004', '2025-07-30', '2025-07-30 08:00:00', '2025-07-30 14:00:00', 'Morning');
INSERT INTO Schedule (scheduleID, doctorID, date, startTime, endTime, shift) VALUES ('SC0236', 'ST0004', '2025-07-30', '2025-07-30 14:00:00', '2025-07-30 20:00:00', 'Evening');
INSERT INTO Schedule (scheduleID, doctorID, date, startTime, endTime, shift) VALUES ('SC0237', 'ST0005', '2025-07-30', '2025-07-30 08:00:00', '2025-07-30 14:00:00', 'Morning');
INSERT INTO Schedule (scheduleID, doctorID, date, startTime, endTime, shift) VALUES ('SC0238', 'ST0005', '2025-07-30', '2025-07-30 14:00:00', '2025-07-30 20:00:00', 'Evening');
INSERT INTO Schedule (scheduleID, doctorID, date, startTime, endTime, shift) VALUES ('SC0239', 'ST0007', '2025-07-30', '2025-07-30 08:00:00', '2025-07-30 14:00:00', 'Morning');
INSERT INTO Schedule (scheduleID, doctorID, date, startTime, endTime, shift) VALUES ('SC0240', 'ST0007', '2025-07-30', '2025-07-30 14:00:00', '2025-07-30 20:00:00', 'Evening');
INSERT INTO Schedule (scheduleID, doctorID, date, startTime, endTime, shift) VALUES ('SC0241', 'ST0002', '2025-07-31', '2025-07-31 08:00:00', '2025-07-31 14:00:00', 'Morning');
INSERT INTO Schedule (scheduleID, doctorID, date, startTime, endTime, shift) VALUES ('SC0242', 'ST0002', '2025-07-31', '2025-07-31 14:00:00', '2025-07-31 20:00:00', 'Evening');
INSERT INTO Schedule (scheduleID, doctorID, date, startTime, endTime, shift) VALUES ('SC0243', 'ST0004', '2025-07-31', '2025-07-31 08:00:00', '2025-07-31 14:00:00', 'Morning');
INSERT INTO Schedule (scheduleID, doctorID, date, startTime, endTime, shift) VALUES ('SC0244', 'ST0004', '2025-07-31', '2025-07-31 14:00:00', '2025-07-31 20:00:00', 'Evening');
INSERT INTO Schedule (scheduleID, doctorID, date, startTime, endTime, shift) VALUES ('SC0245', 'ST0005', '2025-07-31', '2025-07-31 08:00:00', '2025-07-31 14:00:00', 'Morning');
INSERT INTO Schedule (scheduleID, doctorID, date, startTime, endTime, shift) VALUES ('SC0246', 'ST0005', '2025-07-31', '2025-07-31 14:00:00', '2025-07-31 20:00:00', 'Evening');
INSERT INTO Schedule (scheduleID, doctorID, date, startTime, endTime, shift) VALUES ('SC0247', 'ST0007', '2025-07-31', '2025-07-31 08:00:00', '2025-07-31 14:00:00', 'Morning');
INSERT INTO Schedule (scheduleID, doctorID, date, startTime, endTime, shift) VALUES ('SC0248', 'ST0007', '2025-07-31', '2025-07-31 14:00:00', '2025-07-31 20:00:00', 'Evening');
INSERT INTO Schedule (scheduleID, doctorID, date, startTime, endTime, shift) VALUES ('SC0249', 'ST0002', '2025-08-01', '2025-08-01 08:00:00', '2025-08-01 14:00:00', 'Morning');
INSERT INTO Schedule (scheduleID, doctorID, date, startTime, endTime, shift) VALUES ('SC0250', 'ST0002', '2025-08-01', '2025-08-01 14:00:00', '2025-08-01 20:00:00', 'Evening');
INSERT INTO Schedule (scheduleID, doctorID, date, startTime, endTime, shift) VALUES ('SC0251', 'ST0004', '2025-08-01', '2025-08-01 08:00:00', '2025-08-01 14:00:00', 'Morning');
INSERT INTO Schedule (scheduleID, doctorID, date, startTime, endTime, shift) VALUES ('SC0252', 'ST0004', '2025-08-01', '2025-08-01 14:00:00', '2025-08-01 20:00:00', 'Evening');
INSERT INTO Schedule (scheduleID, doctorID, date, startTime, endTime, shift) VALUES ('SC0253', 'ST0005', '2025-08-01', '2025-08-01 08:00:00', '2025-08-01 14:00:00', 'Morning');
INSERT INTO Schedule (scheduleID, doctorID, date, startTime, endTime, shift) VALUES ('SC0254', 'ST0005', '2025-08-01', '2025-08-01 14:00:00', '2025-08-01 20:00:00', 'Evening');
INSERT INTO Schedule (scheduleID, doctorID, date, startTime, endTime, shift) VALUES ('SC0255', 'ST0007', '2025-08-01', '2025-08-01 08:00:00', '2025-08-01 14:00:00', 'Morning');
INSERT INTO Schedule (scheduleID, doctorID, date, startTime, endTime, shift) VALUES ('SC0256', 'ST0007', '2025-08-01', '2025-08-01 14:00:00', '2025-08-01 20:00:00', 'Evening');
INSERT INTO Schedule (scheduleID, doctorID, date, startTime, endTime, shift) VALUES ('SC0257', 'ST0002', '2025-08-02', '2025-08-02 08:00:00', '2025-08-02 14:00:00', 'Morning');
INSERT INTO Schedule (scheduleID, doctorID, date, startTime, endTime, shift) VALUES ('SC0258', 'ST0002', '2025-08-02', '2025-08-02 14:00:00', '2025-08-02 20:00:00', 'Evening');
INSERT INTO Schedule (scheduleID, doctorID, date, startTime, endTime, shift) VALUES ('SC0259', 'ST0004', '2025-08-02', '2025-08-02 08:00:00', '2025-08-02 14:00:00', 'Morning');
INSERT INTO Schedule (scheduleID, doctorID, date, startTime, endTime, shift) VALUES ('SC0260', 'ST0004', '2025-08-02', '2025-08-02 14:00:00', '2025-08-02 20:00:00', 'Evening');
INSERT INTO Schedule (scheduleID, doctorID, date, startTime, endTime, shift) VALUES ('SC0261', 'ST0005', '2025-08-02', '2025-08-02 08:00:00', '2025-08-02 14:00:00', 'Morning');
INSERT INTO Schedule (scheduleID, doctorID, date, startTime, endTime, shift) VALUES ('SC0262', 'ST0005', '2025-08-02', '2025-08-02 14:00:00', '2025-08-02 20:00:00', 'Evening');
INSERT INTO Schedule (scheduleID, doctorID, date, startTime, endTime, shift) VALUES ('SC0263', 'ST0007', '2025-08-02', '2025-08-02 08:00:00', '2025-08-02 14:00:00', 'Morning');
INSERT INTO Schedule (scheduleID, doctorID, date, startTime, endTime, shift) VALUES ('SC0264', 'ST0007', '2025-08-02', '2025-08-02 14:00:00', '2025-08-02 20:00:00', 'Evening');
INSERT INTO Schedule (scheduleID, doctorID, date, startTime, endTime, shift) VALUES ('SC0265', 'ST0002', '2025-08-03', '2025-08-03 08:00:00', '2025-08-03 14:00:00', 'Morning');
INSERT INTO Schedule (scheduleID, doctorID, date, startTime, endTime, shift) VALUES ('SC0266', 'ST0002', '2025-08-03', '2025-08-03 14:00:00', '2025-08-03 20:00:00', 'Evening');
INSERT INTO Schedule (scheduleID, doctorID, date, startTime, endTime, shift) VALUES ('SC0267', 'ST0004', '2025-08-03', '2025-08-03 08:00:00', '2025-08-03 14:00:00', 'Morning');
INSERT INTO Schedule (scheduleID, doctorID, date, startTime, endTime, shift) VALUES ('SC0268', 'ST0004', '2025-08-03', '2025-08-03 14:00:00', '2025-08-03 20:00:00', 'Evening');
INSERT INTO Schedule (scheduleID, doctorID, date, startTime, endTime, shift) VALUES ('SC0269', 'ST0005', '2025-08-03', '2025-08-03 08:00:00', '2025-08-03 14:00:00', 'Morning');
INSERT INTO Schedule (scheduleID, doctorID, date, startTime, endTime, shift) VALUES ('SC0270', 'ST0005', '2025-08-03', '2025-08-03 14:00:00', '2025-08-03 20:00:00', 'Evening');
INSERT INTO Schedule (scheduleID, doctorID, date, startTime, endTime, shift) VALUES ('SC0271', 'ST0007', '2025-08-03', '2025-08-03 08:00:00', '2025-08-03 14:00:00', 'Morning');
INSERT INTO Schedule (scheduleID, doctorID, date, startTime, endTime, shift) VALUES ('SC0272', 'ST0007', '2025-08-03', '2025-08-03 14:00:00', '2025-08-03 20:00:00', 'Evening');
INSERT INTO Schedule (scheduleID, doctorID, date, startTime, endTime, shift) VALUES ('SC0273', 'ST0002', '2025-08-04', '2025-08-04 08:00:00', '2025-08-04 14:00:00', 'Morning');
INSERT INTO Schedule (scheduleID, doctorID, date, startTime, endTime, shift) VALUES ('SC0274', 'ST0002', '2025-08-04', '2025-08-04 14:00:00', '2025-08-04 20:00:00', 'Evening');
INSERT INTO Schedule (scheduleID, doctorID, date, startTime, endTime, shift) VALUES ('SC0275', 'ST0004', '2025-08-04', '2025-08-04 08:00:00', '2025-08-04 14:00:00', 'Morning');
INSERT INTO Schedule (scheduleID, doctorID, date, startTime, endTime, shift) VALUES ('SC0276', 'ST0004', '2025-08-04', '2025-08-04 14:00:00', '2025-08-04 20:00:00', 'Evening');
INSERT INTO Schedule (scheduleID, doctorID, date, startTime, endTime, shift) VALUES ('SC0277', 'ST0005', '2025-08-04', '2025-08-04 08:00:00', '2025-08-04 14:00:00', 'Morning');
INSERT INTO Schedule (scheduleID, doctorID, date, startTime, endTime, shift) VALUES ('SC0278', 'ST0005', '2025-08-04', '2025-08-04 14:00:00', '2025-08-04 20:00:00', 'Evening');
INSERT INTO Schedule (scheduleID, doctorID, date, startTime, endTime, shift) VALUES ('SC0279', 'ST0007', '2025-08-04', '2025-08-04 08:00:00', '2025-08-04 14:00:00', 'Morning');
INSERT INTO Schedule (scheduleID, doctorID, date, startTime, endTime, shift) VALUES ('SC0280', 'ST0007', '2025-08-04', '2025-08-04 14:00:00', '2025-08-04 20:00:00', 'Evening');
INSERT INTO Schedule (scheduleID, doctorID, date, startTime, endTime, shift) VALUES ('SC0281', 'ST0002', '2025-08-05', '2025-08-05 08:00:00', '2025-08-05 14:00:00', 'Morning');
INSERT INTO Schedule (scheduleID, doctorID, date, startTime, endTime, shift) VALUES ('SC0282', 'ST0002', '2025-08-05', '2025-08-05 14:00:00', '2025-08-05 20:00:00', 'Evening');
INSERT INTO Schedule (scheduleID, doctorID, date, startTime, endTime, shift) VALUES ('SC0283', 'ST0004', '2025-08-05', '2025-08-05 08:00:00', '2025-08-05 14:00:00', 'Morning');
INSERT INTO Schedule (scheduleID, doctorID, date, startTime, endTime, shift) VALUES ('SC0284', 'ST0004', '2025-08-05', '2025-08-05 14:00:00', '2025-08-05 20:00:00', 'Evening');
INSERT INTO Schedule (scheduleID, doctorID, date, startTime, endTime, shift) VALUES ('SC0285', 'ST0005', '2025-08-05', '2025-08-05 08:00:00', '2025-08-05 14:00:00', 'Morning');
INSERT INTO Schedule (scheduleID, doctorID, date, startTime, endTime, shift) VALUES ('SC0286', 'ST0005', '2025-08-05', '2025-08-05 14:00:00', '2025-08-05 20:00:00', 'Evening');
INSERT INTO Schedule (scheduleID, doctorID, date, startTime, endTime, shift) VALUES ('SC0287', 'ST0007', '2025-08-05', '2025-08-05 08:00:00', '2025-08-05 14:00:00', 'Morning');
INSERT INTO Schedule (scheduleID, doctorID, date, startTime, endTime, shift) VALUES ('SC0288', 'ST0007', '2025-08-05', '2025-08-05 14:00:00', '2025-08-05 20:00:00', 'Evening');
INSERT INTO Schedule (scheduleID, doctorID, date, startTime, endTime, shift) VALUES ('SC0289', 'ST0002', '2025-08-06', '2025-08-06 08:00:00', '2025-08-06 14:00:00', 'Morning');
INSERT INTO Schedule (scheduleID, doctorID, date, startTime, endTime, shift) VALUES ('SC0290', 'ST0002', '2025-08-06', '2025-08-06 14:00:00', '2025-08-06 20:00:00', 'Evening');
INSERT INTO Schedule (scheduleID, doctorID, date, startTime, endTime, shift) VALUES ('SC0291', 'ST0004', '2025-08-06', '2025-08-06 08:00:00', '2025-08-06 14:00:00', 'Morning');
INSERT INTO Schedule (scheduleID, doctorID, date, startTime, endTime, shift) VALUES ('SC0292', 'ST0004', '2025-08-06', '2025-08-06 14:00:00', '2025-08-06 20:00:00', 'Evening');
INSERT INTO Schedule (scheduleID, doctorID, date, startTime, endTime, shift) VALUES ('SC0293', 'ST0005', '2025-08-06', '2025-08-06 08:00:00', '2025-08-06 14:00:00', 'Morning');
INSERT INTO Schedule (scheduleID, doctorID, date, startTime, endTime, shift) VALUES ('SC0294', 'ST0005', '2025-08-06', '2025-08-06 14:00:00', '2025-08-06 20:00:00', 'Evening');
INSERT INTO Schedule (scheduleID, doctorID, date, startTime, endTime, shift) VALUES ('SC0295', 'ST0007', '2025-08-06', '2025-08-06 08:00:00', '2025-08-06 14:00:00', 'Morning');
INSERT INTO Schedule (scheduleID, doctorID, date, startTime, endTime, shift) VALUES ('SC0296', 'ST0007', '2025-08-06', '2025-08-06 14:00:00', '2025-08-06 20:00:00', 'Evening');
INSERT INTO Schedule (scheduleID, doctorID, date, startTime, endTime, shift) VALUES ('SC0297', 'ST0002', '2025-08-07', '2025-08-07 08:00:00', '2025-08-07 14:00:00', 'Morning');
INSERT INTO Schedule (scheduleID, doctorID, date, startTime, endTime, shift) VALUES ('SC0298', 'ST0002', '2025-08-07', '2025-08-07 14:00:00', '2025-08-07 20:00:00', 'Evening');
INSERT INTO Schedule (scheduleID, doctorID, date, startTime, endTime, shift) VALUES ('SC0299', 'ST0004', '2025-08-07', '2025-08-07 08:00:00', '2025-08-07 14:00:00', 'Morning');
INSERT INTO Schedule (scheduleID, doctorID, date, startTime, endTime, shift) VALUES ('SC0300', 'ST0004', '2025-08-07', '2025-08-07 14:00:00', '2025-08-07 20:00:00', 'Evening');
INSERT INTO Schedule (scheduleID, doctorID, date, startTime, endTime, shift) VALUES ('SC0301', 'ST0005', '2025-08-07', '2025-08-07 08:00:00', '2025-08-07 14:00:00', 'Morning');
INSERT INTO Schedule (scheduleID, doctorID, date, startTime, endTime, shift) VALUES ('SC0302', 'ST0005', '2025-08-07', '2025-08-07 14:00:00', '2025-08-07 20:00:00', 'Evening');
INSERT INTO Schedule (scheduleID, doctorID, date, startTime, endTime, shift) VALUES ('SC0303', 'ST0007', '2025-08-07', '2025-08-07 08:00:00', '2025-08-07 14:00:00', 'Morning');
INSERT INTO Schedule (scheduleID, doctorID, date, startTime, endTime, shift) VALUES ('SC0304', 'ST0007', '2025-08-07', '2025-08-07 14:00:00', '2025-08-07 20:00:00', 'Evening');
INSERT INTO Schedule (scheduleID, doctorID, date, startTime, endTime, shift) VALUES ('SC0305', 'ST0002', '2025-08-08', '2025-08-08 08:00:00', '2025-08-08 14:00:00', 'Morning');
INSERT INTO Schedule (scheduleID, doctorID, date, startTime, endTime, shift) VALUES ('SC0306', 'ST0002', '2025-08-08', '2025-08-08 14:00:00', '2025-08-08 20:00:00', 'Evening');
INSERT INTO Schedule (scheduleID, doctorID, date, startTime, endTime, shift) VALUES ('SC0307', 'ST0004', '2025-08-08', '2025-08-08 08:00:00', '2025-08-08 14:00:00', 'Morning');
INSERT INTO Schedule (scheduleID, doctorID, date, startTime, endTime, shift) VALUES ('SC0308', 'ST0004', '2025-08-08', '2025-08-08 14:00:00', '2025-08-08 20:00:00', 'Evening');
INSERT INTO Schedule (scheduleID, doctorID, date, startTime, endTime, shift) VALUES ('SC0309', 'ST0005', '2025-08-08', '2025-08-08 08:00:00', '2025-08-08 14:00:00', 'Morning');
INSERT INTO Schedule (scheduleID, doctorID, date, startTime, endTime, shift) VALUES ('SC0310', 'ST0005', '2025-08-08', '2025-08-08 14:00:00', '2025-08-08 20:00:00', 'Evening');
INSERT INTO Schedule (scheduleID, doctorID, date, startTime, endTime, shift) VALUES ('SC0311', 'ST0007', '2025-08-08', '2025-08-08 08:00:00', '2025-08-08 14:00:00', 'Morning');
INSERT INTO Schedule (scheduleID, doctorID, date, startTime, endTime, shift) VALUES ('SC0312', 'ST0007', '2025-08-08', '2025-08-08 14:00:00', '2025-08-08 20:00:00', 'Evening');
INSERT INTO Schedule (scheduleID, doctorID, date, startTime, endTime, shift) VALUES ('SC0313', 'ST0002', '2025-08-09', '2025-08-09 08:00:00', '2025-08-09 14:00:00', 'Morning');
INSERT INTO Schedule (scheduleID, doctorID, date, startTime, endTime, shift) VALUES ('SC0314', 'ST0002', '2025-08-09', '2025-08-09 14:00:00', '2025-08-09 20:00:00', 'Evening');
INSERT INTO Schedule (scheduleID, doctorID, date, startTime, endTime, shift) VALUES ('SC0315', 'ST0004', '2025-08-09', '2025-08-09 08:00:00', '2025-08-09 14:00:00', 'Morning');
INSERT INTO Schedule (scheduleID, doctorID, date, startTime, endTime, shift) VALUES ('SC0316', 'ST0004', '2025-08-09', '2025-08-09 14:00:00', '2025-08-09 20:00:00', 'Evening');
INSERT INTO Schedule (scheduleID, doctorID, date, startTime, endTime, shift) VALUES ('SC0317', 'ST0005', '2025-08-09', '2025-08-09 08:00:00', '2025-08-09 14:00:00', 'Morning');
INSERT INTO Schedule (scheduleID, doctorID, date, startTime, endTime, shift) VALUES ('SC0318', 'ST0005', '2025-08-09', '2025-08-09 14:00:00', '2025-08-09 20:00:00', 'Evening');
INSERT INTO Schedule (scheduleID, doctorID, date, startTime, endTime, shift) VALUES ('SC0319', 'ST0007', '2025-08-09', '2025-08-09 08:00:00', '2025-08-09 14:00:00', 'Morning');
INSERT INTO Schedule (scheduleID, doctorID, date, startTime, endTime, shift) VALUES ('SC0320', 'ST0007', '2025-08-09', '2025-08-09 14:00:00', '2025-08-09 20:00:00', 'Evening');
INSERT INTO Schedule (scheduleID, doctorID, date, startTime, endTime, shift) VALUES ('SC0321', 'ST0002', '2025-08-10', '2025-08-10 08:00:00', '2025-08-10 14:00:00', 'Morning');
INSERT INTO Schedule (scheduleID, doctorID, date, startTime, endTime, shift) VALUES ('SC0322', 'ST0002', '2025-08-10', '2025-08-10 14:00:00', '2025-08-10 20:00:00', 'Evening');
INSERT INTO Schedule (scheduleID, doctorID, date, startTime, endTime, shift) VALUES ('SC0323', 'ST0004', '2025-08-10', '2025-08-10 08:00:00', '2025-08-10 14:00:00', 'Morning');
INSERT INTO Schedule (scheduleID, doctorID, date, startTime, endTime, shift) VALUES ('SC0324', 'ST0004', '2025-08-10', '2025-08-10 14:00:00', '2025-08-10 20:00:00', 'Evening');
INSERT INTO Schedule (scheduleID, doctorID, date, startTime, endTime, shift) VALUES ('SC0325', 'ST0005', '2025-08-10', '2025-08-10 08:00:00', '2025-08-10 14:00:00', 'Morning');
INSERT INTO Schedule (scheduleID, doctorID, date, startTime, endTime, shift) VALUES ('SC0326', 'ST0005', '2025-08-10', '2025-08-10 14:00:00', '2025-08-10 20:00:00', 'Evening');
INSERT INTO Schedule (scheduleID, doctorID, date, startTime, endTime, shift) VALUES ('SC0327', 'ST0007', '2025-08-10', '2025-08-10 08:00:00', '2025-08-10 14:00:00', 'Morning');
INSERT INTO Schedule (scheduleID, doctorID, date, startTime, endTime, shift) VALUES ('SC0328', 'ST0007', '2025-08-10', '2025-08-10 14:00:00', '2025-08-10 20:00:00', 'Evening');
INSERT INTO Schedule (scheduleID, doctorID, date, startTime, endTime, shift) VALUES ('SC0329', 'ST0002', '2025-08-11', '2025-08-11 08:00:00', '2025-08-11 14:00:00', 'Morning');
INSERT INTO Schedule (scheduleID, doctorID, date, startTime, endTime, shift) VALUES ('SC0330', 'ST0002', '2025-08-11', '2025-08-11 14:00:00', '2025-08-11 20:00:00', 'Evening');
INSERT INTO Schedule (scheduleID, doctorID, date, startTime, endTime, shift) VALUES ('SC0331', 'ST0004', '2025-08-11', '2025-08-11 08:00:00', '2025-08-11 14:00:00', 'Morning');
INSERT INTO Schedule (scheduleID, doctorID, date, startTime, endTime, shift) VALUES ('SC0332', 'ST0004', '2025-08-11', '2025-08-11 14:00:00', '2025-08-11 20:00:00', 'Evening');
INSERT INTO Schedule (scheduleID, doctorID, date, startTime, endTime, shift) VALUES ('SC0333', 'ST0005', '2025-08-11', '2025-08-11 08:00:00', '2025-08-11 14:00:00', 'Morning');
INSERT INTO Schedule (scheduleID, doctorID, date, startTime, endTime, shift) VALUES ('SC0334', 'ST0005', '2025-08-11', '2025-08-11 14:00:00', '2025-08-11 20:00:00', 'Evening');
INSERT INTO Schedule (scheduleID, doctorID, date, startTime, endTime, shift) VALUES ('SC0335', 'ST0007', '2025-08-11', '2025-08-11 08:00:00', '2025-08-11 14:00:00', 'Morning');
INSERT INTO Schedule (scheduleID, doctorID, date, startTime, endTime, shift) VALUES ('SC0336', 'ST0007', '2025-08-11', '2025-08-11 14:00:00', '2025-08-11 20:00:00', 'Evening');
INSERT INTO Schedule (scheduleID, doctorID, date, startTime, endTime, shift) VALUES ('SC0337', 'ST0002', '2025-08-12', '2025-08-12 08:00:00', '2025-08-12 14:00:00', 'Morning');
INSERT INTO Schedule (scheduleID, doctorID, date, startTime, endTime, shift) VALUES ('SC0338', 'ST0002', '2025-08-12', '2025-08-12 14:00:00', '2025-08-12 20:00:00', 'Evening');
INSERT INTO Schedule (scheduleID, doctorID, date, startTime, endTime, shift) VALUES ('SC0339', 'ST0004', '2025-08-12', '2025-08-12 08:00:00', '2025-08-12 14:00:00', 'Morning');
INSERT INTO Schedule (scheduleID, doctorID, date, startTime, endTime, shift) VALUES ('SC0340', 'ST0004', '2025-08-12', '2025-08-12 14:00:00', '2025-08-12 20:00:00', 'Evening');
INSERT INTO Schedule (scheduleID, doctorID, date, startTime, endTime, shift) VALUES ('SC0341', 'ST0005', '2025-08-12', '2025-08-12 08:00:00', '2025-08-12 14:00:00', 'Morning');
INSERT INTO Schedule (scheduleID, doctorID, date, startTime, endTime, shift) VALUES ('SC0342', 'ST0005', '2025-08-12', '2025-08-12 14:00:00', '2025-08-12 20:00:00', 'Evening');
INSERT INTO Schedule (scheduleID, doctorID, date, startTime, endTime, shift) VALUES ('SC0343', 'ST0007', '2025-08-12', '2025-08-12 08:00:00', '2025-08-12 14:00:00', 'Morning');
INSERT INTO Schedule (scheduleID, doctorID, date, startTime, endTime, shift) VALUES ('SC0344', 'ST0007', '2025-08-12', '2025-08-12 14:00:00', '2025-08-12 20:00:00', 'Evening');
INSERT INTO Schedule (scheduleID, doctorID, date, startTime, endTime, shift) VALUES ('SC0345', 'ST0002', '2025-08-13', '2025-08-13 08:00:00', '2025-08-13 14:00:00', 'Morning');
INSERT INTO Schedule (scheduleID, doctorID, date, startTime, endTime, shift) VALUES ('SC0346', 'ST0002', '2025-08-13', '2025-08-13 14:00:00', '2025-08-13 20:00:00', 'Evening');
INSERT INTO Schedule (scheduleID, doctorID, date, startTime, endTime, shift) VALUES ('SC0347', 'ST0004', '2025-08-13', '2025-08-13 08:00:00', '2025-08-13 14:00:00', 'Morning');
INSERT INTO Schedule (scheduleID, doctorID, date, startTime, endTime, shift) VALUES ('SC0348', 'ST0004', '2025-08-13', '2025-08-13 14:00:00', '2025-08-13 20:00:00', 'Evening');
INSERT INTO Schedule (scheduleID, doctorID, date, startTime, endTime, shift) VALUES ('SC0349', 'ST0005', '2025-08-13', '2025-08-13 08:00:00', '2025-08-13 14:00:00', 'Morning');
INSERT INTO Schedule (scheduleID, doctorID, date, startTime, endTime, shift) VALUES ('SC0350', 'ST0005', '2025-08-13', '2025-08-13 14:00:00', '2025-08-13 20:00:00', 'Evening');
INSERT INTO Schedule (scheduleID, doctorID, date, startTime, endTime, shift) VALUES ('SC0351', 'ST0007', '2025-08-13', '2025-08-13 08:00:00', '2025-08-13 14:00:00', 'Morning');
INSERT INTO Schedule (scheduleID, doctorID, date, startTime, endTime, shift) VALUES ('SC0352', 'ST0007', '2025-08-13', '2025-08-13 14:00:00', '2025-08-13 20:00:00', 'Evening');
INSERT INTO Schedule (scheduleID, doctorID, date, startTime, endTime, shift) VALUES ('SC0353', 'ST0002', '2025-08-14', '2025-08-14 08:00:00', '2025-08-14 14:00:00', 'Morning');
INSERT INTO Schedule (scheduleID, doctorID, date, startTime, endTime, shift) VALUES ('SC0354', 'ST0002', '2025-08-14', '2025-08-14 14:00:00', '2025-08-14 20:00:00', 'Evening');
INSERT INTO Schedule (scheduleID, doctorID, date, startTime, endTime, shift) VALUES ('SC0355', 'ST0004', '2025-08-14', '2025-08-14 08:00:00', '2025-08-14 14:00:00', 'Morning');
INSERT INTO Schedule (scheduleID, doctorID, date, startTime, endTime, shift) VALUES ('SC0356', 'ST0004', '2025-08-14', '2025-08-14 14:00:00', '2025-08-14 20:00:00', 'Evening');
INSERT INTO Schedule (scheduleID, doctorID, date, startTime, endTime, shift) VALUES ('SC0357', 'ST0005', '2025-08-14', '2025-08-14 08:00:00', '2025-08-14 14:00:00', 'Morning');
INSERT INTO Schedule (scheduleID, doctorID, date, startTime, endTime, shift) VALUES ('SC0358', 'ST0005', '2025-08-14', '2025-08-14 14:00:00', '2025-08-14 20:00:00', 'Evening');
INSERT INTO Schedule (scheduleID, doctorID, date, startTime, endTime, shift) VALUES ('SC0359', 'ST0007', '2025-08-14', '2025-08-14 08:00:00', '2025-08-14 14:00:00', 'Morning');
INSERT INTO Schedule (scheduleID, doctorID, date, startTime, endTime, shift) VALUES ('SC0360', 'ST0007', '2025-08-14', '2025-08-14 14:00:00', '2025-08-14 20:00:00', 'Evening');
INSERT INTO Schedule (scheduleID, doctorID, date, startTime, endTime, shift) VALUES ('SC0361', 'ST0002', '2025-08-15', '2025-08-15 08:00:00', '2025-08-15 14:00:00', 'Morning');
INSERT INTO Schedule (scheduleID, doctorID, date, startTime, endTime, shift) VALUES ('SC0362', 'ST0002', '2025-08-15', '2025-08-15 14:00:00', '2025-08-15 20:00:00', 'Evening');
INSERT INTO Schedule (scheduleID, doctorID, date, startTime, endTime, shift) VALUES ('SC0363', 'ST0004', '2025-08-15', '2025-08-15 08:00:00', '2025-08-15 14:00:00', 'Morning');
INSERT INTO Schedule (scheduleID, doctorID, date, startTime, endTime, shift) VALUES ('SC0364', 'ST0004', '2025-08-15', '2025-08-15 14:00:00', '2025-08-15 20:00:00', 'Evening');
INSERT INTO Schedule (scheduleID, doctorID, date, startTime, endTime, shift) VALUES ('SC0365', 'ST0005', '2025-08-15', '2025-08-15 08:00:00', '2025-08-15 14:00:00', 'Morning');
INSERT INTO Schedule (scheduleID, doctorID, date, startTime, endTime, shift) VALUES ('SC0366', 'ST0005', '2025-08-15', '2025-08-15 14:00:00', '2025-08-15 20:00:00', 'Evening');
INSERT INTO Schedule (scheduleID, doctorID, date, startTime, endTime, shift) VALUES ('SC0367', 'ST0007', '2025-08-15', '2025-08-15 08:00:00', '2025-08-15 14:00:00', 'Morning');
INSERT INTO Schedule (scheduleID, doctorID, date, startTime, endTime, shift) VALUES ('SC0368', 'ST0007', '2025-08-15', '2025-08-15 14:00:00', '2025-08-15 20:00:00', 'Evening');
INSERT INTO Schedule (scheduleID, doctorID, date, startTime, endTime, shift) VALUES ('SC0369', 'ST0002', '2025-08-16', '2025-08-16 08:00:00', '2025-08-16 14:00:00', 'Morning');
INSERT INTO Schedule (scheduleID, doctorID, date, startTime, endTime, shift) VALUES ('SC0370', 'ST0002', '2025-08-16', '2025-08-16 14:00:00', '2025-08-16 20:00:00', 'Evening');
INSERT INTO Schedule (scheduleID, doctorID, date, startTime, endTime, shift) VALUES ('SC0371', 'ST0004', '2025-08-16', '2025-08-16 08:00:00', '2025-08-16 14:00:00', 'Morning');
INSERT INTO Schedule (scheduleID, doctorID, date, startTime, endTime, shift) VALUES ('SC0372', 'ST0004', '2025-08-16', '2025-08-16 14:00:00', '2025-08-16 20:00:00', 'Evening');
INSERT INTO Schedule (scheduleID, doctorID, date, startTime, endTime, shift) VALUES ('SC0373', 'ST0005', '2025-08-16', '2025-08-16 08:00:00', '2025-08-16 14:00:00', 'Morning');
INSERT INTO Schedule (scheduleID, doctorID, date, startTime, endTime, shift) VALUES ('SC0374', 'ST0005', '2025-08-16', '2025-08-16 14:00:00', '2025-08-16 20:00:00', 'Evening');
INSERT INTO Schedule (scheduleID, doctorID, date, startTime, endTime, shift) VALUES ('SC0375', 'ST0007', '2025-08-16', '2025-08-16 08:00:00', '2025-08-16 14:00:00', 'Morning');
INSERT INTO Schedule (scheduleID, doctorID, date, startTime, endTime, shift) VALUES ('SC0376', 'ST0007', '2025-08-16', '2025-08-16 14:00:00', '2025-08-16 20:00:00', 'Evening');
INSERT INTO Schedule (scheduleID, doctorID, date, startTime, endTime, shift) VALUES ('SC0377', 'ST0002', '2025-08-17', '2025-08-17 08:00:00', '2025-08-17 14:00:00', 'Morning');
INSERT INTO Schedule (scheduleID, doctorID, date, startTime, endTime, shift) VALUES ('SC0378', 'ST0002', '2025-08-17', '2025-08-17 14:00:00', '2025-08-17 20:00:00', 'Evening');
INSERT INTO Schedule (scheduleID, doctorID, date, startTime, endTime, shift) VALUES ('SC0379', 'ST0004', '2025-08-17', '2025-08-17 08:00:00', '2025-08-17 14:00:00', 'Morning');
INSERT INTO Schedule (scheduleID, doctorID, date, startTime, endTime, shift) VALUES ('SC0380', 'ST0004', '2025-08-17', '2025-08-17 14:00:00', '2025-08-17 20:00:00', 'Evening');
INSERT INTO Schedule (scheduleID, doctorID, date, startTime, endTime, shift) VALUES ('SC0381', 'ST0005', '2025-08-17', '2025-08-17 08:00:00', '2025-08-17 14:00:00', 'Morning');
INSERT INTO Schedule (scheduleID, doctorID, date, startTime, endTime, shift) VALUES ('SC0382', 'ST0005', '2025-08-17', '2025-08-17 14:00:00', '2025-08-17 20:00:00', 'Evening');
INSERT INTO Schedule (scheduleID, doctorID, date, startTime, endTime, shift) VALUES ('SC0383', 'ST0007', '2025-08-17', '2025-08-17 08:00:00', '2025-08-17 14:00:00', 'Morning');
INSERT INTO Schedule (scheduleID, doctorID, date, startTime, endTime, shift) VALUES ('SC0384', 'ST0007', '2025-08-17', '2025-08-17 14:00:00', '2025-08-17 20:00:00', 'Evening');
INSERT INTO Schedule (scheduleID, doctorID, date, startTime, endTime, shift) VALUES ('SC0385', 'ST0002', '2025-08-18', '2025-08-18 08:00:00', '2025-08-18 14:00:00', 'Morning');
INSERT INTO Schedule (scheduleID, doctorID, date, startTime, endTime, shift) VALUES ('SC0386', 'ST0002', '2025-08-18', '2025-08-18 14:00:00', '2025-08-18 20:00:00', 'Evening');
INSERT INTO Schedule (scheduleID, doctorID, date, startTime, endTime, shift) VALUES ('SC0387', 'ST0004', '2025-08-18', '2025-08-18 08:00:00', '2025-08-18 14:00:00', 'Morning');
INSERT INTO Schedule (scheduleID, doctorID, date, startTime, endTime, shift) VALUES ('SC0388', 'ST0004', '2025-08-18', '2025-08-18 14:00:00', '2025-08-18 20:00:00', 'Evening');
INSERT INTO Schedule (scheduleID, doctorID, date, startTime, endTime, shift) VALUES ('SC0389', 'ST0005', '2025-08-18', '2025-08-18 08:00:00', '2025-08-18 14:00:00', 'Morning');
INSERT INTO Schedule (scheduleID, doctorID, date, startTime, endTime, shift) VALUES ('SC0390', 'ST0005', '2025-08-18', '2025-08-18 14:00:00', '2025-08-18 20:00:00', 'Evening');
INSERT INTO Schedule (scheduleID, doctorID, date, startTime, endTime, shift) VALUES ('SC0391', 'ST0007', '2025-08-18', '2025-08-18 08:00:00', '2025-08-18 14:00:00', 'Morning');
INSERT INTO Schedule (scheduleID, doctorID, date, startTime, endTime, shift) VALUES ('SC0392', 'ST0007', '2025-08-18', '2025-08-18 14:00:00', '2025-08-18 20:00:00', 'Evening');
INSERT INTO Schedule (scheduleID, doctorID, date, startTime, endTime, shift) VALUES ('SC0393', 'ST0002', '2025-08-19', '2025-08-19 08:00:00', '2025-08-19 14:00:00', 'Morning');
INSERT INTO Schedule (scheduleID, doctorID, date, startTime, endTime, shift) VALUES ('SC0394', 'ST0002', '2025-08-19', '2025-08-19 14:00:00', '2025-08-19 20:00:00', 'Evening');
INSERT INTO Schedule (scheduleID, doctorID, date, startTime, endTime, shift) VALUES ('SC0395', 'ST0004', '2025-08-19', '2025-08-19 08:00:00', '2025-08-19 14:00:00', 'Morning');
INSERT INTO Schedule (scheduleID, doctorID, date, startTime, endTime, shift) VALUES ('SC0396', 'ST0004', '2025-08-19', '2025-08-19 14:00:00', '2025-08-19 20:00:00', 'Evening');
INSERT INTO Schedule (scheduleID, doctorID, date, startTime, endTime, shift) VALUES ('SC0397', 'ST0005', '2025-08-19', '2025-08-19 08:00:00', '2025-08-19 14:00:00', 'Morning');
INSERT INTO Schedule (scheduleID, doctorID, date, startTime, endTime, shift) VALUES ('SC0398', 'ST0005', '2025-08-19', '2025-08-19 14:00:00', '2025-08-19 20:00:00', 'Evening');
INSERT INTO Schedule (scheduleID, doctorID, date, startTime, endTime, shift) VALUES ('SC0399', 'ST0007', '2025-08-19', '2025-08-19 08:00:00', '2025-08-19 14:00:00', 'Morning');
INSERT INTO Schedule (scheduleID, doctorID, date, startTime, endTime, shift) VALUES ('SC0400', 'ST0007', '2025-08-19', '2025-08-19 14:00:00', '2025-08-19 20:00:00', 'Evening');
INSERT INTO Schedule (scheduleID, doctorID, date, startTime, endTime, shift) VALUES ('SC0401', 'ST0002', '2025-08-20', '2025-08-20 08:00:00', '2025-08-20 14:00:00', 'Morning');
INSERT INTO Schedule (scheduleID, doctorID, date, startTime, endTime, shift) VALUES ('SC0402', 'ST0002', '2025-08-20', '2025-08-20 14:00:00', '2025-08-20 20:00:00', 'Evening');
INSERT INTO Schedule (scheduleID, doctorID, date, startTime, endTime, shift) VALUES ('SC0403', 'ST0004', '2025-08-20', '2025-08-20 08:00:00', '2025-08-20 14:00:00', 'Morning');
INSERT INTO Schedule (scheduleID, doctorID, date, startTime, endTime, shift) VALUES ('SC0404', 'ST0004', '2025-08-20', '2025-08-20 14:00:00', '2025-08-20 20:00:00', 'Evening');
INSERT INTO Schedule (scheduleID, doctorID, date, startTime, endTime, shift) VALUES ('SC0405', 'ST0005', '2025-08-20', '2025-08-20 08:00:00', '2025-08-20 14:00:00', 'Morning');
INSERT INTO Schedule (scheduleID, doctorID, date, startTime, endTime, shift) VALUES ('SC0406', 'ST0005', '2025-08-20', '2025-08-20 14:00:00', '2025-08-20 20:00:00', 'Evening');
INSERT INTO Schedule (scheduleID, doctorID, date, startTime, endTime, shift) VALUES ('SC0407', 'ST0007', '2025-08-20', '2025-08-20 08:00:00', '2025-08-20 14:00:00', 'Morning');
INSERT INTO Schedule (scheduleID, doctorID, date, startTime, endTime, shift) VALUES ('SC0408', 'ST0007', '2025-08-20', '2025-08-20 14:00:00', '2025-08-20 20:00:00', 'Evening');
INSERT INTO Schedule (scheduleID, doctorID, date, startTime, endTime, shift) VALUES ('SC0409', 'ST0002', '2025-08-21', '2025-08-21 08:00:00', '2025-08-21 14:00:00', 'Morning');
INSERT INTO Schedule (scheduleID, doctorID, date, startTime, endTime, shift) VALUES ('SC0410', 'ST0002', '2025-08-21', '2025-08-21 14:00:00', '2025-08-21 20:00:00', 'Evening');
INSERT INTO Schedule (scheduleID, doctorID, date, startTime, endTime, shift) VALUES ('SC0411', 'ST0004', '2025-08-21', '2025-08-21 08:00:00', '2025-08-21 14:00:00', 'Morning');
INSERT INTO Schedule (scheduleID, doctorID, date, startTime, endTime, shift) VALUES ('SC0412', 'ST0004', '2025-08-21', '2025-08-21 14:00:00', '2025-08-21 20:00:00', 'Evening');
INSERT INTO Schedule (scheduleID, doctorID, date, startTime, endTime, shift) VALUES ('SC0413', 'ST0005', '2025-08-21', '2025-08-21 08:00:00', '2025-08-21 14:00:00', 'Morning');
INSERT INTO Schedule (scheduleID, doctorID, date, startTime, endTime, shift) VALUES ('SC0414', 'ST0005', '2025-08-21', '2025-08-21 14:00:00', '2025-08-21 20:00:00', 'Evening');
INSERT INTO Schedule (scheduleID, doctorID, date, startTime, endTime, shift) VALUES ('SC0415', 'ST0007', '2025-08-21', '2025-08-21 08:00:00', '2025-08-21 14:00:00', 'Morning');
INSERT INTO Schedule (scheduleID, doctorID, date, startTime, endTime, shift) VALUES ('SC0416', 'ST0007', '2025-08-21', '2025-08-21 14:00:00', '2025-08-21 20:00:00', 'Evening');
INSERT INTO Schedule (scheduleID, doctorID, date, startTime, endTime, shift) VALUES ('SC0417', 'ST0002', '2025-08-22', '2025-08-22 08:00:00', '2025-08-22 14:00:00', 'Morning');
INSERT INTO Schedule (scheduleID, doctorID, date, startTime, endTime, shift) VALUES ('SC0418', 'ST0002', '2025-08-22', '2025-08-22 14:00:00', '2025-08-22 20:00:00', 'Evening');
INSERT INTO Schedule (scheduleID, doctorID, date, startTime, endTime, shift) VALUES ('SC0419', 'ST0004', '2025-08-22', '2025-08-22 08:00:00', '2025-08-22 14:00:00', 'Morning');
INSERT INTO Schedule (scheduleID, doctorID, date, startTime, endTime, shift) VALUES ('SC0420', 'ST0004', '2025-08-22', '2025-08-22 14:00:00', '2025-08-22 20:00:00', 'Evening');
INSERT INTO Schedule (scheduleID, doctorID, date, startTime, endTime, shift) VALUES ('SC0421', 'ST0005', '2025-08-22', '2025-08-22 08:00:00', '2025-08-22 14:00:00', 'Morning');
INSERT INTO Schedule (scheduleID, doctorID, date, startTime, endTime, shift) VALUES ('SC0422', 'ST0005', '2025-08-22', '2025-08-22 14:00:00', '2025-08-22 20:00:00', 'Evening');
INSERT INTO Schedule (scheduleID, doctorID, date, startTime, endTime, shift) VALUES ('SC0423', 'ST0007', '2025-08-22', '2025-08-22 08:00:00', '2025-08-22 14:00:00', 'Morning');
INSERT INTO Schedule (scheduleID, doctorID, date, startTime, endTime, shift) VALUES ('SC0424', 'ST0007', '2025-08-22', '2025-08-22 14:00:00', '2025-08-22 20:00:00', 'Evening');
INSERT INTO Schedule (scheduleID, doctorID, date, startTime, endTime, shift) VALUES ('SC0425', 'ST0002', '2025-08-23', '2025-08-23 08:00:00', '2025-08-23 14:00:00', 'Morning');
INSERT INTO Schedule (scheduleID, doctorID, date, startTime, endTime, shift) VALUES ('SC0426', 'ST0002', '2025-08-23', '2025-08-23 14:00:00', '2025-08-23 20:00:00', 'Evening');
INSERT INTO Schedule (scheduleID, doctorID, date, startTime, endTime, shift) VALUES ('SC0427', 'ST0004', '2025-08-23', '2025-08-23 08:00:00', '2025-08-23 14:00:00', 'Morning');
INSERT INTO Schedule (scheduleID, doctorID, date, startTime, endTime, shift) VALUES ('SC0428', 'ST0004', '2025-08-23', '2025-08-23 14:00:00', '2025-08-23 20:00:00', 'Evening');
INSERT INTO Schedule (scheduleID, doctorID, date, startTime, endTime, shift) VALUES ('SC0429', 'ST0005', '2025-08-23', '2025-08-23 08:00:00', '2025-08-23 14:00:00', 'Morning');
INSERT INTO Schedule (scheduleID, doctorID, date, startTime, endTime, shift) VALUES ('SC0430', 'ST0005', '2025-08-23', '2025-08-23 14:00:00', '2025-08-23 20:00:00', 'Evening');
INSERT INTO Schedule (scheduleID, doctorID, date, startTime, endTime, shift) VALUES ('SC0431', 'ST0007', '2025-08-23', '2025-08-23 08:00:00', '2025-08-23 14:00:00', 'Morning');
INSERT INTO Schedule (scheduleID, doctorID, date, startTime, endTime, shift) VALUES ('SC0432', 'ST0007', '2025-08-23', '2025-08-23 14:00:00', '2025-08-23 20:00:00', 'Evening');
INSERT INTO Schedule (scheduleID, doctorID, date, startTime, endTime, shift) VALUES ('SC0433', 'ST0002', '2025-08-24', '2025-08-24 08:00:00', '2025-08-24 14:00:00', 'Morning');
INSERT INTO Schedule (scheduleID, doctorID, date, startTime, endTime, shift) VALUES ('SC0434', 'ST0002', '2025-08-24', '2025-08-24 14:00:00', '2025-08-24 20:00:00', 'Evening');
INSERT INTO Schedule (scheduleID, doctorID, date, startTime, endTime, shift) VALUES ('SC0435', 'ST0004', '2025-08-24', '2025-08-24 08:00:00', '2025-08-24 14:00:00', 'Morning');
INSERT INTO Schedule (scheduleID, doctorID, date, startTime, endTime, shift) VALUES ('SC0436', 'ST0004', '2025-08-24', '2025-08-24 14:00:00', '2025-08-24 20:00:00', 'Evening');
INSERT INTO Schedule (scheduleID, doctorID, date, startTime, endTime, shift) VALUES ('SC0437', 'ST0005', '2025-08-24', '2025-08-24 08:00:00', '2025-08-24 14:00:00', 'Morning');
INSERT INTO Schedule (scheduleID, doctorID, date, startTime, endTime, shift) VALUES ('SC0438', 'ST0005', '2025-08-24', '2025-08-24 14:00:00', '2025-08-24 20:00:00', 'Evening');
INSERT INTO Schedule (scheduleID, doctorID, date, startTime, endTime, shift) VALUES ('SC0439', 'ST0007', '2025-08-24', '2025-08-24 08:00:00', '2025-08-24 14:00:00', 'Morning');
INSERT INTO Schedule (scheduleID, doctorID, date, startTime, endTime, shift) VALUES ('SC0440', 'ST0007', '2025-08-24', '2025-08-24 14:00:00', '2025-08-24 20:00:00', 'Evening');
INSERT INTO Schedule (scheduleID, doctorID, date, startTime, endTime, shift) VALUES ('SC0441', 'ST0002', '2025-08-25', '2025-08-25 08:00:00', '2025-08-25 14:00:00', 'Morning');
INSERT INTO Schedule (scheduleID, doctorID, date, startTime, endTime, shift) VALUES ('SC0442', 'ST0002', '2025-08-25', '2025-08-25 14:00:00', '2025-08-25 20:00:00', 'Evening');
INSERT INTO Schedule (scheduleID, doctorID, date, startTime, endTime, shift) VALUES ('SC0443', 'ST0004', '2025-08-25', '2025-08-25 08:00:00', '2025-08-25 14:00:00', 'Morning');
INSERT INTO Schedule (scheduleID, doctorID, date, startTime, endTime, shift) VALUES ('SC0444', 'ST0004', '2025-08-25', '2025-08-25 14:00:00', '2025-08-25 20:00:00', 'Evening');
INSERT INTO Schedule (scheduleID, doctorID, date, startTime, endTime, shift) VALUES ('SC0445', 'ST0005', '2025-08-25', '2025-08-25 08:00:00', '2025-08-25 14:00:00', 'Morning');
INSERT INTO Schedule (scheduleID, doctorID, date, startTime, endTime, shift) VALUES ('SC0446', 'ST0005', '2025-08-25', '2025-08-25 14:00:00', '2025-08-25 20:00:00', 'Evening');
INSERT INTO Schedule (scheduleID, doctorID, date, startTime, endTime, shift) VALUES ('SC0447', 'ST0007', '2025-08-25', '2025-08-25 08:00:00', '2025-08-25 14:00:00', 'Morning');
INSERT INTO Schedule (scheduleID, doctorID, date, startTime, endTime, shift) VALUES ('SC0448', 'ST0007', '2025-08-25', '2025-08-25 14:00:00', '2025-08-25 20:00:00', 'Evening');
INSERT INTO Schedule (scheduleID, doctorID, date, startTime, endTime, shift) VALUES ('SC0449', 'ST0002', '2025-08-26', '2025-08-26 08:00:00', '2025-08-26 14:00:00', 'Morning');
INSERT INTO Schedule (scheduleID, doctorID, date, startTime, endTime, shift) VALUES ('SC0450', 'ST0002', '2025-08-26', '2025-08-26 14:00:00', '2025-08-26 20:00:00', 'Evening');
INSERT INTO Schedule (scheduleID, doctorID, date, startTime, endTime, shift) VALUES ('SC0451', 'ST0004', '2025-08-26', '2025-08-26 08:00:00', '2025-08-26 14:00:00', 'Morning');
INSERT INTO Schedule (scheduleID, doctorID, date, startTime, endTime, shift) VALUES ('SC0452', 'ST0004', '2025-08-26', '2025-08-26 14:00:00', '2025-08-26 20:00:00', 'Evening');
INSERT INTO Schedule (scheduleID, doctorID, date, startTime, endTime, shift) VALUES ('SC0453', 'ST0005', '2025-08-26', '2025-08-26 08:00:00', '2025-08-26 14:00:00', 'Morning');
INSERT INTO Schedule (scheduleID, doctorID, date, startTime, endTime, shift) VALUES ('SC0454', 'ST0005', '2025-08-26', '2025-08-26 14:00:00', '2025-08-26 20:00:00', 'Evening');
INSERT INTO Schedule (scheduleID, doctorID, date, startTime, endTime, shift) VALUES ('SC0455', 'ST0007', '2025-08-26', '2025-08-26 08:00:00', '2025-08-26 14:00:00', 'Morning');
INSERT INTO Schedule (scheduleID, doctorID, date, startTime, endTime, shift) VALUES ('SC0456', 'ST0007', '2025-08-26', '2025-08-26 14:00:00', '2025-08-26 20:00:00', 'Evening');
INSERT INTO Schedule (scheduleID, doctorID, date, startTime, endTime, shift) VALUES ('SC0457', 'ST0002', '2025-08-27', '2025-08-27 08:00:00', '2025-08-27 14:00:00', 'Morning');
INSERT INTO Schedule (scheduleID, doctorID, date, startTime, endTime, shift) VALUES ('SC0458', 'ST0002', '2025-08-27', '2025-08-27 14:00:00', '2025-08-27 20:00:00', 'Evening');
INSERT INTO Schedule (scheduleID, doctorID, date, startTime, endTime, shift) VALUES ('SC0459', 'ST0004', '2025-08-27', '2025-08-27 08:00:00', '2025-08-27 14:00:00', 'Morning');
INSERT INTO Schedule (scheduleID, doctorID, date, startTime, endTime, shift) VALUES ('SC0460', 'ST0004', '2025-08-27', '2025-08-27 14:00:00', '2025-08-27 20:00:00', 'Evening');
INSERT INTO Schedule (scheduleID, doctorID, date, startTime, endTime, shift) VALUES ('SC0461', 'ST0005', '2025-08-27', '2025-08-27 08:00:00', '2025-08-27 14:00:00', 'Morning');
INSERT INTO Schedule (scheduleID, doctorID, date, startTime, endTime, shift) VALUES ('SC0462', 'ST0005', '2025-08-27', '2025-08-27 14:00:00', '2025-08-27 20:00:00', 'Evening');
INSERT INTO Schedule (scheduleID, doctorID, date, startTime, endTime, shift) VALUES ('SC0463', 'ST0007', '2025-08-27', '2025-08-27 08:00:00', '2025-08-27 14:00:00', 'Morning');
INSERT INTO Schedule (scheduleID, doctorID, date, startTime, endTime, shift) VALUES ('SC0464', 'ST0007', '2025-08-27', '2025-08-27 14:00:00', '2025-08-27 20:00:00', 'Evening');
INSERT INTO Schedule (scheduleID, doctorID, date, startTime, endTime, shift) VALUES ('SC0465', 'ST0002', '2025-08-28', '2025-08-28 08:00:00', '2025-08-28 14:00:00', 'Morning');
INSERT INTO Schedule (scheduleID, doctorID, date, startTime, endTime, shift) VALUES ('SC0466', 'ST0002', '2025-08-28', '2025-08-28 14:00:00', '2025-08-28 20:00:00', 'Evening');
INSERT INTO Schedule (scheduleID, doctorID, date, startTime, endTime, shift) VALUES ('SC0467', 'ST0004', '2025-08-28', '2025-08-28 08:00:00', '2025-08-28 14:00:00', 'Morning');
INSERT INTO Schedule (scheduleID, doctorID, date, startTime, endTime, shift) VALUES ('SC0468', 'ST0004', '2025-08-28', '2025-08-28 14:00:00', '2025-08-28 20:00:00', 'Evening');
INSERT INTO Schedule (scheduleID, doctorID, date, startTime, endTime, shift) VALUES ('SC0469', 'ST0005', '2025-08-28', '2025-08-28 08:00:00', '2025-08-28 14:00:00', 'Morning');
INSERT INTO Schedule (scheduleID, doctorID, date, startTime, endTime, shift) VALUES ('SC0470', 'ST0005', '2025-08-28', '2025-08-28 14:00:00', '2025-08-28 20:00:00', 'Evening');
INSERT INTO Schedule (scheduleID, doctorID, date, startTime, endTime, shift) VALUES ('SC0471', 'ST0007', '2025-08-28', '2025-08-28 08:00:00', '2025-08-28 14:00:00', 'Morning');
INSERT INTO Schedule (scheduleID, doctorID, date, startTime, endTime, shift) VALUES ('SC0472', 'ST0007', '2025-08-28', '2025-08-28 14:00:00', '2025-08-28 20:00:00', 'Evening');
INSERT INTO Schedule (scheduleID, doctorID, date, startTime, endTime, shift) VALUES ('SC0473', 'ST0002', '2025-08-29', '2025-08-29 08:00:00', '2025-08-29 14:00:00', 'Morning');
INSERT INTO Schedule (scheduleID, doctorID, date, startTime, endTime, shift) VALUES ('SC0474', 'ST0002', '2025-08-29', '2025-08-29 14:00:00', '2025-08-29 20:00:00', 'Evening');
INSERT INTO Schedule (scheduleID, doctorID, date, startTime, endTime, shift) VALUES ('SC0475', 'ST0004', '2025-08-29', '2025-08-29 08:00:00', '2025-08-29 14:00:00', 'Morning');
INSERT INTO Schedule (scheduleID, doctorID, date, startTime, endTime, shift) VALUES ('SC0476', 'ST0004', '2025-08-29', '2025-08-29 14:00:00', '2025-08-29 20:00:00', 'Evening');
INSERT INTO Schedule (scheduleID, doctorID, date, startTime, endTime, shift) VALUES ('SC0477', 'ST0005', '2025-08-29', '2025-08-29 08:00:00', '2025-08-29 14:00:00', 'Morning');
INSERT INTO Schedule (scheduleID, doctorID, date, startTime, endTime, shift) VALUES ('SC0478', 'ST0005', '2025-08-29', '2025-08-29 14:00:00', '2025-08-29 20:00:00', 'Evening');
INSERT INTO Schedule (scheduleID, doctorID, date, startTime, endTime, shift) VALUES ('SC0479', 'ST0007', '2025-08-29', '2025-08-29 08:00:00', '2025-08-29 14:00:00', 'Morning');
INSERT INTO Schedule (scheduleID, doctorID, date, startTime, endTime, shift) VALUES ('SC0480', 'ST0007', '2025-08-29', '2025-08-29 14:00:00', '2025-08-29 20:00:00', 'Evening');
INSERT INTO Schedule (scheduleID, doctorID, date, startTime, endTime, shift) VALUES ('SC0481', 'ST0002', '2025-08-30', '2025-08-30 08:00:00', '2025-08-30 14:00:00', 'Morning');
INSERT INTO Schedule (scheduleID, doctorID, date, startTime, endTime, shift) VALUES ('SC0482', 'ST0002', '2025-08-30', '2025-08-30 14:00:00', '2025-08-30 20:00:00', 'Evening');
INSERT INTO Schedule (scheduleID, doctorID, date, startTime, endTime, shift) VALUES ('SC0483', 'ST0004', '2025-08-30', '2025-08-30 08:00:00', '2025-08-30 14:00:00', 'Morning');
INSERT INTO Schedule (scheduleID, doctorID, date, startTime, endTime, shift) VALUES ('SC0484', 'ST0004', '2025-08-30', '2025-08-30 14:00:00', '2025-08-30 20:00:00', 'Evening');
INSERT INTO Schedule (scheduleID, doctorID, date, startTime, endTime, shift) VALUES ('SC0485', 'ST0005', '2025-08-30', '2025-08-30 08:00:00', '2025-08-30 14:00:00', 'Morning');
INSERT INTO Schedule (scheduleID, doctorID, date, startTime, endTime, shift) VALUES ('SC0486', 'ST0005', '2025-08-30', '2025-08-30 14:00:00', '2025-08-30 20:00:00', 'Evening');
INSERT INTO Schedule (scheduleID, doctorID, date, startTime, endTime, shift) VALUES ('SC0487', 'ST0007', '2025-08-30', '2025-08-30 08:00:00', '2025-08-30 14:00:00', 'Morning');
INSERT INTO Schedule (scheduleID, doctorID, date, startTime, endTime, shift) VALUES ('SC0488', 'ST0007', '2025-08-30', '2025-08-30 14:00:00', '2025-08-30 20:00:00', 'Evening');
INSERT INTO Schedule (scheduleID, doctorID, date, startTime, endTime, shift) VALUES ('SC0489', 'ST0002', '2025-08-31', '2025-08-31 08:00:00', '2025-08-31 14:00:00', 'Morning');
INSERT INTO Schedule (scheduleID, doctorID, date, startTime, endTime, shift) VALUES ('SC0490', 'ST0002', '2025-08-31', '2025-08-31 14:00:00', '2025-08-31 20:00:00', 'Evening');
INSERT INTO Schedule (scheduleID, doctorID, date, startTime, endTime, shift) VALUES ('SC0491', 'ST0004', '2025-08-31', '2025-08-31 08:00:00', '2025-08-31 14:00:00', 'Morning');
INSERT INTO Schedule (scheduleID, doctorID, date, startTime, endTime, shift) VALUES ('SC0492', 'ST0004', '2025-08-31', '2025-08-31 14:00:00', '2025-08-31 20:00:00', 'Evening');
INSERT INTO Schedule (scheduleID, doctorID, date, startTime, endTime, shift) VALUES ('SC0493', 'ST0005', '2025-08-31', '2025-08-31 08:00:00', '2025-08-31 14:00:00', 'Morning');
INSERT INTO Schedule (scheduleID, doctorID, date, startTime, endTime, shift) VALUES ('SC0494', 'ST0005', '2025-08-31', '2025-08-31 14:00:00', '2025-08-31 20:00:00', 'Evening');
INSERT INTO Schedule (scheduleID, doctorID, date, startTime, endTime, shift) VALUES ('SC0495', 'ST0007', '2025-08-31', '2025-08-31 08:00:00', '2025-08-31 14:00:00', 'Morning');
INSERT INTO Schedule (scheduleID, doctorID, date, startTime, endTime, shift) VALUES ('SC0496', 'ST0007', '2025-08-31', '2025-08-31 14:00:00', '2025-08-31 20:00:00', 'Evening');
INSERT INTO Schedule (scheduleID, doctorID, date, startTime, endTime, shift) VALUES ('SC0497', 'ST0002', '2025-09-01', '2025-09-01 08:00:00', '2025-09-01 14:00:00', 'Morning');
INSERT INTO Schedule (scheduleID, doctorID, date, startTime, endTime, shift) VALUES ('SC0498', 'ST0002', '2025-09-01', '2025-09-01 14:00:00', '2025-09-01 20:00:00', 'Evening');
INSERT INTO Schedule (scheduleID, doctorID, date, startTime, endTime, shift) VALUES ('SC0499', 'ST0004', '2025-09-01', '2025-09-01 08:00:00', '2025-09-01 14:00:00', 'Morning');
INSERT INTO Schedule (scheduleID, doctorID, date, startTime, endTime, shift) VALUES ('SC0500', 'ST0004', '2025-09-01', '2025-09-01 14:00:00', '2025-09-01 20:00:00', 'Evening');
INSERT INTO Schedule (scheduleID, doctorID, date, startTime, endTime, shift) VALUES ('SC0501', 'ST0005', '2025-09-01', '2025-09-01 08:00:00', '2025-09-01 14:00:00', 'Morning');
INSERT INTO Schedule (scheduleID, doctorID, date, startTime, endTime, shift) VALUES ('SC0502', 'ST0005', '2025-09-01', '2025-09-01 14:00:00', '2025-09-01 20:00:00', 'Evening');
INSERT INTO Schedule (scheduleID, doctorID, date, startTime, endTime, shift) VALUES ('SC0503', 'ST0007', '2025-09-01', '2025-09-01 08:00:00', '2025-09-01 14:00:00', 'Morning');
INSERT INTO Schedule (scheduleID, doctorID, date, startTime, endTime, shift) VALUES ('SC0504', 'ST0007', '2025-09-01', '2025-09-01 14:00:00', '2025-09-01 20:00:00', 'Evening');
INSERT INTO Schedule (scheduleID, doctorID, date, startTime, endTime, shift) VALUES ('SC0505', 'ST0002', '2025-09-02', '2025-09-02 08:00:00', '2025-09-02 14:00:00', 'Morning');
INSERT INTO Schedule (scheduleID, doctorID, date, startTime, endTime, shift) VALUES ('SC0506', 'ST0002', '2025-09-02', '2025-09-02 14:00:00', '2025-09-02 20:00:00', 'Evening');
INSERT INTO Schedule (scheduleID, doctorID, date, startTime, endTime, shift) VALUES ('SC0507', 'ST0004', '2025-09-02', '2025-09-02 08:00:00', '2025-09-02 14:00:00', 'Morning');
INSERT INTO Schedule (scheduleID, doctorID, date, startTime, endTime, shift) VALUES ('SC0508', 'ST0004', '2025-09-02', '2025-09-02 14:00:00', '2025-09-02 20:00:00', 'Evening');
INSERT INTO Schedule (scheduleID, doctorID, date, startTime, endTime, shift) VALUES ('SC0509', 'ST0005', '2025-09-02', '2025-09-02 08:00:00', '2025-09-02 14:00:00', 'Morning');
INSERT INTO Schedule (scheduleID, doctorID, date, startTime, endTime, shift) VALUES ('SC0510', 'ST0005', '2025-09-02', '2025-09-02 14:00:00', '2025-09-02 20:00:00', 'Evening');
INSERT INTO Schedule (scheduleID, doctorID, date, startTime, endTime, shift) VALUES ('SC0511', 'ST0007', '2025-09-02', '2025-09-02 08:00:00', '2025-09-02 14:00:00', 'Morning');
INSERT INTO Schedule (scheduleID, doctorID, date, startTime, endTime, shift) VALUES ('SC0512', 'ST0007', '2025-09-02', '2025-09-02 14:00:00', '2025-09-02 20:00:00', 'Evening');
INSERT INTO Schedule (scheduleID, doctorID, date, startTime, endTime, shift) VALUES ('SC0513', 'ST0002', '2025-09-03', '2025-09-03 08:00:00', '2025-09-03 14:00:00', 'Morning');
INSERT INTO Schedule (scheduleID, doctorID, date, startTime, endTime, shift) VALUES ('SC0514', 'ST0002', '2025-09-03', '2025-09-03 14:00:00', '2025-09-03 20:00:00', 'Evening');
INSERT INTO Schedule (scheduleID, doctorID, date, startTime, endTime, shift) VALUES ('SC0515', 'ST0004', '2025-09-03', '2025-09-03 08:00:00', '2025-09-03 14:00:00', 'Morning');
INSERT INTO Schedule (scheduleID, doctorID, date, startTime, endTime, shift) VALUES ('SC0516', 'ST0004', '2025-09-03', '2025-09-03 14:00:00', '2025-09-03 20:00:00', 'Evening');
INSERT INTO Schedule (scheduleID, doctorID, date, startTime, endTime, shift) VALUES ('SC0517', 'ST0005', '2025-09-03', '2025-09-03 08:00:00', '2025-09-03 14:00:00', 'Morning');
INSERT INTO Schedule (scheduleID, doctorID, date, startTime, endTime, shift) VALUES ('SC0518', 'ST0005', '2025-09-03', '2025-09-03 14:00:00', '2025-09-03 20:00:00', 'Evening');
INSERT INTO Schedule (scheduleID, doctorID, date, startTime, endTime, shift) VALUES ('SC0519', 'ST0007', '2025-09-03', '2025-09-03 08:00:00', '2025-09-03 14:00:00', 'Morning');
INSERT INTO Schedule (scheduleID, doctorID, date, startTime, endTime, shift) VALUES ('SC0520', 'ST0007', '2025-09-03', '2025-09-03 14:00:00', '2025-09-03 20:00:00', 'Evening');
INSERT INTO Schedule (scheduleID, doctorID, date, startTime, endTime, shift) VALUES ('SC0521', 'ST0002', '2025-09-04', '2025-09-04 08:00:00', '2025-09-04 14:00:00', 'Morning');
INSERT INTO Schedule (scheduleID, doctorID, date, startTime, endTime, shift) VALUES ('SC0522', 'ST0002', '2025-09-04', '2025-09-04 14:00:00', '2025-09-04 20:00:00', 'Evening');
INSERT INTO Schedule (scheduleID, doctorID, date, startTime, endTime, shift) VALUES ('SC0523', 'ST0004', '2025-09-04', '2025-09-04 08:00:00', '2025-09-04 14:00:00', 'Morning');
INSERT INTO Schedule (scheduleID, doctorID, date, startTime, endTime, shift) VALUES ('SC0524', 'ST0004', '2025-09-04', '2025-09-04 14:00:00', '2025-09-04 20:00:00', 'Evening');
INSERT INTO Schedule (scheduleID, doctorID, date, startTime, endTime, shift) VALUES ('SC0525', 'ST0005', '2025-09-04', '2025-09-04 08:00:00', '2025-09-04 14:00:00', 'Morning');
INSERT INTO Schedule (scheduleID, doctorID, date, startTime, endTime, shift) VALUES ('SC0526', 'ST0005', '2025-09-04', '2025-09-04 14:00:00', '2025-09-04 20:00:00', 'Evening');
INSERT INTO Schedule (scheduleID, doctorID, date, startTime, endTime, shift) VALUES ('SC0527', 'ST0007', '2025-09-04', '2025-09-04 08:00:00', '2025-09-04 14:00:00', 'Morning');
INSERT INTO Schedule (scheduleID, doctorID, date, startTime, endTime, shift) VALUES ('SC0528', 'ST0007', '2025-09-04', '2025-09-04 14:00:00', '2025-09-04 20:00:00', 'Evening');
INSERT INTO Schedule (scheduleID, doctorID, date, startTime, endTime, shift) VALUES ('SC0529', 'ST0002', '2025-09-05', '2025-09-05 08:00:00', '2025-09-05 14:00:00', 'Morning');
INSERT INTO Schedule (scheduleID, doctorID, date, startTime, endTime, shift) VALUES ('SC0530', 'ST0002', '2025-09-05', '2025-09-05 14:00:00', '2025-09-05 20:00:00', 'Evening');
INSERT INTO Schedule (scheduleID, doctorID, date, startTime, endTime, shift) VALUES ('SC0531', 'ST0004', '2025-09-05', '2025-09-05 08:00:00', '2025-09-05 14:00:00', 'Morning');
INSERT INTO Schedule (scheduleID, doctorID, date, startTime, endTime, shift) VALUES ('SC0532', 'ST0004', '2025-09-05', '2025-09-05 14:00:00', '2025-09-05 20:00:00', 'Evening');
INSERT INTO Schedule (scheduleID, doctorID, date, startTime, endTime, shift) VALUES ('SC0533', 'ST0005', '2025-09-05', '2025-09-05 08:00:00', '2025-09-05 14:00:00', 'Morning');
INSERT INTO Schedule (scheduleID, doctorID, date, startTime, endTime, shift) VALUES ('SC0534', 'ST0005', '2025-09-05', '2025-09-05 14:00:00', '2025-09-05 20:00:00', 'Evening');
INSERT INTO Schedule (scheduleID, doctorID, date, startTime, endTime, shift) VALUES ('SC0535', 'ST0007', '2025-09-05', '2025-09-05 08:00:00', '2025-09-05 14:00:00', 'Morning');
INSERT INTO Schedule (scheduleID, doctorID, date, startTime, endTime, shift) VALUES ('SC0536', 'ST0007', '2025-09-05', '2025-09-05 14:00:00', '2025-09-05 20:00:00', 'Evening');
INSERT INTO Schedule (scheduleID, doctorID, date, startTime, endTime, shift) VALUES ('SC0537', 'ST0002', '2025-09-06', '2025-09-06 08:00:00', '2025-09-06 14:00:00', 'Morning');
INSERT INTO Schedule (scheduleID, doctorID, date, startTime, endTime, shift) VALUES ('SC0538', 'ST0002', '2025-09-06', '2025-09-06 14:00:00', '2025-09-06 20:00:00', 'Evening');
INSERT INTO Schedule (scheduleID, doctorID, date, startTime, endTime, shift) VALUES ('SC0539', 'ST0004', '2025-09-06', '2025-09-06 08:00:00', '2025-09-06 14:00:00', 'Morning');
INSERT INTO Schedule (scheduleID, doctorID, date, startTime, endTime, shift) VALUES ('SC0540', 'ST0004', '2025-09-06', '2025-09-06 14:00:00', '2025-09-06 20:00:00', 'Evening');
INSERT INTO Schedule (scheduleID, doctorID, date, startTime, endTime, shift) VALUES ('SC0541', 'ST0005', '2025-09-06', '2025-09-06 08:00:00', '2025-09-06 14:00:00', 'Morning');
INSERT INTO Schedule (scheduleID, doctorID, date, startTime, endTime, shift) VALUES ('SC0542', 'ST0005', '2025-09-06', '2025-09-06 14:00:00', '2025-09-06 20:00:00', 'Evening');
INSERT INTO Schedule (scheduleID, doctorID, date, startTime, endTime, shift) VALUES ('SC0543', 'ST0007', '2025-09-06', '2025-09-06 08:00:00', '2025-09-06 14:00:00', 'Morning');
INSERT INTO Schedule (scheduleID, doctorID, date, startTime, endTime, shift) VALUES ('SC0544', 'ST0007', '2025-09-06', '2025-09-06 14:00:00', '2025-09-06 20:00:00', 'Evening');
INSERT INTO Schedule (scheduleID, doctorID, date, startTime, endTime, shift) VALUES ('SC0545', 'ST0002', '2025-09-07', '2025-09-07 08:00:00', '2025-09-07 14:00:00', 'Morning');
INSERT INTO Schedule (scheduleID, doctorID, date, startTime, endTime, shift) VALUES ('SC0546', 'ST0002', '2025-09-07', '2025-09-07 14:00:00', '2025-09-07 20:00:00', 'Evening');
INSERT INTO Schedule (scheduleID, doctorID, date, startTime, endTime, shift) VALUES ('SC0547', 'ST0004', '2025-09-07', '2025-09-07 08:00:00', '2025-09-07 14:00:00', 'Morning');
INSERT INTO Schedule (scheduleID, doctorID, date, startTime, endTime, shift) VALUES ('SC0548', 'ST0004', '2025-09-07', '2025-09-07 14:00:00', '2025-09-07 20:00:00', 'Evening');
INSERT INTO Schedule (scheduleID, doctorID, date, startTime, endTime, shift) VALUES ('SC0549', 'ST0005', '2025-09-07', '2025-09-07 08:00:00', '2025-09-07 14:00:00', 'Morning');
INSERT INTO Schedule (scheduleID, doctorID, date, startTime, endTime, shift) VALUES ('SC0550', 'ST0005', '2025-09-07', '2025-09-07 14:00:00', '2025-09-07 20:00:00', 'Evening');
INSERT INTO Schedule (scheduleID, doctorID, date, startTime, endTime, shift) VALUES ('SC0551', 'ST0007', '2025-09-07', '2025-09-07 08:00:00', '2025-09-07 14:00:00', 'Morning');
INSERT INTO Schedule (scheduleID, doctorID, date, startTime, endTime, shift) VALUES ('SC0552', 'ST0007', '2025-09-07', '2025-09-07 14:00:00', '2025-09-07 20:00:00', 'Evening');
INSERT INTO Schedule (scheduleID, doctorID, date, startTime, endTime, shift) VALUES ('SC0553', 'ST0002', '2025-09-08', '2025-09-08 08:00:00', '2025-09-08 14:00:00', 'Morning');
INSERT INTO Schedule (scheduleID, doctorID, date, startTime, endTime, shift) VALUES ('SC0554', 'ST0002', '2025-09-08', '2025-09-08 14:00:00', '2025-09-08 20:00:00', 'Evening');
INSERT INTO Schedule (scheduleID, doctorID, date, startTime, endTime, shift) VALUES ('SC0555', 'ST0004', '2025-09-08', '2025-09-08 08:00:00', '2025-09-08 14:00:00', 'Morning');
INSERT INTO Schedule (scheduleID, doctorID, date, startTime, endTime, shift) VALUES ('SC0556', 'ST0004', '2025-09-08', '2025-09-08 14:00:00', '2025-09-08 20:00:00', 'Evening');
INSERT INTO Schedule (scheduleID, doctorID, date, startTime, endTime, shift) VALUES ('SC0557', 'ST0005', '2025-09-08', '2025-09-08 08:00:00', '2025-09-08 14:00:00', 'Morning');
INSERT INTO Schedule (scheduleID, doctorID, date, startTime, endTime, shift) VALUES ('SC0558', 'ST0005', '2025-09-08', '2025-09-08 14:00:00', '2025-09-08 20:00:00', 'Evening');
INSERT INTO Schedule (scheduleID, doctorID, date, startTime, endTime, shift) VALUES ('SC0559', 'ST0007', '2025-09-08', '2025-09-08 08:00:00', '2025-09-08 14:00:00', 'Morning');
INSERT INTO Schedule (scheduleID, doctorID, date, startTime, endTime, shift) VALUES ('SC0560', 'ST0007', '2025-09-08', '2025-09-08 14:00:00', '2025-09-08 20:00:00', 'Evening');
INSERT INTO Schedule (scheduleID, doctorID, date, startTime, endTime, shift) VALUES ('SC0561', 'ST0002', '2025-09-09', '2025-09-09 08:00:00', '2025-09-09 14:00:00', 'Morning');
INSERT INTO Schedule (scheduleID, doctorID, date, startTime, endTime, shift) VALUES ('SC0562', 'ST0002', '2025-09-09', '2025-09-09 14:00:00', '2025-09-09 20:00:00', 'Evening');
INSERT INTO Schedule (scheduleID, doctorID, date, startTime, endTime, shift) VALUES ('SC0563', 'ST0004', '2025-09-09', '2025-09-09 08:00:00', '2025-09-09 14:00:00', 'Morning');
INSERT INTO Schedule (scheduleID, doctorID, date, startTime, endTime, shift) VALUES ('SC0564', 'ST0004', '2025-09-09', '2025-09-09 14:00:00', '2025-09-09 20:00:00', 'Evening');
INSERT INTO Schedule (scheduleID, doctorID, date, startTime, endTime, shift) VALUES ('SC0565', 'ST0005', '2025-09-09', '2025-09-09 08:00:00', '2025-09-09 14:00:00', 'Morning');
INSERT INTO Schedule (scheduleID, doctorID, date, startTime, endTime, shift) VALUES ('SC0566', 'ST0005', '2025-09-09', '2025-09-09 14:00:00', '2025-09-09 20:00:00', 'Evening');
INSERT INTO Schedule (scheduleID, doctorID, date, startTime, endTime, shift) VALUES ('SC0567', 'ST0007', '2025-09-09', '2025-09-09 08:00:00', '2025-09-09 14:00:00', 'Morning');
INSERT INTO Schedule (scheduleID, doctorID, date, startTime, endTime, shift) VALUES ('SC0568', 'ST0007', '2025-09-09', '2025-09-09 14:00:00', '2025-09-09 20:00:00', 'Evening');
INSERT INTO Schedule (scheduleID, doctorID, date, startTime, endTime, shift) VALUES ('SC0569', 'ST0002', '2025-09-10', '2025-09-10 08:00:00', '2025-09-10 14:00:00', 'Morning');
INSERT INTO Schedule (scheduleID, doctorID, date, startTime, endTime, shift) VALUES ('SC0570', 'ST0002', '2025-09-10', '2025-09-10 14:00:00', '2025-09-10 20:00:00', 'Evening');
INSERT INTO Schedule (scheduleID, doctorID, date, startTime, endTime, shift) VALUES ('SC0571', 'ST0004', '2025-09-10', '2025-09-10 08:00:00', '2025-09-10 14:00:00', 'Morning');
INSERT INTO Schedule (scheduleID, doctorID, date, startTime, endTime, shift) VALUES ('SC0572', 'ST0004', '2025-09-10', '2025-09-10 14:00:00', '2025-09-10 20:00:00', 'Evening');
INSERT INTO Schedule (scheduleID, doctorID, date, startTime, endTime, shift) VALUES ('SC0573', 'ST0005', '2025-09-10', '2025-09-10 08:00:00', '2025-09-10 14:00:00', 'Morning');
INSERT INTO Schedule (scheduleID, doctorID, date, startTime, endTime, shift) VALUES ('SC0574', 'ST0005', '2025-09-10', '2025-09-10 14:00:00', '2025-09-10 20:00:00', 'Evening');
INSERT INTO Schedule (scheduleID, doctorID, date, startTime, endTime, shift) VALUES ('SC0575', 'ST0007', '2025-09-10', '2025-09-10 08:00:00', '2025-09-10 14:00:00', 'Morning');
INSERT INTO Schedule (scheduleID, doctorID, date, startTime, endTime, shift) VALUES ('SC0576', 'ST0007', '2025-09-10', '2025-09-10 14:00:00', '2025-09-10 20:00:00', 'Evening');
INSERT INTO Schedule (scheduleID, doctorID, date, startTime, endTime, shift) VALUES ('SC0577', 'ST0002', '2025-09-11', '2025-09-11 08:00:00', '2025-09-11 14:00:00', 'Morning');
INSERT INTO Schedule (scheduleID, doctorID, date, startTime, endTime, shift) VALUES ('SC0578', 'ST0002', '2025-09-11', '2025-09-11 14:00:00', '2025-09-11 20:00:00', 'Evening');
INSERT INTO Schedule (scheduleID, doctorID, date, startTime, endTime, shift) VALUES ('SC0579', 'ST0004', '2025-09-11', '2025-09-11 08:00:00', '2025-09-11 14:00:00', 'Morning');
INSERT INTO Schedule (scheduleID, doctorID, date, startTime, endTime, shift) VALUES ('SC0580', 'ST0004', '2025-09-11', '2025-09-11 14:00:00', '2025-09-11 20:00:00', 'Evening');
INSERT INTO Schedule (scheduleID, doctorID, date, startTime, endTime, shift) VALUES ('SC0581', 'ST0005', '2025-09-11', '2025-09-11 08:00:00', '2025-09-11 14:00:00', 'Morning');
INSERT INTO Schedule (scheduleID, doctorID, date, startTime, endTime, shift) VALUES ('SC0582', 'ST0005', '2025-09-11', '2025-09-11 14:00:00', '2025-09-11 20:00:00', 'Evening');
INSERT INTO Schedule (scheduleID, doctorID, date, startTime, endTime, shift) VALUES ('SC0583', 'ST0007', '2025-09-11', '2025-09-11 08:00:00', '2025-09-11 14:00:00', 'Morning');
INSERT INTO Schedule (scheduleID, doctorID, date, startTime, endTime, shift) VALUES ('SC0584', 'ST0007', '2025-09-11', '2025-09-11 14:00:00', '2025-09-11 20:00:00', 'Evening');
INSERT INTO Schedule (scheduleID, doctorID, date, startTime, endTime, shift) VALUES ('SC0585', 'ST0002', '2025-09-12', '2025-09-12 08:00:00', '2025-09-12 14:00:00', 'Morning');
INSERT INTO Schedule (scheduleID, doctorID, date, startTime, endTime, shift) VALUES ('SC0586', 'ST0002', '2025-09-12', '2025-09-12 14:00:00', '2025-09-12 20:00:00', 'Evening');
INSERT INTO Schedule (scheduleID, doctorID, date, startTime, endTime, shift) VALUES ('SC0587', 'ST0004', '2025-09-12', '2025-09-12 08:00:00', '2025-09-12 14:00:00', 'Morning');
INSERT INTO Schedule (scheduleID, doctorID, date, startTime, endTime, shift) VALUES ('SC0588', 'ST0004', '2025-09-12', '2025-09-12 14:00:00', '2025-09-12 20:00:00', 'Evening');
INSERT INTO Schedule (scheduleID, doctorID, date, startTime, endTime, shift) VALUES ('SC0589', 'ST0005', '2025-09-12', '2025-09-12 08:00:00', '2025-09-12 14:00:00', 'Morning');
INSERT INTO Schedule (scheduleID, doctorID, date, startTime, endTime, shift) VALUES ('SC0590', 'ST0005', '2025-09-12', '2025-09-12 14:00:00', '2025-09-12 20:00:00', 'Evening');
INSERT INTO Schedule (scheduleID, doctorID, date, startTime, endTime, shift) VALUES ('SC0591', 'ST0007', '2025-09-12', '2025-09-12 08:00:00', '2025-09-12 14:00:00', 'Morning');
INSERT INTO Schedule (scheduleID, doctorID, date, startTime, endTime, shift) VALUES ('SC0592', 'ST0007', '2025-09-12', '2025-09-12 14:00:00', '2025-09-12 20:00:00', 'Evening');
INSERT INTO Schedule (scheduleID, doctorID, date, startTime, endTime, shift) VALUES ('SC0593', 'ST0002', '2025-09-13', '2025-09-13 08:00:00', '2025-09-13 14:00:00', 'Morning');
INSERT INTO Schedule (scheduleID, doctorID, date, startTime, endTime, shift) VALUES ('SC0594', 'ST0002', '2025-09-13', '2025-09-13 14:00:00', '2025-09-13 20:00:00', 'Evening');
INSERT INTO Schedule (scheduleID, doctorID, date, startTime, endTime, shift) VALUES ('SC0595', 'ST0004', '2025-09-13', '2025-09-13 08:00:00', '2025-09-13 14:00:00', 'Morning');
INSERT INTO Schedule (scheduleID, doctorID, date, startTime, endTime, shift) VALUES ('SC0596', 'ST0004', '2025-09-13', '2025-09-13 14:00:00', '2025-09-13 20:00:00', 'Evening');
INSERT INTO Schedule (scheduleID, doctorID, date, startTime, endTime, shift) VALUES ('SC0597', 'ST0005', '2025-09-13', '2025-09-13 08:00:00', '2025-09-13 14:00:00', 'Morning');
INSERT INTO Schedule (scheduleID, doctorID, date, startTime, endTime, shift) VALUES ('SC0598', 'ST0005', '2025-09-13', '2025-09-13 14:00:00', '2025-09-13 20:00:00', 'Evening');
INSERT INTO Schedule (scheduleID, doctorID, date, startTime, endTime, shift) VALUES ('SC0599', 'ST0007', '2025-09-13', '2025-09-13 08:00:00', '2025-09-13 14:00:00', 'Morning');
INSERT INTO Schedule (scheduleID, doctorID, date, startTime, endTime, shift) VALUES ('SC0600', 'ST0007', '2025-09-13', '2025-09-13 14:00:00', '2025-09-13 20:00:00', 'Evening');
INSERT INTO Schedule (scheduleID, doctorID, date, startTime, endTime, shift) VALUES ('SC0601', 'ST0002', '2025-09-14', '2025-09-14 08:00:00', '2025-09-14 14:00:00', 'Morning');
INSERT INTO Schedule (scheduleID, doctorID, date, startTime, endTime, shift) VALUES ('SC0602', 'ST0002', '2025-09-14', '2025-09-14 14:00:00', '2025-09-14 20:00:00', 'Evening');
INSERT INTO Schedule (scheduleID, doctorID, date, startTime, endTime, shift) VALUES ('SC0603', 'ST0004', '2025-09-14', '2025-09-14 08:00:00', '2025-09-14 14:00:00', 'Morning');
INSERT INTO Schedule (scheduleID, doctorID, date, startTime, endTime, shift) VALUES ('SC0604', 'ST0004', '2025-09-14', '2025-09-14 14:00:00', '2025-09-14 20:00:00', 'Evening');
INSERT INTO Schedule (scheduleID, doctorID, date, startTime, endTime, shift) VALUES ('SC0605', 'ST0005', '2025-09-14', '2025-09-14 08:00:00', '2025-09-14 14:00:00', 'Morning');
INSERT INTO Schedule (scheduleID, doctorID, date, startTime, endTime, shift) VALUES ('SC0606', 'ST0005', '2025-09-14', '2025-09-14 14:00:00', '2025-09-14 20:00:00', 'Evening');
INSERT INTO Schedule (scheduleID, doctorID, date, startTime, endTime, shift) VALUES ('SC0607', 'ST0007', '2025-09-14', '2025-09-14 08:00:00', '2025-09-14 14:00:00', 'Morning');
INSERT INTO Schedule (scheduleID, doctorID, date, startTime, endTime, shift) VALUES ('SC0608', 'ST0007', '2025-09-14', '2025-09-14 14:00:00', '2025-09-14 20:00:00', 'Evening');
INSERT INTO Schedule (scheduleID, doctorID, date, startTime, endTime, shift) VALUES ('SC0609', 'ST0002', '2025-09-15', '2025-09-15 08:00:00', '2025-09-15 14:00:00', 'Morning');
INSERT INTO Schedule (scheduleID, doctorID, date, startTime, endTime, shift) VALUES ('SC0610', 'ST0002', '2025-09-15', '2025-09-15 14:00:00', '2025-09-15 20:00:00', 'Evening');
INSERT INTO Schedule (scheduleID, doctorID, date, startTime, endTime, shift) VALUES ('SC0611', 'ST0004', '2025-09-15', '2025-09-15 08:00:00', '2025-09-15 14:00:00', 'Morning');
INSERT INTO Schedule (scheduleID, doctorID, date, startTime, endTime, shift) VALUES ('SC0612', 'ST0004', '2025-09-15', '2025-09-15 14:00:00', '2025-09-15 20:00:00', 'Evening');
INSERT INTO Schedule (scheduleID, doctorID, date, startTime, endTime, shift) VALUES ('SC0613', 'ST0005', '2025-09-15', '2025-09-15 08:00:00', '2025-09-15 14:00:00', 'Morning');
INSERT INTO Schedule (scheduleID, doctorID, date, startTime, endTime, shift) VALUES ('SC0614', 'ST0005', '2025-09-15', '2025-09-15 14:00:00', '2025-09-15 20:00:00', 'Evening');
INSERT INTO Schedule (scheduleID, doctorID, date, startTime, endTime, shift) VALUES ('SC0615', 'ST0007', '2025-09-15', '2025-09-15 08:00:00', '2025-09-15 14:00:00', 'Morning');
INSERT INTO Schedule (scheduleID, doctorID, date, startTime, endTime, shift) VALUES ('SC0616', 'ST0007', '2025-09-15', '2025-09-15 14:00:00', '2025-09-15 20:00:00', 'Evening');
INSERT INTO Schedule (scheduleID, doctorID, date, startTime, endTime, shift) VALUES ('SC0617', 'ST0002', '2025-09-16', '2025-09-16 08:00:00', '2025-09-16 14:00:00', 'Morning');
INSERT INTO Schedule (scheduleID, doctorID, date, startTime, endTime, shift) VALUES ('SC0618', 'ST0002', '2025-09-16', '2025-09-16 14:00:00', '2025-09-16 20:00:00', 'Evening');
INSERT INTO Schedule (scheduleID, doctorID, date, startTime, endTime, shift) VALUES ('SC0619', 'ST0004', '2025-09-16', '2025-09-16 08:00:00', '2025-09-16 14:00:00', 'Morning');
INSERT INTO Schedule (scheduleID, doctorID, date, startTime, endTime, shift) VALUES ('SC0620', 'ST0004', '2025-09-16', '2025-09-16 14:00:00', '2025-09-16 20:00:00', 'Evening');
INSERT INTO Schedule (scheduleID, doctorID, date, startTime, endTime, shift) VALUES ('SC0621', 'ST0005', '2025-09-16', '2025-09-16 08:00:00', '2025-09-16 14:00:00', 'Morning');
INSERT INTO Schedule (scheduleID, doctorID, date, startTime, endTime, shift) VALUES ('SC0622', 'ST0005', '2025-09-16', '2025-09-16 14:00:00', '2025-09-16 20:00:00', 'Evening');
INSERT INTO Schedule (scheduleID, doctorID, date, startTime, endTime, shift) VALUES ('SC0623', 'ST0007', '2025-09-16', '2025-09-16 08:00:00', '2025-09-16 14:00:00', 'Morning');
INSERT INTO Schedule (scheduleID, doctorID, date, startTime, endTime, shift) VALUES ('SC0624', 'ST0007', '2025-09-16', '2025-09-16 14:00:00', '2025-09-16 20:00:00', 'Evening');
INSERT INTO Schedule (scheduleID, doctorID, date, startTime, endTime, shift) VALUES ('SC0625', 'ST0002', '2025-09-17', '2025-09-17 08:00:00', '2025-09-17 14:00:00', 'Morning');
INSERT INTO Schedule (scheduleID, doctorID, date, startTime, endTime, shift) VALUES ('SC0626', 'ST0002', '2025-09-17', '2025-09-17 14:00:00', '2025-09-17 20:00:00', 'Evening');
INSERT INTO Schedule (scheduleID, doctorID, date, startTime, endTime, shift) VALUES ('SC0627', 'ST0004', '2025-09-17', '2025-09-17 08:00:00', '2025-09-17 14:00:00', 'Morning');
INSERT INTO Schedule (scheduleID, doctorID, date, startTime, endTime, shift) VALUES ('SC0628', 'ST0004', '2025-09-17', '2025-09-17 14:00:00', '2025-09-17 20:00:00', 'Evening');
INSERT INTO Schedule (scheduleID, doctorID, date, startTime, endTime, shift) VALUES ('SC0629', 'ST0005', '2025-09-17', '2025-09-17 08:00:00', '2025-09-17 14:00:00', 'Morning');
INSERT INTO Schedule (scheduleID, doctorID, date, startTime, endTime, shift) VALUES ('SC0630', 'ST0005', '2025-09-17', '2025-09-17 14:00:00', '2025-09-17 20:00:00', 'Evening');
INSERT INTO Schedule (scheduleID, doctorID, date, startTime, endTime, shift) VALUES ('SC0631', 'ST0007', '2025-09-17', '2025-09-17 08:00:00', '2025-09-17 14:00:00', 'Morning');
INSERT INTO Schedule (scheduleID, doctorID, date, startTime, endTime, shift) VALUES ('SC0632', 'ST0007', '2025-09-17', '2025-09-17 14:00:00', '2025-09-17 20:00:00', 'Evening');
INSERT INTO Schedule (scheduleID, doctorID, date, startTime, endTime, shift) VALUES ('SC0633', 'ST0002', '2025-09-18', '2025-09-18 08:00:00', '2025-09-18 14:00:00', 'Morning');
INSERT INTO Schedule (scheduleID, doctorID, date, startTime, endTime, shift) VALUES ('SC0634', 'ST0002', '2025-09-18', '2025-09-18 14:00:00', '2025-09-18 20:00:00', 'Evening');
INSERT INTO Schedule (scheduleID, doctorID, date, startTime, endTime, shift) VALUES ('SC0635', 'ST0004', '2025-09-18', '2025-09-18 08:00:00', '2025-09-18 14:00:00', 'Morning');
INSERT INTO Schedule (scheduleID, doctorID, date, startTime, endTime, shift) VALUES ('SC0636', 'ST0004', '2025-09-18', '2025-09-18 14:00:00', '2025-09-18 20:00:00', 'Evening');
INSERT INTO Schedule (scheduleID, doctorID, date, startTime, endTime, shift) VALUES ('SC0637', 'ST0005', '2025-09-18', '2025-09-18 08:00:00', '2025-09-18 14:00:00', 'Morning');
INSERT INTO Schedule (scheduleID, doctorID, date, startTime, endTime, shift) VALUES ('SC0638', 'ST0005', '2025-09-18', '2025-09-18 14:00:00', '2025-09-18 20:00:00', 'Evening');
INSERT INTO Schedule (scheduleID, doctorID, date, startTime, endTime, shift) VALUES ('SC0639', 'ST0007', '2025-09-18', '2025-09-18 08:00:00', '2025-09-18 14:00:00', 'Morning');
INSERT INTO Schedule (scheduleID, doctorID, date, startTime, endTime, shift) VALUES ('SC0640', 'ST0007', '2025-09-18', '2025-09-18 14:00:00', '2025-09-18 20:00:00', 'Evening');
INSERT INTO Schedule (scheduleID, doctorID, date, startTime, endTime, shift) VALUES ('SC0641', 'ST0002', '2025-09-19', '2025-09-19 08:00:00', '2025-09-19 14:00:00', 'Morning');
INSERT INTO Schedule (scheduleID, doctorID, date, startTime, endTime, shift) VALUES ('SC0642', 'ST0002', '2025-09-19', '2025-09-19 14:00:00', '2025-09-19 20:00:00', 'Evening');
INSERT INTO Schedule (scheduleID, doctorID, date, startTime, endTime, shift) VALUES ('SC0643', 'ST0004', '2025-09-19', '2025-09-19 08:00:00', '2025-09-19 14:00:00', 'Morning');
INSERT INTO Schedule (scheduleID, doctorID, date, startTime, endTime, shift) VALUES ('SC0644', 'ST0004', '2025-09-19', '2025-09-19 14:00:00', '2025-09-19 20:00:00', 'Evening');
INSERT INTO Schedule (scheduleID, doctorID, date, startTime, endTime, shift) VALUES ('SC0645', 'ST0005', '2025-09-19', '2025-09-19 08:00:00', '2025-09-19 14:00:00', 'Morning');
INSERT INTO Schedule (scheduleID, doctorID, date, startTime, endTime, shift) VALUES ('SC0646', 'ST0005', '2025-09-19', '2025-09-19 14:00:00', '2025-09-19 20:00:00', 'Evening');
INSERT INTO Schedule (scheduleID, doctorID, date, startTime, endTime, shift) VALUES ('SC0647', 'ST0007', '2025-09-19', '2025-09-19 08:00:00', '2025-09-19 14:00:00', 'Morning');
INSERT INTO Schedule (scheduleID, doctorID, date, startTime, endTime, shift) VALUES ('SC0648', 'ST0007', '2025-09-19', '2025-09-19 14:00:00', '2025-09-19 20:00:00', 'Evening');
INSERT INTO Schedule (scheduleID, doctorID, date, startTime, endTime, shift) VALUES ('SC0649', 'ST0002', '2025-09-20', '2025-09-20 08:00:00', '2025-09-20 14:00:00', 'Morning');
INSERT INTO Schedule (scheduleID, doctorID, date, startTime, endTime, shift) VALUES ('SC0650', 'ST0002', '2025-09-20', '2025-09-20 14:00:00', '2025-09-20 20:00:00', 'Evening');
INSERT INTO Schedule (scheduleID, doctorID, date, startTime, endTime, shift) VALUES ('SC0651', 'ST0004', '2025-09-20', '2025-09-20 08:00:00', '2025-09-20 14:00:00', 'Morning');
INSERT INTO Schedule (scheduleID, doctorID, date, startTime, endTime, shift) VALUES ('SC0652', 'ST0004', '2025-09-20', '2025-09-20 14:00:00', '2025-09-20 20:00:00', 'Evening');
INSERT INTO Schedule (scheduleID, doctorID, date, startTime, endTime, shift) VALUES ('SC0653', 'ST0005', '2025-09-20', '2025-09-20 08:00:00', '2025-09-20 14:00:00', 'Morning');
INSERT INTO Schedule (scheduleID, doctorID, date, startTime, endTime, shift) VALUES ('SC0654', 'ST0005', '2025-09-20', '2025-09-20 14:00:00', '2025-09-20 20:00:00', 'Evening');
INSERT INTO Schedule (scheduleID, doctorID, date, startTime, endTime, shift) VALUES ('SC0655', 'ST0007', '2025-09-20', '2025-09-20 08:00:00', '2025-09-20 14:00:00', 'Morning');
INSERT INTO Schedule (scheduleID, doctorID, date, startTime, endTime, shift) VALUES ('SC0656', 'ST0007', '2025-09-20', '2025-09-20 14:00:00', '2025-09-20 20:00:00', 'Evening');
INSERT INTO Schedule (scheduleID, doctorID, date, startTime, endTime, shift) VALUES ('SC0657', 'ST0002', '2025-09-21', '2025-09-21 08:00:00', '2025-09-21 14:00:00', 'Morning');
INSERT INTO Schedule (scheduleID, doctorID, date, startTime, endTime, shift) VALUES ('SC0658', 'ST0002', '2025-09-21', '2025-09-21 14:00:00', '2025-09-21 20:00:00', 'Evening');
INSERT INTO Schedule (scheduleID, doctorID, date, startTime, endTime, shift) VALUES ('SC0659', 'ST0004', '2025-09-21', '2025-09-21 08:00:00', '2025-09-21 14:00:00', 'Morning');
INSERT INTO Schedule (scheduleID, doctorID, date, startTime, endTime, shift) VALUES ('SC0660', 'ST0004', '2025-09-21', '2025-09-21 14:00:00', '2025-09-21 20:00:00', 'Evening');
INSERT INTO Schedule (scheduleID, doctorID, date, startTime, endTime, shift) VALUES ('SC0661', 'ST0005', '2025-09-21', '2025-09-21 08:00:00', '2025-09-21 14:00:00', 'Morning');
INSERT INTO Schedule (scheduleID, doctorID, date, startTime, endTime, shift) VALUES ('SC0662', 'ST0005', '2025-09-21', '2025-09-21 14:00:00', '2025-09-21 20:00:00', 'Evening');
INSERT INTO Schedule (scheduleID, doctorID, date, startTime, endTime, shift) VALUES ('SC0663', 'ST0007', '2025-09-21', '2025-09-21 08:00:00', '2025-09-21 14:00:00', 'Morning');
INSERT INTO Schedule (scheduleID, doctorID, date, startTime, endTime, shift) VALUES ('SC0664', 'ST0007', '2025-09-21', '2025-09-21 14:00:00', '2025-09-21 20:00:00', 'Evening');
INSERT INTO Schedule (scheduleID, doctorID, date, startTime, endTime, shift) VALUES ('SC0665', 'ST0002', '2025-09-22', '2025-09-22 08:00:00', '2025-09-22 14:00:00', 'Morning');
INSERT INTO Schedule (scheduleID, doctorID, date, startTime, endTime, shift) VALUES ('SC0666', 'ST0002', '2025-09-22', '2025-09-22 14:00:00', '2025-09-22 20:00:00', 'Evening');
INSERT INTO Schedule (scheduleID, doctorID, date, startTime, endTime, shift) VALUES ('SC0667', 'ST0004', '2025-09-22', '2025-09-22 08:00:00', '2025-09-22 14:00:00', 'Morning');
INSERT INTO Schedule (scheduleID, doctorID, date, startTime, endTime, shift) VALUES ('SC0668', 'ST0004', '2025-09-22', '2025-09-22 14:00:00', '2025-09-22 20:00:00', 'Evening');
INSERT INTO Schedule (scheduleID, doctorID, date, startTime, endTime, shift) VALUES ('SC0669', 'ST0005', '2025-09-22', '2025-09-22 08:00:00', '2025-09-22 14:00:00', 'Morning');
INSERT INTO Schedule (scheduleID, doctorID, date, startTime, endTime, shift) VALUES ('SC0670', 'ST0005', '2025-09-22', '2025-09-22 14:00:00', '2025-09-22 20:00:00', 'Evening');
INSERT INTO Schedule (scheduleID, doctorID, date, startTime, endTime, shift) VALUES ('SC0671', 'ST0007', '2025-09-22', '2025-09-22 08:00:00', '2025-09-22 14:00:00', 'Morning');
INSERT INTO Schedule (scheduleID, doctorID, date, startTime, endTime, shift) VALUES ('SC0672', 'ST0007', '2025-09-22', '2025-09-22 14:00:00', '2025-09-22 20:00:00', 'Evening');
INSERT INTO Schedule (scheduleID, doctorID, date, startTime, endTime, shift) VALUES ('SC0673', 'ST0002', '2025-09-23', '2025-09-23 08:00:00', '2025-09-23 14:00:00', 'Morning');
INSERT INTO Schedule (scheduleID, doctorID, date, startTime, endTime, shift) VALUES ('SC0674', 'ST0002', '2025-09-23', '2025-09-23 14:00:00', '2025-09-23 20:00:00', 'Evening');
INSERT INTO Schedule (scheduleID, doctorID, date, startTime, endTime, shift) VALUES ('SC0675', 'ST0004', '2025-09-23', '2025-09-23 08:00:00', '2025-09-23 14:00:00', 'Morning');
INSERT INTO Schedule (scheduleID, doctorID, date, startTime, endTime, shift) VALUES ('SC0676', 'ST0004', '2025-09-23', '2025-09-23 14:00:00', '2025-09-23 20:00:00', 'Evening');
INSERT INTO Schedule (scheduleID, doctorID, date, startTime, endTime, shift) VALUES ('SC0677', 'ST0005', '2025-09-23', '2025-09-23 08:00:00', '2025-09-23 14:00:00', 'Morning');
INSERT INTO Schedule (scheduleID, doctorID, date, startTime, endTime, shift) VALUES ('SC0678', 'ST0005', '2025-09-23', '2025-09-23 14:00:00', '2025-09-23 20:00:00', 'Evening');
INSERT INTO Schedule (scheduleID, doctorID, date, startTime, endTime, shift) VALUES ('SC0679', 'ST0007', '2025-09-23', '2025-09-23 08:00:00', '2025-09-23 14:00:00', 'Morning');
INSERT INTO Schedule (scheduleID, doctorID, date, startTime, endTime, shift) VALUES ('SC0680', 'ST0007', '2025-09-23', '2025-09-23 14:00:00', '2025-09-23 20:00:00', 'Evening');
INSERT INTO Schedule (scheduleID, doctorID, date, startTime, endTime, shift) VALUES ('SC0681', 'ST0002', '2025-09-24', '2025-09-24 08:00:00', '2025-09-24 14:00:00', 'Morning');
INSERT INTO Schedule (scheduleID, doctorID, date, startTime, endTime, shift) VALUES ('SC0682', 'ST0002', '2025-09-24', '2025-09-24 14:00:00', '2025-09-24 20:00:00', 'Evening');
INSERT INTO Schedule (scheduleID, doctorID, date, startTime, endTime, shift) VALUES ('SC0683', 'ST0004', '2025-09-24', '2025-09-24 08:00:00', '2025-09-24 14:00:00', 'Morning');
INSERT INTO Schedule (scheduleID, doctorID, date, startTime, endTime, shift) VALUES ('SC0684', 'ST0004', '2025-09-24', '2025-09-24 14:00:00', '2025-09-24 20:00:00', 'Evening');
INSERT INTO Schedule (scheduleID, doctorID, date, startTime, endTime, shift) VALUES ('SC0685', 'ST0005', '2025-09-24', '2025-09-24 08:00:00', '2025-09-24 14:00:00', 'Morning');
INSERT INTO Schedule (scheduleID, doctorID, date, startTime, endTime, shift) VALUES ('SC0686', 'ST0005', '2025-09-24', '2025-09-24 14:00:00', '2025-09-24 20:00:00', 'Evening');
INSERT INTO Schedule (scheduleID, doctorID, date, startTime, endTime, shift) VALUES ('SC0687', 'ST0007', '2025-09-24', '2025-09-24 08:00:00', '2025-09-24 14:00:00', 'Morning');
INSERT INTO Schedule (scheduleID, doctorID, date, startTime, endTime, shift) VALUES ('SC0688', 'ST0007', '2025-09-24', '2025-09-24 14:00:00', '2025-09-24 20:00:00', 'Evening');
INSERT INTO Schedule (scheduleID, doctorID, date, startTime, endTime, shift) VALUES ('SC0689', 'ST0002', '2025-09-25', '2025-09-25 08:00:00', '2025-09-25 14:00:00', 'Morning');
INSERT INTO Schedule (scheduleID, doctorID, date, startTime, endTime, shift) VALUES ('SC0690', 'ST0002', '2025-09-25', '2025-09-25 14:00:00', '2025-09-25 20:00:00', 'Evening');
INSERT INTO Schedule (scheduleID, doctorID, date, startTime, endTime, shift) VALUES ('SC0691', 'ST0004', '2025-09-25', '2025-09-25 08:00:00', '2025-09-25 14:00:00', 'Morning');
INSERT INTO Schedule (scheduleID, doctorID, date, startTime, endTime, shift) VALUES ('SC0692', 'ST0004', '2025-09-25', '2025-09-25 14:00:00', '2025-09-25 20:00:00', 'Evening');
INSERT INTO Schedule (scheduleID, doctorID, date, startTime, endTime, shift) VALUES ('SC0693', 'ST0005', '2025-09-25', '2025-09-25 08:00:00', '2025-09-25 14:00:00', 'Morning');
INSERT INTO Schedule (scheduleID, doctorID, date, startTime, endTime, shift) VALUES ('SC0694', 'ST0005', '2025-09-25', '2025-09-25 14:00:00', '2025-09-25 20:00:00', 'Evening');
INSERT INTO Schedule (scheduleID, doctorID, date, startTime, endTime, shift) VALUES ('SC0695', 'ST0007', '2025-09-25', '2025-09-25 08:00:00', '2025-09-25 14:00:00', 'Morning');
INSERT INTO Schedule (scheduleID, doctorID, date, startTime, endTime, shift) VALUES ('SC0696', 'ST0007', '2025-09-25', '2025-09-25 14:00:00', '2025-09-25 20:00:00', 'Evening');
INSERT INTO Schedule (scheduleID, doctorID, date, startTime, endTime, shift) VALUES ('SC0697', 'ST0002', '2025-09-26', '2025-09-26 08:00:00', '2025-09-26 14:00:00', 'Morning');
INSERT INTO Schedule (scheduleID, doctorID, date, startTime, endTime, shift) VALUES ('SC0698', 'ST0002', '2025-09-26', '2025-09-26 14:00:00', '2025-09-26 20:00:00', 'Evening');
INSERT INTO Schedule (scheduleID, doctorID, date, startTime, endTime, shift) VALUES ('SC0699', 'ST0004', '2025-09-26', '2025-09-26 08:00:00', '2025-09-26 14:00:00', 'Morning');
INSERT INTO Schedule (scheduleID, doctorID, date, startTime, endTime, shift) VALUES ('SC0700', 'ST0004', '2025-09-26', '2025-09-26 14:00:00', '2025-09-26 20:00:00', 'Evening');
INSERT INTO Schedule (scheduleID, doctorID, date, startTime, endTime, shift) VALUES ('SC0701', 'ST0005', '2025-09-26', '2025-09-26 08:00:00', '2025-09-26 14:00:00', 'Morning');
INSERT INTO Schedule (scheduleID, doctorID, date, startTime, endTime, shift) VALUES ('SC0702', 'ST0005', '2025-09-26', '2025-09-26 14:00:00', '2025-09-26 20:00:00', 'Evening');
INSERT INTO Schedule (scheduleID, doctorID, date, startTime, endTime, shift) VALUES ('SC0703', 'ST0007', '2025-09-26', '2025-09-26 08:00:00', '2025-09-26 14:00:00', 'Morning');
INSERT INTO Schedule (scheduleID, doctorID, date, startTime, endTime, shift) VALUES ('SC0704', 'ST0007', '2025-09-26', '2025-09-26 14:00:00', '2025-09-26 20:00:00', 'Evening');
INSERT INTO Schedule (scheduleID, doctorID, date, startTime, endTime, shift) VALUES ('SC0705', 'ST0002', '2025-09-27', '2025-09-27 08:00:00', '2025-09-27 14:00:00', 'Morning');
INSERT INTO Schedule (scheduleID, doctorID, date, startTime, endTime, shift) VALUES ('SC0706', 'ST0002', '2025-09-27', '2025-09-27 14:00:00', '2025-09-27 20:00:00', 'Evening');
INSERT INTO Schedule (scheduleID, doctorID, date, startTime, endTime, shift) VALUES ('SC0707', 'ST0004', '2025-09-27', '2025-09-27 08:00:00', '2025-09-27 14:00:00', 'Morning');
INSERT INTO Schedule (scheduleID, doctorID, date, startTime, endTime, shift) VALUES ('SC0708', 'ST0004', '2025-09-27', '2025-09-27 14:00:00', '2025-09-27 20:00:00', 'Evening');
INSERT INTO Schedule (scheduleID, doctorID, date, startTime, endTime, shift) VALUES ('SC0709', 'ST0005', '2025-09-27', '2025-09-27 08:00:00', '2025-09-27 14:00:00', 'Morning');
INSERT INTO Schedule (scheduleID, doctorID, date, startTime, endTime, shift) VALUES ('SC0710', 'ST0005', '2025-09-27', '2025-09-27 14:00:00', '2025-09-27 20:00:00', 'Evening');
INSERT INTO Schedule (scheduleID, doctorID, date, startTime, endTime, shift) VALUES ('SC0711', 'ST0007', '2025-09-27', '2025-09-27 08:00:00', '2025-09-27 14:00:00', 'Morning');
INSERT INTO Schedule (scheduleID, doctorID, date, startTime, endTime, shift) VALUES ('SC0712', 'ST0007', '2025-09-27', '2025-09-27 14:00:00', '2025-09-27 20:00:00', 'Evening');
INSERT INTO Schedule (scheduleID, doctorID, date, startTime, endTime, shift) VALUES ('SC0713', 'ST0002', '2025-09-28', '2025-09-28 08:00:00', '2025-09-28 14:00:00', 'Morning');
INSERT INTO Schedule (scheduleID, doctorID, date, startTime, endTime, shift) VALUES ('SC0714', 'ST0002', '2025-09-28', '2025-09-28 14:00:00', '2025-09-28 20:00:00', 'Evening');
INSERT INTO Schedule (scheduleID, doctorID, date, startTime, endTime, shift) VALUES ('SC0715', 'ST0004', '2025-09-28', '2025-09-28 08:00:00', '2025-09-28 14:00:00', 'Morning');
INSERT INTO Schedule (scheduleID, doctorID, date, startTime, endTime, shift) VALUES ('SC0716', 'ST0004', '2025-09-28', '2025-09-28 14:00:00', '2025-09-28 20:00:00', 'Evening');
INSERT INTO Schedule (scheduleID, doctorID, date, startTime, endTime, shift) VALUES ('SC0717', 'ST0005', '2025-09-28', '2025-09-28 08:00:00', '2025-09-28 14:00:00', 'Morning');
INSERT INTO Schedule (scheduleID, doctorID, date, startTime, endTime, shift) VALUES ('SC0718', 'ST0005', '2025-09-28', '2025-09-28 14:00:00', '2025-09-28 20:00:00', 'Evening');
INSERT INTO Schedule (scheduleID, doctorID, date, startTime, endTime, shift) VALUES ('SC0719', 'ST0007', '2025-09-28', '2025-09-28 08:00:00', '2025-09-28 14:00:00', 'Morning');
INSERT INTO Schedule (scheduleID, doctorID, date, startTime, endTime, shift) VALUES ('SC0720', 'ST0007', '2025-09-28', '2025-09-28 14:00:00', '2025-09-28 20:00:00', 'Evening');
INSERT INTO Schedule (scheduleID, doctorID, date, startTime, endTime, shift) VALUES ('SC0721', 'ST0002', '2025-09-29', '2025-09-29 08:00:00', '2025-09-29 14:00:00', 'Morning');
INSERT INTO Schedule (scheduleID, doctorID, date, startTime, endTime, shift) VALUES ('SC0722', 'ST0002', '2025-09-29', '2025-09-29 14:00:00', '2025-09-29 20:00:00', 'Evening');
INSERT INTO Schedule (scheduleID, doctorID, date, startTime, endTime, shift) VALUES ('SC0723', 'ST0004', '2025-09-29', '2025-09-29 08:00:00', '2025-09-29 14:00:00', 'Morning');
INSERT INTO Schedule (scheduleID, doctorID, date, startTime, endTime, shift) VALUES ('SC0724', 'ST0004', '2025-09-29', '2025-09-29 14:00:00', '2025-09-29 20:00:00', 'Evening');
INSERT INTO Schedule (scheduleID, doctorID, date, startTime, endTime, shift) VALUES ('SC0725', 'ST0005', '2025-09-29', '2025-09-29 08:00:00', '2025-09-29 14:00:00', 'Morning');
INSERT INTO Schedule (scheduleID, doctorID, date, startTime, endTime, shift) VALUES ('SC0726', 'ST0005', '2025-09-29', '2025-09-29 14:00:00', '2025-09-29 20:00:00', 'Evening');
INSERT INTO Schedule (scheduleID, doctorID, date, startTime, endTime, shift) VALUES ('SC0727', 'ST0007', '2025-09-29', '2025-09-29 08:00:00', '2025-09-29 14:00:00', 'Morning');
INSERT INTO Schedule (scheduleID, doctorID, date, startTime, endTime, shift) VALUES ('SC0728', 'ST0007', '2025-09-29', '2025-09-29 14:00:00', '2025-09-29 20:00:00', 'Evening');
INSERT INTO Schedule (scheduleID, doctorID, date, startTime, endTime, shift) VALUES ('SC0729', 'ST0002', '2025-09-30', '2025-09-30 08:00:00', '2025-09-30 14:00:00', 'Morning');
INSERT INTO Schedule (scheduleID, doctorID, date, startTime, endTime, shift) VALUES ('SC0730', 'ST0002', '2025-09-30', '2025-09-30 14:00:00', '2025-09-30 20:00:00', 'Evening');
INSERT INTO Schedule (scheduleID, doctorID, date, startTime, endTime, shift) VALUES ('SC0731', 'ST0004', '2025-09-30', '2025-09-30 08:00:00', '2025-09-30 14:00:00', 'Morning');
INSERT INTO Schedule (scheduleID, doctorID, date, startTime, endTime, shift) VALUES ('SC0732', 'ST0004', '2025-09-30', '2025-09-30 14:00:00', '2025-09-30 20:00:00', 'Evening');
INSERT INTO Schedule (scheduleID, doctorID, date, startTime, endTime, shift) VALUES ('SC0733', 'ST0005', '2025-09-30', '2025-09-30 08:00:00', '2025-09-30 14:00:00', 'Morning');
INSERT INTO Schedule (scheduleID, doctorID, date, startTime, endTime, shift) VALUES ('SC0734', 'ST0005', '2025-09-30', '2025-09-30 14:00:00', '2025-09-30 20:00:00', 'Evening');
INSERT INTO Schedule (scheduleID, doctorID, date, startTime, endTime, shift) VALUES ('SC0735', 'ST0007', '2025-09-30', '2025-09-30 08:00:00', '2025-09-30 14:00:00', 'Morning');
INSERT INTO Schedule (scheduleID, doctorID, date, startTime, endTime, shift) VALUES ('SC0736', 'ST0007', '2025-09-30', '2025-09-30 14:00:00', '2025-09-30 20:00:00', 'Evening');
INSERT INTO Orders (ordersID, medicineID, supplierID, staffID, orderDate, orderStatus, unitPrice, quantity, totalAmount, expiryDate, stock) VALUES ('OR0001', 'ME0012', 'SU0001', 'ST0004', '2024-11-02', 'Completed', 63.12, 73, 4607.76, '2026-01-15', 73);
INSERT INTO Orders (ordersID, medicineID, supplierID, staffID, orderDate, orderStatus, unitPrice, quantity, totalAmount, expiryDate, stock) VALUES ('OR0002', 'ME0004', 'SU0001', 'ST0004', '2024-11-26', 'Cancelled', 39.93, 32, 1277.76, '2026-07-10', 32);
INSERT INTO Orders (ordersID, medicineID, supplierID, staffID, orderDate, orderStatus, unitPrice, quantity, totalAmount, expiryDate, stock) VALUES ('OR0003', 'ME0009', 'SU0004', 'ST0009', '2025-07-08', 'Completed', 69.82, 67, 4677.94, '2025-11-22', 67);
INSERT INTO Orders (ordersID, medicineID, supplierID, staffID, orderDate, orderStatus, unitPrice, quantity, totalAmount, expiryDate, stock) VALUES ('OR0004', 'ME0003', 'SU0003', 'ST0007', '2024-12-14', 'Completed', 62.17, 69, 4289.73, '2025-07-31', 69);
INSERT INTO Orders (ordersID, medicineID, supplierID, staffID, orderDate, orderStatus, unitPrice, quantity, totalAmount, expiryDate, stock) VALUES ('OR0005', 'ME0005', 'SU0005', 'ST0008', '2025-04-25', 'Cancelled', 88.45, 12, 1061.4, '2026-05-10', 12);
INSERT INTO Orders (ordersID, medicineID, supplierID, staffID, orderDate, orderStatus, unitPrice, quantity, totalAmount, expiryDate, stock) VALUES ('OR0006', 'ME0011', 'SU0005', 'ST0009', '2025-02-14', 'Completed', 62.48, 38, 2374.24, '2026-06-03', 38);
INSERT INTO Orders (ordersID, medicineID, supplierID, staffID, orderDate, orderStatus, unitPrice, quantity, totalAmount, expiryDate, stock) VALUES ('OR0007', 'ME0005', 'SU0005', 'ST0007', '2024-09-29', 'Cancelled', 57.84, 24, 1388.16, '2025-11-21', 24);
INSERT INTO Orders (ordersID, medicineID, supplierID, staffID, orderDate, orderStatus, unitPrice, quantity, totalAmount, expiryDate, stock) VALUES ('OR0008', 'ME0015', 'SU0005', 'ST0003', '2024-11-12', 'Cancelled', 47.28, 31, 1465.68, '2025-04-17', 31);
INSERT INTO Orders (ordersID, medicineID, supplierID, staffID, orderDate, orderStatus, unitPrice, quantity, totalAmount, expiryDate, stock) VALUES ('OR0009', 'ME0015', 'SU0005', 'ST0010', '2025-06-04', 'Completed', 62.69, 86, 5391.34, '2026-05-21', 86);
INSERT INTO Orders (ordersID, medicineID, supplierID, staffID, orderDate, orderStatus, unitPrice, quantity, totalAmount, expiryDate, stock) VALUES ('OR0010', 'ME0003', 'SU0004', 'ST0006', '2025-06-11', 'Cancelled', 93.97, 86, 8081.42, '2025-12-14', 86);
INSERT INTO Orders (ordersID, medicineID, supplierID, staffID, orderDate, orderStatus, unitPrice, quantity, totalAmount, expiryDate, stock) VALUES ('OR0011', 'ME0013', 'SU0001', 'ST0010', '2025-06-26', 'Cancelled', 36.31, 45, 1633.95, '2025-12-04', 45);
INSERT INTO Orders (ordersID, medicineID, supplierID, staffID, orderDate, orderStatus, unitPrice, quantity, totalAmount, expiryDate, stock) VALUES ('OR0012', 'ME0012', 'SU0003', 'ST0005', '2025-06-18', 'Completed', 87.51, 78, 6825.78, '2026-08-24', 78);
INSERT INTO Orders (ordersID, medicineID, supplierID, staffID, orderDate, orderStatus, unitPrice, quantity, totalAmount, expiryDate, stock) VALUES ('OR0013', 'ME0012', 'SU0002', 'ST0010', '2025-01-21', 'Completed', 28.93, 62, 1793.66, '2025-11-07', 62);
INSERT INTO Orders (ordersID, medicineID, supplierID, staffID, orderDate, orderStatus, unitPrice, quantity, totalAmount, expiryDate, stock) VALUES ('OR0014', 'ME0015', 'SU0003', 'ST0010', '2024-12-18', 'Completed', 36.81, 58, 2134.98, '2024-12-25', 58);
INSERT INTO Orders (ordersID, medicineID, supplierID, staffID, orderDate, orderStatus, unitPrice, quantity, totalAmount, expiryDate, stock) VALUES ('OR0015', 'ME0003', 'SU0003', 'ST0004', '2025-02-15', 'Cancelled', 93.79, 69, 6471.51, '2025-05-22', 69);
INSERT INTO Orders (ordersID, medicineID, supplierID, staffID, orderDate, orderStatus, unitPrice, quantity, totalAmount, expiryDate, stock) VALUES ('OR0016', 'ME0004', 'SU0005', 'ST0001', '2024-11-25', 'Cancelled', 44.63, 26, 1160.38, '2026-07-22', 26);
INSERT INTO Orders (ordersID, medicineID, supplierID, staffID, orderDate, orderStatus, unitPrice, quantity, totalAmount, expiryDate, stock) VALUES ('OR0017', 'ME0013', 'SU0003', 'ST0005', '2024-12-18', 'Completed', 93.16, 56, 5216.96, '2025-03-11', 56);
INSERT INTO Orders (ordersID, medicineID, supplierID, staffID, orderDate, orderStatus, unitPrice, quantity, totalAmount, expiryDate, stock) VALUES ('OR0018', 'ME0004', 'SU0005', 'ST0009', '2025-07-31', 'Cancelled', 55.65, 98, 5453.7, '2026-05-03', 98);
INSERT INTO Orders (ordersID, medicineID, supplierID, staffID, orderDate, orderStatus, unitPrice, quantity, totalAmount, expiryDate, stock) VALUES ('OR0019', 'ME0004', 'SU0005', 'ST0001', '2024-09-16', 'Cancelled', 44.68, 79, 3529.72, '2025-12-03', 79);
INSERT INTO Orders (ordersID, medicineID, supplierID, staffID, orderDate, orderStatus, unitPrice, quantity, totalAmount, expiryDate, stock) VALUES ('OR0020', 'ME0009', 'SU0003', 'ST0006', '2025-04-27', 'Cancelled', 68.8, 30, 2064.0, '2025-10-06', 30);