INSERT INTO Staff (staffID, firstName, lastName, gender, dateOfBirth, nationality, idType, idNumber, contactNumber, email, address, position, medicalLicenseNumber, password, employmentDate) VALUES ('ST0001', 'Matthew', 'Johns', 'Male', '2001-01-11', 'Mauritania', 'Passport', '508-78-8255', '6307911386', 'alexanderlisa@example.org', '9140 Foster Mountain, Lowefort, TN 92751', 'Doctor', 'MED857', 'Password123!', '2021-06-28');
INSERT INTO Staff (staffID, firstName, lastName, gender, dateOfBirth, nationality, idType, idNumber, contactNumber, email, address, position, medicalLicenseNumber, password, employmentDate) VALUES ('ST0002', 'Scott', 'Vang', 'Female', '2002-06-05', 'Saint Lucia', 'IC', '203-33-9266', '677.341.8813x431', 'vfischer@example.net', '32151 Williams Shoals, Kristenchester, ME 53624', 'Doctor', 'MED125', 'Password123!', '2015-12-13');
INSERT INTO Staff (staffID, firstName, lastName, gender, dateOfBirth, nationality, idType, idNumber, contactNumber, email, address, position, medicalLicenseNumber, password, employmentDate) VALUES ('ST0003', 'Jennifer', 'Jones', 'Male', '1995-09-03', 'South Georgia and the South Sandwich Islands', 'IC', '663-77-5685', '515-473-7551x28327', 'raven62@example.org', 'USCGC Moore, FPO AP 37114', 'Admin', '', 'Password123!', '2015-08-19');
INSERT INTO Staff (staffID, firstName, lastName, gender, dateOfBirth, nationality, idType, idNumber, contactNumber, email, address, position, medicalLicenseNumber, password, employmentDate) VALUES ('ST0004', 'Michael', 'Melton', 'Female', '1966-07-26', 'Cayman Islands', 'Passport', '385-94-9242', '4053850234', 'hoffmantodd@example.org', '526 Tyler Key, Michaelton, SD 38857', 'Doctor', 'MED919', 'Password123!', '2017-02-17');
INSERT INTO Staff (staffID, firstName, lastName, gender, dateOfBirth, nationality, idType, idNumber, contactNumber, email, address, position, medicalLicenseNumber, password, employmentDate) VALUES ('ST0005', 'John', 'Evans', 'Female', '1978-09-16', 'Uzbekistan', 'IC', '896-82-4444', '+1-473-872-9104x477', 'fandrews@example.com', '6605 Spears Estates, South Summerport, MA 82955', 'Doctor', 'MED097', 'Password123!', '2019-10-07');
INSERT INTO Staff (staffID, firstName, lastName, gender, dateOfBirth, nationality, idType, idNumber, contactNumber, email, address, position, medicalLicenseNumber, password, employmentDate) VALUES ('ST0006', 'Christina', 'Lopez', 'Female', '1972-06-02', 'San Marino', 'IC', '227-41-8612', '751.964.9510', 'jeffrey90@example.com', 'PSC 6211, Box 9852, APO AA 68360', 'Admin', '', 'Password123!', '2024-05-23');
INSERT INTO Staff (staffID, firstName, lastName, gender, dateOfBirth, nationality, idType, idNumber, contactNumber, email, address, position, medicalLicenseNumber, password, employmentDate) VALUES ('ST0007', 'Mary', 'Scott', 'Female', '1986-01-05', 'Bangladesh', 'IC', '049-59-7104', '(461)344-3151', 'jeffrey72@example.net', '3646 Jeffrey Meadow, Claymouth, NV 56178', 'Doctor', 'MED221', 'Password123!', '2020-11-10');
INSERT INTO Staff (staffID, firstName, lastName, gender, dateOfBirth, nationality, idType, idNumber, contactNumber, email, address, position, medicalLicenseNumber, password, employmentDate) VALUES ('ST0008', 'Jenny', 'Smith', 'Male', '1994-09-17', 'Portugal', 'Passport', '073-78-6355', '001-487-853-3472x195', 'smithlori@example.com', '87633 Sharon Land Suite 731, Katherineshire, RI 64227', 'Doctor', 'MED963', 'Password123!', '2020-05-20');
INSERT INTO Staff (staffID, firstName, lastName, gender, dateOfBirth, nationality, idType, idNumber, contactNumber, email, address, position, medicalLicenseNumber, password, employmentDate) VALUES ('ST0009', 'Carol', 'Thomas', 'Female', '1967-01-06', 'Nepal', 'IC', '301-76-5205', '668.388.5658x00812', 'jacksondillon@example.com', '8359 Samuel Brooks Suite 652, Garyfurt, AS 91172', 'Admin', '', 'Password123!', '2024-08-19');
INSERT INTO Staff (staffID, firstName, lastName, gender, dateOfBirth, nationality, idType, idNumber, contactNumber, email, address, position, medicalLicenseNumber, password, employmentDate) VALUES ('ST0010', 'Brittney', 'Pollard', 'Male', '1968-09-15', 'Denmark', 'Passport', '428-18-4981', '528-468-7318', 'elizabethjoseph@example.org', '90229 Jonathan Points, South Jessicafurt, FM 63342', 'Admin', '', 'Password123!', '2017-06-07');
INSERT INTO Patient (patientID, firstName, lastName, gender, dateOfBirth, age, nationality, idType, idNumber, studentId, contactNumber, email, address, emergencyContactName, emergencyContactNumber, allergies, bloodType) VALUES ('PT0001', 'Laura', 'Evans', 'Female', '1990-03-02', 35, 'Djibouti', 'IC', '536-96-3196', 'S03846', '016-5014679', 'carolcortez@example.com', '099 Deborah Roads Apt. 827, East Josephmouth, Malaysia', 'Joanne Gibson', '015-2383020', 'None', 'O+');
INSERT INTO Patient (patientID, firstName, lastName, gender, dateOfBirth, age, nationality, idType, idNumber, studentId, contactNumber, email, address, emergencyContactName, emergencyContactNumber, allergies, bloodType) VALUES ('PT0002', 'Jeffrey', 'Alexander', 'Male', '1943-01-19', 82, 'Brunei Darussalam', 'Passport', '430-79-7918', 'S04646', '011-1540464', 'larsonsteven@example.com', '990 Brian Forges, West Amyport, Malaysia', 'Hannah Blackburn', '010-3165106', 'Penicillin', 'B-');
INSERT INTO Patient (patientID, firstName, lastName, gender, dateOfBirth, age, nationality, idType, idNumber, studentId, contactNumber, email, address, emergencyContactName, emergencyContactNumber, allergies, bloodType) VALUES ('PT0003', 'John', 'Smith', 'Male', '1987-08-27', 37, 'Tunisia', 'IC', '286-28-1771', 'S01682', '010-4618313', 'dilloncarmen@example.com', '0100 Jennifer Village, Lake Vanessa, Malaysia', 'Daniel Hicks', '019-7557862', 'None', 'AB-');
INSERT INTO Patient (patientID, firstName, lastName, gender, dateOfBirth, age, nationality, idType, idNumber, studentId, contactNumber, email, address, emergencyContactName, emergencyContactNumber, allergies, bloodType) VALUES ('PT0004', 'James', 'Fernandez', 'Female', '1945-09-08', 79, 'Sierra Leone', 'Passport', '020-21-3007', 'S09280', '016-6009611', 'robertwilliams@example.com', '511 Elizabeth Walk, Hollyhaven, Malaysia', 'Anthony Hamilton', '011-9324094', 'Latex', 'A-');
INSERT INTO Patient (patientID, firstName, lastName, gender, dateOfBirth, age, nationality, idType, idNumber, studentId, contactNumber, email, address, emergencyContactName, emergencyContactNumber, allergies, bloodType) VALUES ('PT0005', 'Victor', 'Porter', 'Male', '2018-04-21', 7, 'Angola', 'Passport', '162-20-3372', 'S00837', '016-3474540', 'alvarezroy@example.com', '367 Samuel Knolls, Port Dominiqueville, Malaysia', 'Ronald Reynolds', '013-2126741', 'Peanuts', 'O-');
INSERT INTO Patient (patientID, firstName, lastName, gender, dateOfBirth, age, nationality, idType, idNumber, studentId, contactNumber, email, address, emergencyContactName, emergencyContactNumber, allergies, bloodType) VALUES ('PT0006', 'Dawn', 'Lambert', 'Female', '1964-07-14', 61, 'Zambia', 'IC', '350-76-0417', 'S06288', '013-2757977', 'tbarber@example.net', '8567 King Meadows, Owensmouth, Malaysia', 'Victor Hickman', '016-4666246', 'Peanuts', 'O-');
INSERT INTO Patient (patientID, firstName, lastName, gender, dateOfBirth, age, nationality, idType, idNumber, studentId, contactNumber, email, address, emergencyContactName, emergencyContactNumber, allergies, bloodType) VALUES ('PT0007', 'Jennifer', 'Conway', 'Male', '1963-02-25', 62, 'Luxembourg', 'Passport', '646-55-1675', 'S07700', '014-6608394', 'freemankimberly@example.net', '155 Smith Wall, North Michaelville, Malaysia', 'Robert Mcguire', '014-6439636', 'Pollen', 'B-');
INSERT INTO Patient (patientID, firstName, lastName, gender, dateOfBirth, age, nationality, idType, idNumber, studentId, contactNumber, email, address, emergencyContactName, emergencyContactNumber, allergies, bloodType) VALUES ('PT0008', 'Anthony', 'Freeman', 'Female', '1985-05-21', 40, 'Canada', 'Passport', '564-44-4437', 'S08407', '010-4325640', 'marydavis@example.net', '8739 Suzanne Village, West Michaelstad, Malaysia', 'Elizabeth Munoz', '019-8978452', 'Penicillin', 'B+');
INSERT INTO Patient (patientID, firstName, lastName, gender, dateOfBirth, age, nationality, idType, idNumber, studentId, contactNumber, email, address, emergencyContactName, emergencyContactNumber, allergies, bloodType) VALUES ('PT0009', 'Gary', 'Harrell', 'Male', '2010-10-16', 14, 'Liberia', 'Passport', '304-73-9511', 'S07420', '017-4747217', 'stephenmartin@example.org', '71602 Mary Mountains Apt. 368, New Antonio, Malaysia', 'Thomas Morales', '019-4044015', 'Penicillin', 'A+');
INSERT INTO Patient (patientID, firstName, lastName, gender, dateOfBirth, age, nationality, idType, idNumber, studentId, contactNumber, email, address, emergencyContactName, emergencyContactNumber, allergies, bloodType) VALUES ('PT0010', 'Kelsey', 'Clark', 'Female', '1955-07-13', 70, 'Korea', 'IC', '513-86-1871', 'S05393', '019-1991220', 'ericfuentes@example.com', '602 Cheryl Springs Apt. 297, Alexanderborough, Malaysia', 'Monica Ramirez', '019-4477489', 'Pollen', 'A+');
INSERT INTO Patient (patientID, firstName, lastName, gender, dateOfBirth, age, nationality, idType, idNumber, studentId, contactNumber, email, address, emergencyContactName, emergencyContactNumber, allergies, bloodType) VALUES ('PT0011', 'Ashley', 'Lee', 'Male', '1965-12-13', 59, 'Bermuda', 'Passport', '237-86-8003', 'S07174', '017-7146458', 'charlesfrank@example.com', '216 Erica Garden, Mcgrathport, Malaysia', 'Alexandra Moran', '010-6327894', 'Pollen', 'O+');
INSERT INTO Patient (patientID, firstName, lastName, gender, dateOfBirth, age, nationality, idType, idNumber, studentId, contactNumber, email, address, emergencyContactName, emergencyContactNumber, allergies, bloodType) VALUES ('PT0012', 'Crystal', 'Ferguson', 'Male', '1976-02-27', 49, 'Rwanda', 'Passport', '002-89-4808', 'S04867', '012-9857086', 'charles55@example.com', '36105 Davis Green Suite 977, Lake Kelly, Malaysia', 'Trevor Lawson', '019-1652870', 'Penicillin', 'A+');
INSERT INTO Patient (patientID, firstName, lastName, gender, dateOfBirth, age, nationality, idType, idNumber, studentId, contactNumber, email, address, emergencyContactName, emergencyContactNumber, allergies, bloodType) VALUES ('PT0013', 'Brandy', 'Robles', 'Female', '1975-02-08', 50, 'Heard Island and McDonald Islands', 'Passport', '028-74-0868', 'S02188', '010-6049296', 'faguirre@example.net', '442 Peters Viaduct Suite 257, West Shane, Malaysia', 'Haley Johnston', '015-7148723', 'Peanuts', 'O-');
INSERT INTO Patient (patientID, firstName, lastName, gender, dateOfBirth, age, nationality, idType, idNumber, studentId, contactNumber, email, address, emergencyContactName, emergencyContactNumber, allergies, bloodType) VALUES ('PT0014', 'Yvette', 'Carter', 'Male', '2012-02-01', 13, 'Australia', 'IC', '795-15-2215', 'S04630', '012-1020451', 'edwin66@example.org', '8856 Kelly Curve Apt. 361, Salinasside, Malaysia', 'Andrew Richardson', '017-9907593', 'Penicillin', 'A-');
INSERT INTO Patient (patientID, firstName, lastName, gender, dateOfBirth, age, nationality, idType, idNumber, studentId, contactNumber, email, address, emergencyContactName, emergencyContactNumber, allergies, bloodType) VALUES ('PT0015', 'Catherine', 'Jones', 'Female', '1937-04-26', 88, 'Solomon Islands', 'IC', '110-25-9705', 'S09198', '013-1371909', 'lpugh@example.org', '930 Schneider Lake Suite 220, Briggsfurt, Malaysia', 'Shawn Martinez', '014-8827769', 'Latex', 'O-');
INSERT INTO Patient (patientID, firstName, lastName, gender, dateOfBirth, age, nationality, idType, idNumber, studentId, contactNumber, email, address, emergencyContactName, emergencyContactNumber, allergies, bloodType) VALUES ('PT0016', 'Brooke', 'Castillo', 'Male', '1944-11-04', 80, 'Palestinian Territory', 'Passport', '374-21-9498', 'S02027', '014-7692594', 'catherine46@example.com', '3053 Jason Oval, Port Julie, Malaysia', 'Erin Huff', '014-3959434', 'Peanuts', 'O-');
INSERT INTO Patient (patientID, firstName, lastName, gender, dateOfBirth, age, nationality, idType, idNumber, studentId, contactNumber, email, address, emergencyContactName, emergencyContactNumber, allergies, bloodType) VALUES ('PT0017', 'Mary', 'Friedman', 'Male', '2012-03-21', 13, 'Saint Barthelemy', 'IC', '174-04-9292', 'S04528', '016-1822333', 'jonescynthia@example.org', '13512 Bradshaw Ridges Apt. 199, Larryhaven, Malaysia', 'Jon Meyer', '015-3097232', 'Penicillin', 'B+');
INSERT INTO Patient (patientID, firstName, lastName, gender, dateOfBirth, age, nationality, idType, idNumber, studentId, contactNumber, email, address, emergencyContactName, emergencyContactNumber, allergies, bloodType) VALUES ('PT0018', 'Tony', 'Carr', 'Male', '1949-06-20', 76, 'Ecuador', 'IC', '672-79-0680', 'S01481', '011-5813087', 'williamspatrick@example.org', '24064 Richardson Station, Carlsonshire, Malaysia', 'Angela Alvarado', '014-8940417', 'Penicillin', 'AB-');
INSERT INTO Patient (patientID, firstName, lastName, gender, dateOfBirth, age, nationality, idType, idNumber, studentId, contactNumber, email, address, emergencyContactName, emergencyContactNumber, allergies, bloodType) VALUES ('PT0019', 'Tracy', 'Coleman', 'Female', '1980-08-30', 44, 'Liechtenstein', 'Passport', '555-51-3243', 'S06634', '017-6325505', 'dfrazier@example.org', '02374 Nunez Freeway, Russellton, Malaysia', 'Emily Hendricks', '014-7863359', 'Latex', 'A-');
INSERT INTO Patient (patientID, firstName, lastName, gender, dateOfBirth, age, nationality, idType, idNumber, studentId, contactNumber, email, address, emergencyContactName, emergencyContactNumber, allergies, bloodType) VALUES ('PT0020', 'Jason', 'Cook', 'Male', '1957-03-22', 68, 'Mali', 'IC', '042-89-1181', 'S08235', '012-1687777', 'urobinson@example.net', '073 Burton Unions, Stevensonland, Malaysia', 'Benjamin Townsend', '010-4806769', 'Penicillin', 'A+');
INSERT INTO Appointment (appointmentID, patientID, appointmentTime, status) VALUES ('AP0001', 'PT0020', '2024-08-15 07:31:09.157466', 'Cancelled');
INSERT INTO Appointment (appointmentID, patientID, appointmentTime, status) VALUES ('AP0002', 'PT0019', '2025-01-20 07:20:44.837400', 'Cancelled');
INSERT INTO Appointment (appointmentID, patientID, appointmentTime, status) VALUES ('AP0003', 'PT0018', '2024-10-22 05:09:40.799150', 'Scheduled');
INSERT INTO Appointment (appointmentID, patientID, appointmentTime, status) VALUES ('AP0004', 'PT0018', '2025-03-25 07:11:35.689576', 'Scheduled');
INSERT INTO Appointment (appointmentID, patientID, appointmentTime, status) VALUES ('AP0005', 'PT0019', '2024-11-24 05:27:41.396978', 'Cancelled');
INSERT INTO Appointment (appointmentID, patientID, appointmentTime, status) VALUES ('AP0006', 'PT0017', '2024-11-18 11:49:11.212743', 'Completed');
INSERT INTO Appointment (appointmentID, patientID, appointmentTime, status) VALUES ('AP0007', 'PT0016', '2025-06-19 18:33:29.470536', 'Scheduled');
INSERT INTO Appointment (appointmentID, patientID, appointmentTime, status) VALUES ('AP0008', 'PT0009', '2024-08-16 13:18:22.370481', 'Scheduled');
INSERT INTO Appointment (appointmentID, patientID, appointmentTime, status) VALUES ('AP0009', 'PT0006', '2025-03-17 16:42:44.154893', 'Completed');
INSERT INTO Appointment (appointmentID, patientID, appointmentTime, status) VALUES ('AP0010', 'PT0019', '2024-09-18 17:42:49.480101', 'Completed');
INSERT INTO Appointment (appointmentID, patientID, appointmentTime, status) VALUES ('AP0011', 'PT0001', '2025-07-13 23:55:47.357569', 'Completed');
INSERT INTO Appointment (appointmentID, patientID, appointmentTime, status) VALUES ('AP0012', 'PT0008', '2024-11-15 14:41:26.693618', 'Cancelled');
INSERT INTO Appointment (appointmentID, patientID, appointmentTime, status) VALUES ('AP0013', 'PT0009', '2024-09-21 10:20:00.806310', 'Completed');
INSERT INTO Appointment (appointmentID, patientID, appointmentTime, status) VALUES ('AP0014', 'PT0015', '2025-02-26 05:15:21.595051', 'Scheduled');
INSERT INTO Appointment (appointmentID, patientID, appointmentTime, status) VALUES ('AP0015', 'PT0004', '2024-11-30 06:52:32.103986', 'Cancelled');
INSERT INTO Appointment (appointmentID, patientID, appointmentTime, status) VALUES ('AP0016', 'PT0004', '2025-05-19 19:59:16.569632', 'Scheduled');
INSERT INTO Appointment (appointmentID, patientID, appointmentTime, status) VALUES ('AP0017', 'PT0009', '2025-03-09 22:10:08.048396', 'Completed');
INSERT INTO Appointment (appointmentID, patientID, appointmentTime, status) VALUES ('AP0018', 'PT0009', '2025-03-06 10:56:40.920090', 'Scheduled');
INSERT INTO Appointment (appointmentID, patientID, appointmentTime, status) VALUES ('AP0019', 'PT0014', '2025-01-08 00:44:48.694284', 'Completed');
INSERT INTO Appointment (appointmentID, patientID, appointmentTime, status) VALUES ('AP0020', 'PT0013', '2024-09-02 12:58:08.276949', 'Scheduled');
INSERT INTO Appointment (appointmentID, patientID, appointmentTime, status) VALUES ('AP0021', 'PT0006', '2025-02-03 00:58:41.792307', 'Cancelled');
INSERT INTO Appointment (appointmentID, patientID, appointmentTime, status) VALUES ('AP0022', 'PT0006', '2024-12-11 11:16:54.350675', 'Scheduled');
INSERT INTO Appointment (appointmentID, patientID, appointmentTime, status) VALUES ('AP0023', 'PT0015', '2025-02-08 13:27:22.022954', 'Completed');
INSERT INTO Appointment (appointmentID, patientID, appointmentTime, status) VALUES ('AP0024', 'PT0004', '2025-02-28 00:50:42.858542', 'Cancelled');
INSERT INTO Appointment (appointmentID, patientID, appointmentTime, status) VALUES ('AP0025', 'PT0010', '2024-08-29 11:26:35.786396', 'Scheduled');
INSERT INTO Appointment (appointmentID, patientID, appointmentTime, status) VALUES ('AP0026', 'PT0015', '2024-08-30 07:35:58.962044', 'Cancelled');
INSERT INTO Appointment (appointmentID, patientID, appointmentTime, status) VALUES ('AP0027', 'PT0013', '2025-05-01 09:00:21.318495', 'Completed');
INSERT INTO Appointment (appointmentID, patientID, appointmentTime, status) VALUES ('AP0028', 'PT0020', '2024-12-06 00:55:14.951246', 'Scheduled');
INSERT INTO Appointment (appointmentID, patientID, appointmentTime, status) VALUES ('AP0029', 'PT0014', '2025-05-15 23:14:02.024204', 'Cancelled');
INSERT INTO Appointment (appointmentID, patientID, appointmentTime, status) VALUES ('AP0030', 'PT0006', '2024-09-21 14:52:08.480302', 'Cancelled');
INSERT INTO Appointment (appointmentID, patientID, appointmentTime, status) VALUES ('AP0031', 'PT0007', '2025-05-04 15:33:53.830111', 'Completed');
INSERT INTO Appointment (appointmentID, patientID, appointmentTime, status) VALUES ('AP0032', 'PT0015', '2025-02-28 10:31:18.496722', 'Cancelled');
INSERT INTO Appointment (appointmentID, patientID, appointmentTime, status) VALUES ('AP0033', 'PT0011', '2025-02-02 16:10:15.983326', 'Scheduled');
INSERT INTO Appointment (appointmentID, patientID, appointmentTime, status) VALUES ('AP0034', 'PT0014', '2025-03-07 14:34:57.723000', 'Completed');
INSERT INTO Appointment (appointmentID, patientID, appointmentTime, status) VALUES ('AP0035', 'PT0019', '2025-03-22 22:25:43.653705', 'Cancelled');
INSERT INTO Appointment (appointmentID, patientID, appointmentTime, status) VALUES ('AP0036', 'PT0004', '2025-06-15 08:46:27.992015', 'Completed');
INSERT INTO Appointment (appointmentID, patientID, appointmentTime, status) VALUES ('AP0037', 'PT0012', '2025-01-28 10:39:02.328454', 'Completed');
INSERT INTO Appointment (appointmentID, patientID, appointmentTime, status) VALUES ('AP0038', 'PT0014', '2024-08-23 05:07:12.284049', 'Completed');
INSERT INTO Appointment (appointmentID, patientID, appointmentTime, status) VALUES ('AP0039', 'PT0003', '2025-01-06 02:20:53.528490', 'Cancelled');
INSERT INTO Appointment (appointmentID, patientID, appointmentTime, status) VALUES ('AP0040', 'PT0009', '2025-02-14 18:25:02.112894', 'Cancelled');
INSERT INTO Appointment (appointmentID, patientID, appointmentTime, status) VALUES ('AP0041', 'PT0019', '2024-12-09 22:20:34.126773', 'Completed');
INSERT INTO Appointment (appointmentID, patientID, appointmentTime, status) VALUES ('AP0042', 'PT0010', '2025-03-29 02:42:37.699641', 'Completed');
INSERT INTO Appointment (appointmentID, patientID, appointmentTime, status) VALUES ('AP0043', 'PT0003', '2025-03-21 06:54:09.776651', 'Cancelled');
INSERT INTO Appointment (appointmentID, patientID, appointmentTime, status) VALUES ('AP0044', 'PT0019', '2025-03-25 16:43:49.377213', 'Scheduled');
INSERT INTO Appointment (appointmentID, patientID, appointmentTime, status) VALUES ('AP0045', 'PT0015', '2024-10-26 00:55:18.800545', 'Scheduled');
INSERT INTO Appointment (appointmentID, patientID, appointmentTime, status) VALUES ('AP0046', 'PT0014', '2025-06-01 10:56:13.259163', 'Cancelled');
INSERT INTO Appointment (appointmentID, patientID, appointmentTime, status) VALUES ('AP0047', 'PT0020', '2024-10-23 13:47:58.728338', 'Scheduled');
INSERT INTO Appointment (appointmentID, patientID, appointmentTime, status) VALUES ('AP0048', 'PT0015', '2025-04-02 15:59:57.392403', 'Scheduled');
INSERT INTO Appointment (appointmentID, patientID, appointmentTime, status) VALUES ('AP0049', 'PT0010', '2025-01-22 10:21:24.152853', 'Scheduled');
INSERT INTO Appointment (appointmentID, patientID, appointmentTime, status) VALUES ('AP0050', 'PT0002', '2025-07-29 13:07:34.268997', 'Scheduled');
INSERT INTO Consultation (consultationID, patientID, doctorID, staffID, billID, symptoms, diagnosis, consultationDate, checkInTime, isFollowUpRequired, followUpDate, status, mcID, startDate, endDate) VALUES ('MC0001', 'PT0006', 'ST0008', 'STF0006', 'BI0002', 'Nausea', 'Flu', '2024-09-28', '2024-09-28 10:00:00', False, NULL, 'Cancelled', 'MC-0009', '2024-09-28', '2024-09-30');
INSERT INTO Consultation (consultationID, patientID, doctorID, staffID, billID, symptoms, diagnosis, consultationDate, checkInTime, isFollowUpRequired, followUpDate, status, mcID, startDate, endDate) VALUES ('MC0002', 'PT0004', 'ST0002', 'STF0007', 'BI0001', 'Nausea', 'Cold', '2024-10-29', '2024-10-29 10:00:00', True, '2024-11-23', 'Completed', 'MC-0005', '2024-10-29', '2024-10-30');
INSERT INTO Consultation (consultationID, patientID, doctorID, staffID, billID, symptoms, diagnosis, consultationDate, checkInTime, isFollowUpRequired, followUpDate, status, mcID, startDate, endDate) VALUES ('MC0003', 'PT0001', 'ST0001', 'STF0004', 'BI0007', 'Back pain', 'Hypertension', '2025-06-24', '2025-06-24 14:00:00', False, NULL, 'Cancelled', 'MC-0004', '2025-06-24', '2025-06-26');
INSERT INTO Consultation (consultationID, patientID, doctorID, staffID, billID, symptoms, diagnosis, consultationDate, checkInTime, isFollowUpRequired, followUpDate, status, mcID, startDate, endDate) VALUES ('MC0004', 'PT0002', 'ST0001', 'STF0002', 'BI0008', 'Back pain', 'Cold', '2025-01-16', '2025-01-16 12:00:00', False, NULL, 'Scheduled', 'MC-0004', '2025-01-16', '2025-01-17');
INSERT INTO Consultation (consultationID, patientID, doctorID, staffID, billID, symptoms, diagnosis, consultationDate, checkInTime, isFollowUpRequired, followUpDate, status, mcID, startDate, endDate) VALUES ('MC0005', 'PT0012', 'ST0007', 'STF0010', 'BI0004', 'Headache', 'Flu', '2024-10-05', '2024-10-05 08:00:00', True, '2024-11-01', 'Completed', 'MC-0004', '2024-10-05', '2024-10-06');
INSERT INTO Consultation (consultationID, patientID, doctorID, staffID, billID, symptoms, diagnosis, consultationDate, checkInTime, isFollowUpRequired, followUpDate, status, mcID, startDate, endDate) VALUES ('MC0006', 'PT0018', 'ST0004', 'STF0003', 'BI0008', 'Nausea', 'Hypertension', '2025-06-24', '2025-06-24 09:00:00', True, '2025-07-21', 'Completed', 'MC-0005', '2025-06-24', '2025-06-29');
INSERT INTO Consultation (consultationID, patientID, doctorID, staffID, billID, symptoms, diagnosis, consultationDate, checkInTime, isFollowUpRequired, followUpDate, status, mcID, startDate, endDate) VALUES ('MC0007', 'PT0005', 'ST0007', 'STF0010', 'BI0008', 'Back pain', 'Hypertension', '2024-09-21', '2024-09-21 12:00:00', False, NULL, 'Scheduled', 'MC-0005', '2024-09-21', '2024-09-23');
INSERT INTO Consultation (consultationID, patientID, doctorID, staffID, billID, symptoms, diagnosis, consultationDate, checkInTime, isFollowUpRequired, followUpDate, status, mcID, startDate, endDate) VALUES ('MC0008', 'PT0006', 'ST0001', 'STF0003', 'BI0006', 'Cough', 'Healthy', '2025-04-12', '2025-04-12 15:00:00', False, NULL, 'Completed', 'MC-0007', '2025-04-12', '2025-04-14');
INSERT INTO Consultation (consultationID, patientID, doctorID, staffID, billID, symptoms, diagnosis, consultationDate, checkInTime, isFollowUpRequired, followUpDate, status, mcID, startDate, endDate) VALUES ('MC0009', 'PT0007', 'ST0007', 'STF0001', 'BI0002', 'Headache', 'Healthy', '2025-02-18', '2025-02-18 15:00:00', False, NULL, 'Scheduled', 'MC-0004', '2025-02-18', '2025-02-19');
INSERT INTO Consultation (consultationID, patientID, doctorID, staffID, billID, symptoms, diagnosis, consultationDate, checkInTime, isFollowUpRequired, followUpDate, status, mcID, startDate, endDate) VALUES ('MC0010', 'PT0009', 'ST0008', 'STF0001', 'BI0005', 'Headache', 'Diabetes', '2025-03-21', '2025-03-21 08:00:00', True, '2025-03-31', 'Completed', 'MC-0005', '2025-03-21', '2025-03-23');
INSERT INTO Consultation (consultationID, patientID, doctorID, staffID, billID, symptoms, diagnosis, consultationDate, checkInTime, isFollowUpRequired, followUpDate, status, mcID, startDate, endDate) VALUES ('MC0011', 'PT0006', 'ST0001', 'STF0007', 'BI0002', 'Back pain', 'Flu', '2025-05-30', '2025-05-30 13:00:00', True, '2025-06-27', 'Scheduled', 'MC-0008', '2025-05-30', '2025-05-31');
INSERT INTO Consultation (consultationID, patientID, doctorID, staffID, billID, symptoms, diagnosis, consultationDate, checkInTime, isFollowUpRequired, followUpDate, status, mcID, startDate, endDate) VALUES ('MC0012', 'PT0009', 'ST0007', 'STF0002', 'BI0006', 'Cough', 'Healthy', '2024-08-17', '2024-08-17 11:00:00', True, '2024-08-23', 'Cancelled', 'MC-0001', '2024-08-17', '2024-08-22');
INSERT INTO Consultation (consultationID, patientID, doctorID, staffID, billID, symptoms, diagnosis, consultationDate, checkInTime, isFollowUpRequired, followUpDate, status, mcID, startDate, endDate) VALUES ('MC0013', 'PT0009', 'ST0007', 'STF0002', 'BI0007', 'Headache', 'Healthy', '2024-11-29', '2024-11-29 11:00:00', True, '2024-12-04', 'Cancelled', 'MC-0010', '2024-11-29', '2024-12-02');
INSERT INTO Consultation (consultationID, patientID, doctorID, staffID, billID, symptoms, diagnosis, consultationDate, checkInTime, isFollowUpRequired, followUpDate, status, mcID, startDate, endDate) VALUES ('MC0014', 'PT0006', 'ST0002', 'STF0008', 'BI0003', 'Cough', 'Cold', '2024-09-27', '2024-09-27 13:00:00', False, NULL, 'Cancelled', 'MC-0002', '2024-09-27', '2024-10-01');
INSERT INTO Consultation (consultationID, patientID, doctorID, staffID, billID, symptoms, diagnosis, consultationDate, checkInTime, isFollowUpRequired, followUpDate, status, mcID, startDate, endDate) VALUES ('MC0015', 'PT0013', 'ST0005', 'STF0005', 'BI0006', 'Cough', 'Diabetes', '2024-11-22', '2024-11-22 12:00:00', True, '2024-12-03', 'Completed', 'MC-0001', '2024-11-22', '2024-11-25');
INSERT INTO Consultation (consultationID, patientID, doctorID, staffID, billID, symptoms, diagnosis, consultationDate, checkInTime, isFollowUpRequired, followUpDate, status, mcID, startDate, endDate) VALUES ('MC0016', 'PT0016', 'ST0007', 'STF0008', 'BI0002', 'Nausea', 'Diabetes', '2024-11-27', '2024-11-27 14:00:00', True, '2024-12-09', 'Scheduled', 'MC-0001', '2024-11-27', '2024-11-28');
INSERT INTO Consultation (consultationID, patientID, doctorID, staffID, billID, symptoms, diagnosis, consultationDate, checkInTime, isFollowUpRequired, followUpDate, status, mcID, startDate, endDate) VALUES ('MC0017', 'PT0007', 'ST0002', 'STF0003', 'BI0010', 'Back pain', 'Flu', '2025-01-06', '2025-01-06 11:00:00', True, '2025-01-23', 'Cancelled', 'MC-0006', '2025-01-06', '2025-01-08');
INSERT INTO Consultation (consultationID, patientID, doctorID, staffID, billID, symptoms, diagnosis, consultationDate, checkInTime, isFollowUpRequired, followUpDate, status, mcID, startDate, endDate) VALUES ('MC0018', 'PT0003', 'ST0008', 'STF0004', 'BI0001', 'Fever', 'Flu', '2025-01-18', '2025-01-18 16:00:00', True, '2025-02-01', 'Cancelled', 'MC-0009', '2025-01-18', '2025-01-22');
INSERT INTO Consultation (consultationID, patientID, doctorID, staffID, billID, symptoms, diagnosis, consultationDate, checkInTime, isFollowUpRequired, followUpDate, status, mcID, startDate, endDate) VALUES ('MC0019', 'PT0017', 'ST0001', 'STF0010', 'BI0010', 'Fever', 'Flu', '2024-08-15', '2024-08-15 14:00:00', False, NULL, 'Cancelled', 'MC-0001', '2024-08-15', '2024-08-18');
INSERT INTO Consultation (consultationID, patientID, doctorID, staffID, billID, symptoms, diagnosis, consultationDate, checkInTime, isFollowUpRequired, followUpDate, status, mcID, startDate, endDate) VALUES ('MC0020', 'PT0011', 'ST0008', 'STF0002', 'BI0003', 'Cough', 'Hypertension', '2025-06-06', '2025-06-06 14:00:00', True, '2025-07-01', 'Cancelled', 'MC-0005', '2025-06-06', '2025-06-11');
INSERT INTO Consultation (consultationID, patientID, doctorID, staffID, billID, symptoms, diagnosis, consultationDate, checkInTime, isFollowUpRequired, followUpDate, status, mcID, startDate, endDate) VALUES ('MC0021', 'PT0020', 'ST0004', 'STF0007', 'BI0002', 'Back pain', 'Flu', '2025-03-01', '2025-03-01 15:00:00', True, '2025-03-17', 'Completed', 'MC-0003', '2025-03-01', '2025-03-03');
INSERT INTO Consultation (consultationID, patientID, doctorID, staffID, billID, symptoms, diagnosis, consultationDate, checkInTime, isFollowUpRequired, followUpDate, status, mcID, startDate, endDate) VALUES ('MC0022', 'PT0011', 'ST0004', 'STF0010', 'BI0006', 'Headache', 'Hypertension', '2024-10-06', '2024-10-06 15:00:00', False, NULL, 'Cancelled', 'MC-0007', '2024-10-06', '2024-10-10');
INSERT INTO Consultation (consultationID, patientID, doctorID, staffID, billID, symptoms, diagnosis, consultationDate, checkInTime, isFollowUpRequired, followUpDate, status, mcID, startDate, endDate) VALUES ('MC0023', 'PT0016', 'ST0002', 'STF0004', 'BI0007', 'Headache', 'Cold', '2025-02-08', '2025-02-08 08:00:00', False, NULL, 'Scheduled', 'MC-0008', '2025-02-08', '2025-02-09');
INSERT INTO Consultation (consultationID, patientID, doctorID, staffID, billID, symptoms, diagnosis, consultationDate, checkInTime, isFollowUpRequired, followUpDate, status, mcID, startDate, endDate) VALUES ('MC0024', 'PT0016', 'ST0002', 'STF0001', 'BI0001', 'Back pain', 'Cold', '2025-08-06', '2025-08-06 15:00:00', True, '2025-08-15', 'Scheduled', 'MC-0002', '2025-08-06', '2025-08-09');
INSERT INTO Consultation (consultationID, patientID, doctorID, staffID, billID, symptoms, diagnosis, consultationDate, checkInTime, isFollowUpRequired, followUpDate, status, mcID, startDate, endDate) VALUES ('MC0025', 'PT0014', 'ST0008', 'STF0009', 'BI0008', 'Nausea', 'Flu', '2024-08-12', '2024-08-12 08:00:00', False, NULL, 'Scheduled', 'MC-0008', '2024-08-12', '2024-08-15');
INSERT INTO Consultation (consultationID, patientID, doctorID, staffID, billID, symptoms, diagnosis, consultationDate, checkInTime, isFollowUpRequired, followUpDate, status, mcID, startDate, endDate) VALUES ('MC0026', 'PT0017', 'ST0008', 'STF0007', 'BI0007', 'Cough', 'Diabetes', '2025-03-28', '2025-03-28 14:00:00', False, NULL, 'Cancelled', 'MC-0004', '2025-03-28', '2025-03-30');
INSERT INTO Consultation (consultationID, patientID, doctorID, staffID, billID, symptoms, diagnosis, consultationDate, checkInTime, isFollowUpRequired, followUpDate, status, mcID, startDate, endDate) VALUES ('MC0027', 'PT0014', 'ST0001', 'STF0010', 'BI0009', 'Nausea', 'Cold', '2025-05-12', '2025-05-12 09:00:00', False, NULL, 'Scheduled', 'MC-0002', '2025-05-12', '2025-05-17');
INSERT INTO Consultation (consultationID, patientID, doctorID, staffID, billID, symptoms, diagnosis, consultationDate, checkInTime, isFollowUpRequired, followUpDate, status, mcID, startDate, endDate) VALUES ('MC0028', 'PT0010', 'ST0001', 'STF0008', 'BI0007', 'Cough', 'Flu', '2025-07-08', '2025-07-08 16:00:00', False, NULL, 'Scheduled', 'MC-0005', '2025-07-08', '2025-07-11');
INSERT INTO Consultation (consultationID, patientID, doctorID, staffID, billID, symptoms, diagnosis, consultationDate, checkInTime, isFollowUpRequired, followUpDate, status, mcID, startDate, endDate) VALUES ('MC0029', 'PT0016', 'ST0008', 'STF0005', 'BI0009', 'Cough', 'Diabetes', '2025-05-15', '2025-05-15 14:00:00', False, NULL, 'Completed', 'MC-0001', '2025-05-15', '2025-05-17');
INSERT INTO Consultation (consultationID, patientID, doctorID, staffID, billID, symptoms, diagnosis, consultationDate, checkInTime, isFollowUpRequired, followUpDate, status, mcID, startDate, endDate) VALUES ('MC0030', 'PT0003', 'ST0001', 'STF0009', 'BI0007', 'Cough', 'Healthy', '2024-09-16', '2024-09-16 09:00:00', False, NULL, 'Scheduled', 'MC-0003', '2024-09-16', '2024-09-17');
INSERT INTO Consultation (consultationID, patientID, doctorID, staffID, billID, symptoms, diagnosis, consultationDate, checkInTime, isFollowUpRequired, followUpDate, status, mcID, startDate, endDate) VALUES ('MC0031', 'PT0002', 'ST0005', 'STF0004', 'BI0009', 'Back pain', 'Hypertension', '2025-03-05', '2025-03-05 14:00:00', False, NULL, 'Scheduled', 'MC-0001', '2025-03-05', '2025-03-09');
INSERT INTO Consultation (consultationID, patientID, doctorID, staffID, billID, symptoms, diagnosis, consultationDate, checkInTime, isFollowUpRequired, followUpDate, status, mcID, startDate, endDate) VALUES ('MC0032', 'PT0004', 'ST0002', 'STF0010', 'BI0003', 'Back pain', 'Hypertension', '2024-11-19', '2024-11-19 12:00:00', True, '2024-12-19', 'Cancelled', 'MC-0006', '2024-11-19', '2024-11-23');
INSERT INTO Consultation (consultationID, patientID, doctorID, staffID, billID, symptoms, diagnosis, consultationDate, checkInTime, isFollowUpRequired, followUpDate, status, mcID, startDate, endDate) VALUES ('MC0033', 'PT0005', 'ST0001', 'STF0008', 'BI0003', 'Cough', 'Healthy', '2024-12-06', '2024-12-06 13:00:00', False, NULL, 'Scheduled', 'MC-0003', '2024-12-06', '2024-12-10');
INSERT INTO Consultation (consultationID, patientID, doctorID, staffID, billID, symptoms, diagnosis, consultationDate, checkInTime, isFollowUpRequired, followUpDate, status, mcID, startDate, endDate) VALUES ('MC0034', 'PT0015', 'ST0001', 'STF0006', 'BI0007', 'Nausea', 'Cold', '2025-08-02', '2025-08-02 13:00:00', True, '2025-08-22', 'Scheduled', 'MC-0005', '2025-08-02', '2025-08-03');
INSERT INTO Consultation (consultationID, patientID, doctorID, staffID, billID, symptoms, diagnosis, consultationDate, checkInTime, isFollowUpRequired, followUpDate, status, mcID, startDate, endDate) VALUES ('MC0035', 'PT0018', 'ST0007', 'STF0001', 'BI0003', 'Fever', 'Hypertension', '2025-06-10', '2025-06-10 09:00:00', False, NULL, 'Completed', 'MC-0003', '2025-06-10', '2025-06-14');
INSERT INTO Consultation (consultationID, patientID, doctorID, staffID, billID, symptoms, diagnosis, consultationDate, checkInTime, isFollowUpRequired, followUpDate, status, mcID, startDate, endDate) VALUES ('MC0036', 'PT0001', 'ST0004', 'STF0010', 'BI0005', 'Nausea', 'Diabetes', '2025-06-26', '2025-06-26 16:00:00', False, NULL, 'Scheduled', 'MC-0004', '2025-06-26', '2025-06-27');
INSERT INTO Consultation (consultationID, patientID, doctorID, staffID, billID, symptoms, diagnosis, consultationDate, checkInTime, isFollowUpRequired, followUpDate, status, mcID, startDate, endDate) VALUES ('MC0037', 'PT0009', 'ST0005', 'STF0004', 'BI0008', 'Back pain', 'Cold', '2024-11-20', '2024-11-20 08:00:00', False, NULL, 'Scheduled', 'MC-0009', '2024-11-20', '2024-11-24');
INSERT INTO Consultation (consultationID, patientID, doctorID, staffID, billID, symptoms, diagnosis, consultationDate, checkInTime, isFollowUpRequired, followUpDate, status, mcID, startDate, endDate) VALUES ('MC0038', 'PT0012', 'ST0004', 'STF0007', 'BI0009', 'Back pain', 'Flu', '2025-01-10', '2025-01-10 14:00:00', False, NULL, 'Cancelled', 'MC-0001', '2025-01-10', '2025-01-15');
INSERT INTO Consultation (consultationID, patientID, doctorID, staffID, billID, symptoms, diagnosis, consultationDate, checkInTime, isFollowUpRequired, followUpDate, status, mcID, startDate, endDate) VALUES ('MC0039', 'PT0004', 'ST0002', 'STF0007', 'BI0001', 'Back pain', 'Cold', '2025-07-22', '2025-07-22 14:00:00', False, NULL, 'Cancelled', 'MC-0001', '2025-07-22', '2025-07-23');
INSERT INTO Consultation (consultationID, patientID, doctorID, staffID, billID, symptoms, diagnosis, consultationDate, checkInTime, isFollowUpRequired, followUpDate, status, mcID, startDate, endDate) VALUES ('MC0040', 'PT0017', 'ST0005', 'STF0007', 'BI0004', 'Nausea', 'Cold', '2024-10-01', '2024-10-01 13:00:00', True, '2024-10-24', 'Cancelled', 'MC-0007', '2024-10-01', '2024-10-03');
INSERT INTO Medicine (medicineID, medicineName, description, totalStock, reorderLevel, sellingPrice) VALUES ('ME0001', 'CostMed', 'Movement huge place number brother.', 166, 18, 10.06);
INSERT INTO Medicine (medicineID, medicineName, description, totalStock, reorderLevel, sellingPrice) VALUES ('ME0002', 'AtMed', 'North against girl hour data.', 84, 16, 79.79);
INSERT INTO Medicine (medicineID, medicineName, description, totalStock, reorderLevel, sellingPrice) VALUES ('ME0003', 'WithMed', 'Each win partner wait work.', 79, 27, 15.73);
INSERT INTO Medicine (medicineID, medicineName, description, totalStock, reorderLevel, sellingPrice) VALUES ('ME0004', 'EightMed', 'Unit politics alone simple.', 122, 19, 31.25);
INSERT INTO Medicine (medicineID, medicineName, description, totalStock, reorderLevel, sellingPrice) VALUES ('ME0005', 'WishMed', 'Call either myself work weight family true century.', 172, 13, 45.14);
INSERT INTO Medicine (medicineID, medicineName, description, totalStock, reorderLevel, sellingPrice) VALUES ('ME0006', 'OfficialMed', 'Region respond could require.', 107, 25, 22.0);
INSERT INTO Medicine (medicineID, medicineName, description, totalStock, reorderLevel, sellingPrice) VALUES ('ME0007', 'BecauseMed', 'Agree least general.', 115, 25, 49.3);
INSERT INTO Medicine (medicineID, medicineName, description, totalStock, reorderLevel, sellingPrice) VALUES ('ME0008', 'MustMed', 'Man tell shake fund view door.', 60, 12, 93.72);
INSERT INTO Medicine (medicineID, medicineName, description, totalStock, reorderLevel, sellingPrice) VALUES ('ME0009', 'CommercialMed', 'Accept civil art hair.', 186, 26, 6.14);
INSERT INTO Medicine (medicineID, medicineName, description, totalStock, reorderLevel, sellingPrice) VALUES ('ME0010', 'NameMed', 'Have itself heart building shake.', 197, 27, 35.36);
INSERT INTO Medicine (medicineID, medicineName, description, totalStock, reorderLevel, sellingPrice) VALUES ('ME0011', 'EnvironmentalMed', 'Simply lose common show able east.', 142, 21, 21.16);
INSERT INTO Medicine (medicineID, medicineName, description, totalStock, reorderLevel, sellingPrice) VALUES ('ME0012', 'WordMed', 'Race focus offer my stop bad resource.', 129, 14, 63.14);
INSERT INTO Medicine (medicineID, medicineName, description, totalStock, reorderLevel, sellingPrice) VALUES ('ME0013', 'SummerMed', 'Pattern many modern.', 190, 14, 25.14);
INSERT INTO Medicine (medicineID, medicineName, description, totalStock, reorderLevel, sellingPrice) VALUES ('ME0014', 'ProfessionalMed', 'Water result by area white.', 172, 21, 18.2);
INSERT INTO Medicine (medicineID, medicineName, description, totalStock, reorderLevel, sellingPrice) VALUES ('ME0015', 'CrimeMed', 'Important though ball myself much.', 89, 21, 80.64);
INSERT INTO Prescription (prescriptionID, consultationID, medicineID, description, dosage, instruction, servingPerDay, price, dosageUnit) VALUES ('PR0001', 'MC0018', 'ME0007', 'Myself play make television scientist song.', 1, 4, 3, 37.77, 'ml');
INSERT INTO Prescription (prescriptionID, consultationID, medicineID, description, dosage, instruction, servingPerDay, price, dosageUnit) VALUES ('PR0002', 'MC0019', 'ME0001', 'Great head hear outside guess outside likely wonder.', 1, 3, 4, 39.6, 'tablet');
INSERT INTO Prescription (prescriptionID, consultationID, medicineID, description, dosage, instruction, servingPerDay, price, dosageUnit) VALUES ('PR0003', 'MC0035', 'ME0004', 'Feeling citizen arm education matter represent interesting.', 3, 1, 3, 6.47, 'mg');
INSERT INTO Prescription (prescriptionID, consultationID, medicineID, description, dosage, instruction, servingPerDay, price, dosageUnit) VALUES ('PR0004', 'MC0010', 'ME0008', 'Possible try site player product night.', 1, 4, 1, 38.08, 'ml');
INSERT INTO Prescription (prescriptionID, consultationID, medicineID, description, dosage, instruction, servingPerDay, price, dosageUnit) VALUES ('PR0005', 'MC0011', 'ME0002', 'Important threat southern teacher production happen move.', 2, 5, 3, 31.11, 'tablet');
INSERT INTO Prescription (prescriptionID, consultationID, medicineID, description, dosage, instruction, servingPerDay, price, dosageUnit) VALUES ('PR0006', 'MC0031', 'ME0015', 'News why many indicate agreement conference enter.', 1, 2, 2, 21.53, 'tablet');
INSERT INTO Prescription (prescriptionID, consultationID, medicineID, description, dosage, instruction, servingPerDay, price, dosageUnit) VALUES ('PR0007', 'MC0007', 'ME0001', 'Would beyond fly day evening.', 2, 1, 1, 39.37, 'tablet');
INSERT INTO Prescription (prescriptionID, consultationID, medicineID, description, dosage, instruction, servingPerDay, price, dosageUnit) VALUES ('PR0008', 'MC0015', 'ME0015', 'Maintain all school anything part matter step.', 3, 1, 3, 39.07, 'mg');
INSERT INTO Prescription (prescriptionID, consultationID, medicineID, description, dosage, instruction, servingPerDay, price, dosageUnit) VALUES ('PR0009', 'MC0014', 'ME0004', 'People per tell get.', 3, 4, 3, 36.85, 'capsule');
INSERT INTO Prescription (prescriptionID, consultationID, medicineID, description, dosage, instruction, servingPerDay, price, dosageUnit) VALUES ('PR0010', 'MC0001', 'ME0008', 'Wall on rich away sometimes activity house.', 3, 5, 4, 38.61, 'capsule');
INSERT INTO Prescription (prescriptionID, consultationID, medicineID, description, dosage, instruction, servingPerDay, price, dosageUnit) VALUES ('PR0011', 'MC0007', 'ME0008', 'Book significant learn direction kid common stop.', 2, 4, 4, 33.22, 'capsule');
INSERT INTO Prescription (prescriptionID, consultationID, medicineID, description, dosage, instruction, servingPerDay, price, dosageUnit) VALUES ('PR0012', 'MC0027', 'ME0006', 'Fish hand common water maintain.', 1, 1, 2, 25.04, 'tablet');
INSERT INTO Prescription (prescriptionID, consultationID, medicineID, description, dosage, instruction, servingPerDay, price, dosageUnit) VALUES ('PR0013', 'MC0016', 'ME0006', 'Say girl particular ahead defense everything third.', 1, 5, 3, 18.31, 'ml');
INSERT INTO Prescription (prescriptionID, consultationID, medicineID, description, dosage, instruction, servingPerDay, price, dosageUnit) VALUES ('PR0014', 'MC0036', 'ME0015', 'House crime for father.', 3, 1, 2, 15.33, 'mg');
INSERT INTO Prescription (prescriptionID, consultationID, medicineID, description, dosage, instruction, servingPerDay, price, dosageUnit) VALUES ('PR0015', 'MC0026', 'ME0013', 'Book difference couple sort data new north.', 2, 2, 3, 7.02, 'mg');
INSERT INTO Prescription (prescriptionID, consultationID, medicineID, description, dosage, instruction, servingPerDay, price, dosageUnit) VALUES ('PR0016', 'MC0016', 'ME0008', 'Win hair hot around.', 1, 1, 1, 35.48, 'capsule');
INSERT INTO Prescription (prescriptionID, consultationID, medicineID, description, dosage, instruction, servingPerDay, price, dosageUnit) VALUES ('PR0017', 'MC0017', 'ME0015', 'Realize one color news.', 2, 3, 3, 5.61, 'mg');
INSERT INTO Prescription (prescriptionID, consultationID, medicineID, description, dosage, instruction, servingPerDay, price, dosageUnit) VALUES ('PR0018', 'MC0025', 'ME0011', 'Indeed despite require chance.', 3, 3, 2, 33.48, 'mg');
INSERT INTO Prescription (prescriptionID, consultationID, medicineID, description, dosage, instruction, servingPerDay, price, dosageUnit) VALUES ('PR0019', 'MC0023', 'ME0009', 'Owner just current morning.', 3, 1, 2, 33.17, 'ml');
INSERT INTO Prescription (prescriptionID, consultationID, medicineID, description, dosage, instruction, servingPerDay, price, dosageUnit) VALUES ('PR0020', 'MC0009', 'ME0012', 'Environmental approach his food.', 2, 3, 2, 44.68, 'tablet');
INSERT INTO Prescription (prescriptionID, consultationID, medicineID, description, dosage, instruction, servingPerDay, price, dosageUnit) VALUES ('PR0021', 'MC0032', 'ME0007', 'Raise race join talk buy several.', 3, 1, 1, 25.25, 'mg');
INSERT INTO Prescription (prescriptionID, consultationID, medicineID, description, dosage, instruction, servingPerDay, price, dosageUnit) VALUES ('PR0022', 'MC0020', 'ME0011', 'Side account phone watch spend positive.', 2, 5, 3, 8.63, 'capsule');
INSERT INTO Prescription (prescriptionID, consultationID, medicineID, description, dosage, instruction, servingPerDay, price, dosageUnit) VALUES ('PR0023', 'MC0004', 'ME0001', 'Follow system daughter blood.', 3, 3, 4, 42.2, 'ml');
INSERT INTO Prescription (prescriptionID, consultationID, medicineID, description, dosage, instruction, servingPerDay, price, dosageUnit) VALUES ('PR0024', 'MC0013', 'ME0008', 'Major return father.', 3, 3, 3, 16.15, 'ml');
INSERT INTO Prescription (prescriptionID, consultationID, medicineID, description, dosage, instruction, servingPerDay, price, dosageUnit) VALUES ('PR0025', 'MC0022', 'ME0005', 'Stage success surface watch plant hard decision federal.', 2, 1, 1, 11.35, 'ml');
INSERT INTO Prescription (prescriptionID, consultationID, medicineID, description, dosage, instruction, servingPerDay, price, dosageUnit) VALUES ('PR0026', 'MC0021', 'ME0011', 'After various wind manage hear whether.', 3, 3, 1, 45.41, 'capsule');
INSERT INTO Prescription (prescriptionID, consultationID, medicineID, description, dosage, instruction, servingPerDay, price, dosageUnit) VALUES ('PR0027', 'MC0002', 'ME0006', 'Office concern force take development pick.', 1, 2, 3, 31.12, 'mg');
INSERT INTO Prescription (prescriptionID, consultationID, medicineID, description, dosage, instruction, servingPerDay, price, dosageUnit) VALUES ('PR0028', 'MC0024', 'ME0009', 'Above explain kitchen tax.', 3, 4, 3, 39.85, 'capsule');
INSERT INTO Prescription (prescriptionID, consultationID, medicineID, description, dosage, instruction, servingPerDay, price, dosageUnit) VALUES ('PR0029', 'MC0021', 'ME0001', 'Tough last measure soon air can create.', 1, 4, 3, 27.73, 'mg');
INSERT INTO Prescription (prescriptionID, consultationID, medicineID, description, dosage, instruction, servingPerDay, price, dosageUnit) VALUES ('PR0030', 'MC0034', 'ME0013', 'Model hear approach bag feeling book game.', 2, 4, 3, 49.28, 'ml');
INSERT INTO Prescription (prescriptionID, consultationID, medicineID, description, dosage, instruction, servingPerDay, price, dosageUnit) VALUES ('PR0031', 'MC0032', 'ME0004', 'Partner woman easy instead prepare wait use.', 2, 3, 4, 25.13, 'ml');
INSERT INTO Prescription (prescriptionID, consultationID, medicineID, description, dosage, instruction, servingPerDay, price, dosageUnit) VALUES ('PR0032', 'MC0010', 'ME0007', 'Team brother draw hit range soon sister.', 3, 2, 3, 27.74, 'tablet');
INSERT INTO Prescription (prescriptionID, consultationID, medicineID, description, dosage, instruction, servingPerDay, price, dosageUnit) VALUES ('PR0033', 'MC0012', 'ME0015', 'Listen school marriage history reality rock.', 1, 3, 2, 40.54, 'ml');
INSERT INTO Prescription (prescriptionID, consultationID, medicineID, description, dosage, instruction, servingPerDay, price, dosageUnit) VALUES ('PR0034', 'MC0002', 'ME0013', 'North shoulder usually letter statement foreign decade child.', 2, 5, 3, 41.83, 'capsule');
INSERT INTO Prescription (prescriptionID, consultationID, medicineID, description, dosage, instruction, servingPerDay, price, dosageUnit) VALUES ('PR0035', 'MC0022', 'ME0006', 'Student benefit response stay carry.', 3, 4, 4, 44.28, 'capsule');
INSERT INTO Prescription (prescriptionID, consultationID, medicineID, description, dosage, instruction, servingPerDay, price, dosageUnit) VALUES ('PR0036', 'MC0002', 'ME0012', 'Wife test able gun instead style its.', 3, 2, 2, 32.82, 'mg');
INSERT INTO Prescription (prescriptionID, consultationID, medicineID, description, dosage, instruction, servingPerDay, price, dosageUnit) VALUES ('PR0037', 'MC0027', 'ME0015', 'Morning or peace edge help.', 2, 3, 4, 15.21, 'tablet');
INSERT INTO Prescription (prescriptionID, consultationID, medicineID, description, dosage, instruction, servingPerDay, price, dosageUnit) VALUES ('PR0038', 'MC0013', 'ME0009', 'Do claim up write high heart foot.', 2, 2, 3, 37.66, 'tablet');
INSERT INTO Prescription (prescriptionID, consultationID, medicineID, description, dosage, instruction, servingPerDay, price, dosageUnit) VALUES ('PR0039', 'MC0025', 'ME0007', 'Mouth wait look local arrive.', 1, 2, 2, 13.07, 'capsule');
INSERT INTO Prescription (prescriptionID, consultationID, medicineID, description, dosage, instruction, servingPerDay, price, dosageUnit) VALUES ('PR0040', 'MC0019', 'ME0009', 'Water he story deep civil.', 3, 3, 2, 16.88, 'mg');
INSERT INTO Prescription (prescriptionID, consultationID, medicineID, description, dosage, instruction, servingPerDay, price, dosageUnit) VALUES ('PR0041', 'MC0026', 'ME0001', 'Science stock maybe also goal enter until.', 1, 5, 2, 9.01, 'capsule');
INSERT INTO Prescription (prescriptionID, consultationID, medicineID, description, dosage, instruction, servingPerDay, price, dosageUnit) VALUES ('PR0042', 'MC0008', 'ME0003', 'Owner but past part fire store.', 3, 2, 2, 23.62, 'mg');
INSERT INTO Prescription (prescriptionID, consultationID, medicineID, description, dosage, instruction, servingPerDay, price, dosageUnit) VALUES ('PR0043', 'MC0021', 'ME0003', 'Firm material think authority.', 3, 4, 3, 9.5, 'ml');
INSERT INTO Prescription (prescriptionID, consultationID, medicineID, description, dosage, instruction, servingPerDay, price, dosageUnit) VALUES ('PR0044', 'MC0037', 'ME0015', 'Sort might report similar trial positive large.', 2, 4, 3, 47.09, 'capsule');
INSERT INTO Prescription (prescriptionID, consultationID, medicineID, description, dosage, instruction, servingPerDay, price, dosageUnit) VALUES ('PR0045', 'MC0029', 'ME0001', 'Attention weight open democratic those control.', 3, 4, 4, 38.05, 'tablet');
INSERT INTO Prescription (prescriptionID, consultationID, medicineID, description, dosage, instruction, servingPerDay, price, dosageUnit) VALUES ('PR0046', 'MC0033', 'ME0007', 'Get indicate former international.', 3, 3, 2, 19.56, 'mg');
INSERT INTO Prescription (prescriptionID, consultationID, medicineID, description, dosage, instruction, servingPerDay, price, dosageUnit) VALUES ('PR0047', 'MC0022', 'ME0008', 'Difference company quite next side.', 3, 3, 1, 25.77, 'mg');
INSERT INTO Prescription (prescriptionID, consultationID, medicineID, description, dosage, instruction, servingPerDay, price, dosageUnit) VALUES ('PR0048', 'MC0013', 'ME0007', 'Involve sort ball around make.', 1, 4, 1, 24.16, 'capsule');
INSERT INTO Prescription (prescriptionID, consultationID, medicineID, description, dosage, instruction, servingPerDay, price, dosageUnit) VALUES ('PR0049', 'MC0031', 'ME0007', 'Today walk two sense including step rich.', 1, 1, 3, 35.87, 'tablet');
INSERT INTO Prescription (prescriptionID, consultationID, medicineID, description, dosage, instruction, servingPerDay, price, dosageUnit) VALUES ('PR0050', 'MC0006', 'ME0014', 'Give worry black during.', 1, 3, 3, 43.57, 'capsule');
INSERT INTO Prescription (prescriptionID, consultationID, medicineID, description, dosage, instruction, servingPerDay, price, dosageUnit) VALUES ('PR0051', 'MC0029', 'ME0015', 'Early Mrs do natural traditional business sport guy.', 2, 2, 3, 31.06, 'capsule');
INSERT INTO Prescription (prescriptionID, consultationID, medicineID, description, dosage, instruction, servingPerDay, price, dosageUnit) VALUES ('PR0052', 'MC0032', 'ME0009', 'Exactly either special.', 2, 4, 1, 5.05, 'tablet');
INSERT INTO Prescription (prescriptionID, consultationID, medicineID, description, dosage, instruction, servingPerDay, price, dosageUnit) VALUES ('PR0053', 'MC0038', 'ME0013', 'Song hundred analysis situation.', 3, 5, 3, 5.93, 'capsule');
INSERT INTO Prescription (prescriptionID, consultationID, medicineID, description, dosage, instruction, servingPerDay, price, dosageUnit) VALUES ('PR0054', 'MC0021', 'ME0003', 'Finally interesting seek.', 3, 4, 4, 49.72, 'tablet');
INSERT INTO Prescription (prescriptionID, consultationID, medicineID, description, dosage, instruction, servingPerDay, price, dosageUnit) VALUES ('PR0055', 'MC0013', 'ME0012', 'Central direction stage know.', 3, 2, 4, 46.53, 'mg');
INSERT INTO Prescription (prescriptionID, consultationID, medicineID, description, dosage, instruction, servingPerDay, price, dosageUnit) VALUES ('PR0056', 'MC0028', 'ME0005', 'Give opportunity up your stop present large.', 3, 3, 1, 10.15, 'mg');
INSERT INTO Prescription (prescriptionID, consultationID, medicineID, description, dosage, instruction, servingPerDay, price, dosageUnit) VALUES ('PR0057', 'MC0001', 'ME0004', 'Similar present report worker.', 1, 3, 2, 11.14, 'tablet');
INSERT INTO Prescription (prescriptionID, consultationID, medicineID, description, dosage, instruction, servingPerDay, price, dosageUnit) VALUES ('PR0058', 'MC0040', 'ME0003', 'Pass send us play over machine under large.', 2, 4, 2, 46.0, 'ml');
INSERT INTO Prescription (prescriptionID, consultationID, medicineID, description, dosage, instruction, servingPerDay, price, dosageUnit) VALUES ('PR0059', 'MC0030', 'ME0001', 'Among figure skill water everyone idea.', 3, 4, 2, 13.25, 'tablet');
INSERT INTO Prescription (prescriptionID, consultationID, medicineID, description, dosage, instruction, servingPerDay, price, dosageUnit) VALUES ('PR0060', 'MC0025', 'ME0011', 'Say organization choice wait kitchen.', 2, 5, 2, 25.3, 'capsule');
INSERT INTO Bill (billID, totalAmount, paymentMethod) VALUES ('BI0001', 60.59, 'Insurance');
INSERT INTO Bill (billID, totalAmount, paymentMethod) VALUES ('BI0002', 134.32, 'Cash');
INSERT INTO Bill (billID, totalAmount, paymentMethod) VALUES ('BI0003', 162.96, 'Debit Card');
INSERT INTO Bill (billID, totalAmount, paymentMethod) VALUES ('BI0004', 137.04, 'Insurance');
INSERT INTO Bill (billID, totalAmount, paymentMethod) VALUES ('BI0005', 21.04, 'Cash');
INSERT INTO Bill (billID, totalAmount, paymentMethod) VALUES ('BI0006', 172.75, 'Insurance');
INSERT INTO Bill (billID, totalAmount, paymentMethod) VALUES ('BI0007', 159.13, 'Cash');
INSERT INTO Bill (billID, totalAmount, paymentMethod) VALUES ('BI0008', 54.52, 'Debit Card');
INSERT INTO Bill (billID, totalAmount, paymentMethod) VALUES ('BI0009', 82.99, 'Credit Card');
INSERT INTO Bill (billID, totalAmount, paymentMethod) VALUES ('BI0010', 98.86, 'Debit Card');
INSERT INTO Bill (billID, totalAmount, paymentMethod) VALUES ('BI0011', 190.79, 'Credit Card');
INSERT INTO Bill (billID, totalAmount, paymentMethod) VALUES ('BI0012', 81.33, 'Debit Card');
INSERT INTO Bill (billID, totalAmount, paymentMethod) VALUES ('BI0013', 68.54, 'Credit Card');
INSERT INTO Bill (billID, totalAmount, paymentMethod) VALUES ('BI0014', 51.13, 'Debit Card');
INSERT INTO Bill (billID, totalAmount, paymentMethod) VALUES ('BI0015', 179.83, 'Credit Card');
INSERT INTO Bill (billID, totalAmount, paymentMethod) VALUES ('BI0016', 65.26, 'Credit Card');
INSERT INTO Bill (billID, totalAmount, paymentMethod) VALUES ('BI0017', 58.06, 'Debit Card');
INSERT INTO Bill (billID, totalAmount, paymentMethod) VALUES ('BI0018', 192.62, 'Credit Card');
INSERT INTO Bill (billID, totalAmount, paymentMethod) VALUES ('BI0019', 43.54, 'Cash');
INSERT INTO Bill (billID, totalAmount, paymentMethod) VALUES ('BI0020', 188.1, 'Insurance');
INSERT INTO Bill (billID, totalAmount, paymentMethod) VALUES ('BI0021', 47.05, 'Credit Card');
INSERT INTO Bill (billID, totalAmount, paymentMethod) VALUES ('BI0022', 115.9, 'Cash');
INSERT INTO Bill (billID, totalAmount, paymentMethod) VALUES ('BI0023', 153.9, 'Cash');
INSERT INTO Bill (billID, totalAmount, paymentMethod) VALUES ('BI0024', 32.39, 'Cash');
INSERT INTO Bill (billID, totalAmount, paymentMethod) VALUES ('BI0025', 115.71, 'Cash');
INSERT INTO Bill (billID, totalAmount, paymentMethod) VALUES ('BI0026', 56.17, 'Cash');
INSERT INTO Bill (billID, totalAmount, paymentMethod) VALUES ('BI0027', 113.32, 'Debit Card');
INSERT INTO Bill (billID, totalAmount, paymentMethod) VALUES ('BI0028', 106.29, 'Debit Card');
INSERT INTO Bill (billID, totalAmount, paymentMethod) VALUES ('BI0029', 59.52, 'Insurance');
INSERT INTO Bill (billID, totalAmount, paymentMethod) VALUES ('BI0030', 28.68, 'Insurance');
INSERT INTO Bill (billID, totalAmount, paymentMethod) VALUES ('BI0031', 129.22, 'Cash');
INSERT INTO Bill (billID, totalAmount, paymentMethod) VALUES ('BI0032', 80.69, 'Cash');
INSERT INTO Bill (billID, totalAmount, paymentMethod) VALUES ('BI0033', 80.89, 'Credit Card');
INSERT INTO Bill (billID, totalAmount, paymentMethod) VALUES ('BI0034', 132.55, 'Debit Card');
INSERT INTO Bill (billID, totalAmount, paymentMethod) VALUES ('BI0035', 145.12, 'Credit Card');
INSERT INTO Bill (billID, totalAmount, paymentMethod) VALUES ('BI0036', 152.09, 'Insurance');
INSERT INTO Bill (billID, totalAmount, paymentMethod) VALUES ('BI0037', 162.29, 'Cash');
INSERT INTO Bill (billID, totalAmount, paymentMethod) VALUES ('BI0038', 129.77, 'Debit Card');
INSERT INTO Bill (billID, totalAmount, paymentMethod) VALUES ('BI0039', 77.47, 'Credit Card');
INSERT INTO Bill (billID, totalAmount, paymentMethod) VALUES ('BI0040', 77.55, 'Debit Card');
INSERT INTO Schedule (scheduleID, doctorID, date, startTime, endTime, shift) VALUES ('SC0001', 'ST0001', '2025-07-01', '2025-07-01 08:00:00', '2025-07-01 14:00:00', 'Morning');
INSERT INTO Schedule (scheduleID, doctorID, date, startTime, endTime, shift) VALUES ('SC0002', 'ST0001', '2025-07-01', '2025-07-01 14:00:00', '2025-07-01 20:00:00', 'Evening');
INSERT INTO Schedule (scheduleID, doctorID, date, startTime, endTime, shift) VALUES ('SC0003', 'ST0002', '2025-07-01', '2025-07-01 08:00:00', '2025-07-01 14:00:00', 'Morning');
INSERT INTO Schedule (scheduleID, doctorID, date, startTime, endTime, shift) VALUES ('SC0004', 'ST0002', '2025-07-01', '2025-07-01 14:00:00', '2025-07-01 20:00:00', 'Evening');
INSERT INTO Schedule (scheduleID, doctorID, date, startTime, endTime, shift) VALUES ('SC0005', 'ST0004', '2025-07-01', '2025-07-01 08:00:00', '2025-07-01 14:00:00', 'Morning');
INSERT INTO Schedule (scheduleID, doctorID, date, startTime, endTime, shift) VALUES ('SC0006', 'ST0004', '2025-07-01', '2025-07-01 14:00:00', '2025-07-01 20:00:00', 'Evening');
INSERT INTO Schedule (scheduleID, doctorID, date, startTime, endTime, shift) VALUES ('SC0007', 'ST0005', '2025-07-01', '2025-07-01 08:00:00', '2025-07-01 14:00:00', 'Morning');
INSERT INTO Schedule (scheduleID, doctorID, date, startTime, endTime, shift) VALUES ('SC0008', 'ST0005', '2025-07-01', '2025-07-01 14:00:00', '2025-07-01 20:00:00', 'Evening');
INSERT INTO Schedule (scheduleID, doctorID, date, startTime, endTime, shift) VALUES ('SC0009', 'ST0007', '2025-07-01', '2025-07-01 08:00:00', '2025-07-01 14:00:00', 'Morning');
INSERT INTO Schedule (scheduleID, doctorID, date, startTime, endTime, shift) VALUES ('SC0010', 'ST0007', '2025-07-01', '2025-07-01 14:00:00', '2025-07-01 20:00:00', 'Evening');
INSERT INTO Schedule (scheduleID, doctorID, date, startTime, endTime, shift) VALUES ('SC0011', 'ST0008', '2025-07-01', '2025-07-01 08:00:00', '2025-07-01 14:00:00', 'Morning');
INSERT INTO Schedule (scheduleID, doctorID, date, startTime, endTime, shift) VALUES ('SC0012', 'ST0008', '2025-07-01', '2025-07-01 14:00:00', '2025-07-01 20:00:00', 'Evening');
INSERT INTO Schedule (scheduleID, doctorID, date, startTime, endTime, shift) VALUES ('SC0013', 'ST0001', '2025-07-02', '2025-07-02 08:00:00', '2025-07-02 14:00:00', 'Morning');
INSERT INTO Schedule (scheduleID, doctorID, date, startTime, endTime, shift) VALUES ('SC0014', 'ST0001', '2025-07-02', '2025-07-02 14:00:00', '2025-07-02 20:00:00', 'Evening');
INSERT INTO Schedule (scheduleID, doctorID, date, startTime, endTime, shift) VALUES ('SC0015', 'ST0002', '2025-07-02', '2025-07-02 08:00:00', '2025-07-02 14:00:00', 'Morning');
INSERT INTO Schedule (scheduleID, doctorID, date, startTime, endTime, shift) VALUES ('SC0016', 'ST0002', '2025-07-02', '2025-07-02 14:00:00', '2025-07-02 20:00:00', 'Evening');
INSERT INTO Schedule (scheduleID, doctorID, date, startTime, endTime, shift) VALUES ('SC0017', 'ST0004', '2025-07-02', '2025-07-02 08:00:00', '2025-07-02 14:00:00', 'Morning');
INSERT INTO Schedule (scheduleID, doctorID, date, startTime, endTime, shift) VALUES ('SC0018', 'ST0004', '2025-07-02', '2025-07-02 14:00:00', '2025-07-02 20:00:00', 'Evening');
INSERT INTO Schedule (scheduleID, doctorID, date, startTime, endTime, shift) VALUES ('SC0019', 'ST0005', '2025-07-02', '2025-07-02 08:00:00', '2025-07-02 14:00:00', 'Morning');
INSERT INTO Schedule (scheduleID, doctorID, date, startTime, endTime, shift) VALUES ('SC0020', 'ST0005', '2025-07-02', '2025-07-02 14:00:00', '2025-07-02 20:00:00', 'Evening');
INSERT INTO Schedule (scheduleID, doctorID, date, startTime, endTime, shift) VALUES ('SC0021', 'ST0007', '2025-07-02', '2025-07-02 08:00:00', '2025-07-02 14:00:00', 'Morning');
INSERT INTO Schedule (scheduleID, doctorID, date, startTime, endTime, shift) VALUES ('SC0022', 'ST0007', '2025-07-02', '2025-07-02 14:00:00', '2025-07-02 20:00:00', 'Evening');
INSERT INTO Schedule (scheduleID, doctorID, date, startTime, endTime, shift) VALUES ('SC0023', 'ST0008', '2025-07-02', '2025-07-02 08:00:00', '2025-07-02 14:00:00', 'Morning');
INSERT INTO Schedule (scheduleID, doctorID, date, startTime, endTime, shift) VALUES ('SC0024', 'ST0008', '2025-07-02', '2025-07-02 14:00:00', '2025-07-02 20:00:00', 'Evening');
INSERT INTO Schedule (scheduleID, doctorID, date, startTime, endTime, shift) VALUES ('SC0025', 'ST0001', '2025-07-03', '2025-07-03 08:00:00', '2025-07-03 14:00:00', 'Morning');
INSERT INTO Schedule (scheduleID, doctorID, date, startTime, endTime, shift) VALUES ('SC0026', 'ST0001', '2025-07-03', '2025-07-03 14:00:00', '2025-07-03 20:00:00', 'Evening');
INSERT INTO Schedule (scheduleID, doctorID, date, startTime, endTime, shift) VALUES ('SC0027', 'ST0002', '2025-07-03', '2025-07-03 08:00:00', '2025-07-03 14:00:00', 'Morning');
INSERT INTO Schedule (scheduleID, doctorID, date, startTime, endTime, shift) VALUES ('SC0028', 'ST0002', '2025-07-03', '2025-07-03 14:00:00', '2025-07-03 20:00:00', 'Evening');
INSERT INTO Schedule (scheduleID, doctorID, date, startTime, endTime, shift) VALUES ('SC0029', 'ST0004', '2025-07-03', '2025-07-03 08:00:00', '2025-07-03 14:00:00', 'Morning');
INSERT INTO Schedule (scheduleID, doctorID, date, startTime, endTime, shift) VALUES ('SC0030', 'ST0004', '2025-07-03', '2025-07-03 14:00:00', '2025-07-03 20:00:00', 'Evening');
INSERT INTO Schedule (scheduleID, doctorID, date, startTime, endTime, shift) VALUES ('SC0031', 'ST0005', '2025-07-03', '2025-07-03 08:00:00', '2025-07-03 14:00:00', 'Morning');
INSERT INTO Schedule (scheduleID, doctorID, date, startTime, endTime, shift) VALUES ('SC0032', 'ST0005', '2025-07-03', '2025-07-03 14:00:00', '2025-07-03 20:00:00', 'Evening');
INSERT INTO Schedule (scheduleID, doctorID, date, startTime, endTime, shift) VALUES ('SC0033', 'ST0007', '2025-07-03', '2025-07-03 08:00:00', '2025-07-03 14:00:00', 'Morning');
INSERT INTO Schedule (scheduleID, doctorID, date, startTime, endTime, shift) VALUES ('SC0034', 'ST0007', '2025-07-03', '2025-07-03 14:00:00', '2025-07-03 20:00:00', 'Evening');
INSERT INTO Schedule (scheduleID, doctorID, date, startTime, endTime, shift) VALUES ('SC0035', 'ST0008', '2025-07-03', '2025-07-03 08:00:00', '2025-07-03 14:00:00', 'Morning');
INSERT INTO Schedule (scheduleID, doctorID, date, startTime, endTime, shift) VALUES ('SC0036', 'ST0008', '2025-07-03', '2025-07-03 14:00:00', '2025-07-03 20:00:00', 'Evening');
INSERT INTO Schedule (scheduleID, doctorID, date, startTime, endTime, shift) VALUES ('SC0037', 'ST0001', '2025-07-04', '2025-07-04 08:00:00', '2025-07-04 14:00:00', 'Morning');
INSERT INTO Schedule (scheduleID, doctorID, date, startTime, endTime, shift) VALUES ('SC0038', 'ST0001', '2025-07-04', '2025-07-04 14:00:00', '2025-07-04 20:00:00', 'Evening');
INSERT INTO Schedule (scheduleID, doctorID, date, startTime, endTime, shift) VALUES ('SC0039', 'ST0002', '2025-07-04', '2025-07-04 08:00:00', '2025-07-04 14:00:00', 'Morning');
INSERT INTO Schedule (scheduleID, doctorID, date, startTime, endTime, shift) VALUES ('SC0040', 'ST0002', '2025-07-04', '2025-07-04 14:00:00', '2025-07-04 20:00:00', 'Evening');
INSERT INTO Schedule (scheduleID, doctorID, date, startTime, endTime, shift) VALUES ('SC0041', 'ST0004', '2025-07-04', '2025-07-04 08:00:00', '2025-07-04 14:00:00', 'Morning');
INSERT INTO Schedule (scheduleID, doctorID, date, startTime, endTime, shift) VALUES ('SC0042', 'ST0004', '2025-07-04', '2025-07-04 14:00:00', '2025-07-04 20:00:00', 'Evening');
INSERT INTO Schedule (scheduleID, doctorID, date, startTime, endTime, shift) VALUES ('SC0043', 'ST0005', '2025-07-04', '2025-07-04 08:00:00', '2025-07-04 14:00:00', 'Morning');
INSERT INTO Schedule (scheduleID, doctorID, date, startTime, endTime, shift) VALUES ('SC0044', 'ST0005', '2025-07-04', '2025-07-04 14:00:00', '2025-07-04 20:00:00', 'Evening');
INSERT INTO Schedule (scheduleID, doctorID, date, startTime, endTime, shift) VALUES ('SC0045', 'ST0007', '2025-07-04', '2025-07-04 08:00:00', '2025-07-04 14:00:00', 'Morning');
INSERT INTO Schedule (scheduleID, doctorID, date, startTime, endTime, shift) VALUES ('SC0046', 'ST0007', '2025-07-04', '2025-07-04 14:00:00', '2025-07-04 20:00:00', 'Evening');
INSERT INTO Schedule (scheduleID, doctorID, date, startTime, endTime, shift) VALUES ('SC0047', 'ST0008', '2025-07-04', '2025-07-04 08:00:00', '2025-07-04 14:00:00', 'Morning');
INSERT INTO Schedule (scheduleID, doctorID, date, startTime, endTime, shift) VALUES ('SC0048', 'ST0008', '2025-07-04', '2025-07-04 14:00:00', '2025-07-04 20:00:00', 'Evening');
INSERT INTO Schedule (scheduleID, doctorID, date, startTime, endTime, shift) VALUES ('SC0049', 'ST0001', '2025-07-05', '2025-07-05 08:00:00', '2025-07-05 14:00:00', 'Morning');
INSERT INTO Schedule (scheduleID, doctorID, date, startTime, endTime, shift) VALUES ('SC0050', 'ST0001', '2025-07-05', '2025-07-05 14:00:00', '2025-07-05 20:00:00', 'Evening');
INSERT INTO Schedule (scheduleID, doctorID, date, startTime, endTime, shift) VALUES ('SC0051', 'ST0002', '2025-07-05', '2025-07-05 08:00:00', '2025-07-05 14:00:00', 'Morning');
INSERT INTO Schedule (scheduleID, doctorID, date, startTime, endTime, shift) VALUES ('SC0052', 'ST0002', '2025-07-05', '2025-07-05 14:00:00', '2025-07-05 20:00:00', 'Evening');
INSERT INTO Schedule (scheduleID, doctorID, date, startTime, endTime, shift) VALUES ('SC0053', 'ST0004', '2025-07-05', '2025-07-05 08:00:00', '2025-07-05 14:00:00', 'Morning');
INSERT INTO Schedule (scheduleID, doctorID, date, startTime, endTime, shift) VALUES ('SC0054', 'ST0004', '2025-07-05', '2025-07-05 14:00:00', '2025-07-05 20:00:00', 'Evening');
INSERT INTO Schedule (scheduleID, doctorID, date, startTime, endTime, shift) VALUES ('SC0055', 'ST0005', '2025-07-05', '2025-07-05 08:00:00', '2025-07-05 14:00:00', 'Morning');
INSERT INTO Schedule (scheduleID, doctorID, date, startTime, endTime, shift) VALUES ('SC0056', 'ST0005', '2025-07-05', '2025-07-05 14:00:00', '2025-07-05 20:00:00', 'Evening');
INSERT INTO Schedule (scheduleID, doctorID, date, startTime, endTime, shift) VALUES ('SC0057', 'ST0007', '2025-07-05', '2025-07-05 08:00:00', '2025-07-05 14:00:00', 'Morning');
INSERT INTO Schedule (scheduleID, doctorID, date, startTime, endTime, shift) VALUES ('SC0058', 'ST0007', '2025-07-05', '2025-07-05 14:00:00', '2025-07-05 20:00:00', 'Evening');
INSERT INTO Schedule (scheduleID, doctorID, date, startTime, endTime, shift) VALUES ('SC0059', 'ST0008', '2025-07-05', '2025-07-05 08:00:00', '2025-07-05 14:00:00', 'Morning');
INSERT INTO Schedule (scheduleID, doctorID, date, startTime, endTime, shift) VALUES ('SC0060', 'ST0008', '2025-07-05', '2025-07-05 14:00:00', '2025-07-05 20:00:00', 'Evening');
INSERT INTO Schedule (scheduleID, doctorID, date, startTime, endTime, shift) VALUES ('SC0061', 'ST0001', '2025-07-06', '2025-07-06 08:00:00', '2025-07-06 14:00:00', 'Morning');
INSERT INTO Schedule (scheduleID, doctorID, date, startTime, endTime, shift) VALUES ('SC0062', 'ST0001', '2025-07-06', '2025-07-06 14:00:00', '2025-07-06 20:00:00', 'Evening');
INSERT INTO Schedule (scheduleID, doctorID, date, startTime, endTime, shift) VALUES ('SC0063', 'ST0002', '2025-07-06', '2025-07-06 08:00:00', '2025-07-06 14:00:00', 'Morning');
INSERT INTO Schedule (scheduleID, doctorID, date, startTime, endTime, shift) VALUES ('SC0064', 'ST0002', '2025-07-06', '2025-07-06 14:00:00', '2025-07-06 20:00:00', 'Evening');
INSERT INTO Schedule (scheduleID, doctorID, date, startTime, endTime, shift) VALUES ('SC0065', 'ST0004', '2025-07-06', '2025-07-06 08:00:00', '2025-07-06 14:00:00', 'Morning');
INSERT INTO Schedule (scheduleID, doctorID, date, startTime, endTime, shift) VALUES ('SC0066', 'ST0004', '2025-07-06', '2025-07-06 14:00:00', '2025-07-06 20:00:00', 'Evening');
INSERT INTO Schedule (scheduleID, doctorID, date, startTime, endTime, shift) VALUES ('SC0067', 'ST0005', '2025-07-06', '2025-07-06 08:00:00', '2025-07-06 14:00:00', 'Morning');
INSERT INTO Schedule (scheduleID, doctorID, date, startTime, endTime, shift) VALUES ('SC0068', 'ST0005', '2025-07-06', '2025-07-06 14:00:00', '2025-07-06 20:00:00', 'Evening');
INSERT INTO Schedule (scheduleID, doctorID, date, startTime, endTime, shift) VALUES ('SC0069', 'ST0007', '2025-07-06', '2025-07-06 08:00:00', '2025-07-06 14:00:00', 'Morning');
INSERT INTO Schedule (scheduleID, doctorID, date, startTime, endTime, shift) VALUES ('SC0070', 'ST0007', '2025-07-06', '2025-07-06 14:00:00', '2025-07-06 20:00:00', 'Evening');
INSERT INTO Schedule (scheduleID, doctorID, date, startTime, endTime, shift) VALUES ('SC0071', 'ST0008', '2025-07-06', '2025-07-06 08:00:00', '2025-07-06 14:00:00', 'Morning');
INSERT INTO Schedule (scheduleID, doctorID, date, startTime, endTime, shift) VALUES ('SC0072', 'ST0008', '2025-07-06', '2025-07-06 14:00:00', '2025-07-06 20:00:00', 'Evening');
INSERT INTO Schedule (scheduleID, doctorID, date, startTime, endTime, shift) VALUES ('SC0073', 'ST0001', '2025-07-07', '2025-07-07 08:00:00', '2025-07-07 14:00:00', 'Morning');
INSERT INTO Schedule (scheduleID, doctorID, date, startTime, endTime, shift) VALUES ('SC0074', 'ST0001', '2025-07-07', '2025-07-07 14:00:00', '2025-07-07 20:00:00', 'Evening');
INSERT INTO Schedule (scheduleID, doctorID, date, startTime, endTime, shift) VALUES ('SC0075', 'ST0002', '2025-07-07', '2025-07-07 08:00:00', '2025-07-07 14:00:00', 'Morning');
INSERT INTO Schedule (scheduleID, doctorID, date, startTime, endTime, shift) VALUES ('SC0076', 'ST0002', '2025-07-07', '2025-07-07 14:00:00', '2025-07-07 20:00:00', 'Evening');
INSERT INTO Schedule (scheduleID, doctorID, date, startTime, endTime, shift) VALUES ('SC0077', 'ST0004', '2025-07-07', '2025-07-07 08:00:00', '2025-07-07 14:00:00', 'Morning');
INSERT INTO Schedule (scheduleID, doctorID, date, startTime, endTime, shift) VALUES ('SC0078', 'ST0004', '2025-07-07', '2025-07-07 14:00:00', '2025-07-07 20:00:00', 'Evening');
INSERT INTO Schedule (scheduleID, doctorID, date, startTime, endTime, shift) VALUES ('SC0079', 'ST0005', '2025-07-07', '2025-07-07 08:00:00', '2025-07-07 14:00:00', 'Morning');
INSERT INTO Schedule (scheduleID, doctorID, date, startTime, endTime, shift) VALUES ('SC0080', 'ST0005', '2025-07-07', '2025-07-07 14:00:00', '2025-07-07 20:00:00', 'Evening');
INSERT INTO Schedule (scheduleID, doctorID, date, startTime, endTime, shift) VALUES ('SC0081', 'ST0007', '2025-07-07', '2025-07-07 08:00:00', '2025-07-07 14:00:00', 'Morning');
INSERT INTO Schedule (scheduleID, doctorID, date, startTime, endTime, shift) VALUES ('SC0082', 'ST0007', '2025-07-07', '2025-07-07 14:00:00', '2025-07-07 20:00:00', 'Evening');
INSERT INTO Schedule (scheduleID, doctorID, date, startTime, endTime, shift) VALUES ('SC0083', 'ST0008', '2025-07-07', '2025-07-07 08:00:00', '2025-07-07 14:00:00', 'Morning');
INSERT INTO Schedule (scheduleID, doctorID, date, startTime, endTime, shift) VALUES ('SC0084', 'ST0008', '2025-07-07', '2025-07-07 14:00:00', '2025-07-07 20:00:00', 'Evening');
INSERT INTO Schedule (scheduleID, doctorID, date, startTime, endTime, shift) VALUES ('SC0085', 'ST0001', '2025-07-08', '2025-07-08 08:00:00', '2025-07-08 14:00:00', 'Morning');
INSERT INTO Schedule (scheduleID, doctorID, date, startTime, endTime, shift) VALUES ('SC0086', 'ST0001', '2025-07-08', '2025-07-08 14:00:00', '2025-07-08 20:00:00', 'Evening');
INSERT INTO Schedule (scheduleID, doctorID, date, startTime, endTime, shift) VALUES ('SC0087', 'ST0002', '2025-07-08', '2025-07-08 08:00:00', '2025-07-08 14:00:00', 'Morning');
INSERT INTO Schedule (scheduleID, doctorID, date, startTime, endTime, shift) VALUES ('SC0088', 'ST0002', '2025-07-08', '2025-07-08 14:00:00', '2025-07-08 20:00:00', 'Evening');
INSERT INTO Schedule (scheduleID, doctorID, date, startTime, endTime, shift) VALUES ('SC0089', 'ST0004', '2025-07-08', '2025-07-08 08:00:00', '2025-07-08 14:00:00', 'Morning');
INSERT INTO Schedule (scheduleID, doctorID, date, startTime, endTime, shift) VALUES ('SC0090', 'ST0004', '2025-07-08', '2025-07-08 14:00:00', '2025-07-08 20:00:00', 'Evening');
INSERT INTO Schedule (scheduleID, doctorID, date, startTime, endTime, shift) VALUES ('SC0091', 'ST0005', '2025-07-08', '2025-07-08 08:00:00', '2025-07-08 14:00:00', 'Morning');
INSERT INTO Schedule (scheduleID, doctorID, date, startTime, endTime, shift) VALUES ('SC0092', 'ST0005', '2025-07-08', '2025-07-08 14:00:00', '2025-07-08 20:00:00', 'Evening');
INSERT INTO Schedule (scheduleID, doctorID, date, startTime, endTime, shift) VALUES ('SC0093', 'ST0007', '2025-07-08', '2025-07-08 08:00:00', '2025-07-08 14:00:00', 'Morning');
INSERT INTO Schedule (scheduleID, doctorID, date, startTime, endTime, shift) VALUES ('SC0094', 'ST0007', '2025-07-08', '2025-07-08 14:00:00', '2025-07-08 20:00:00', 'Evening');
INSERT INTO Schedule (scheduleID, doctorID, date, startTime, endTime, shift) VALUES ('SC0095', 'ST0008', '2025-07-08', '2025-07-08 08:00:00', '2025-07-08 14:00:00', 'Morning');
INSERT INTO Schedule (scheduleID, doctorID, date, startTime, endTime, shift) VALUES ('SC0096', 'ST0008', '2025-07-08', '2025-07-08 14:00:00', '2025-07-08 20:00:00', 'Evening');
INSERT INTO Schedule (scheduleID, doctorID, date, startTime, endTime, shift) VALUES ('SC0097', 'ST0001', '2025-07-09', '2025-07-09 08:00:00', '2025-07-09 14:00:00', 'Morning');
INSERT INTO Schedule (scheduleID, doctorID, date, startTime, endTime, shift) VALUES ('SC0098', 'ST0001', '2025-07-09', '2025-07-09 14:00:00', '2025-07-09 20:00:00', 'Evening');
INSERT INTO Schedule (scheduleID, doctorID, date, startTime, endTime, shift) VALUES ('SC0099', 'ST0002', '2025-07-09', '2025-07-09 08:00:00', '2025-07-09 14:00:00', 'Morning');
INSERT INTO Schedule (scheduleID, doctorID, date, startTime, endTime, shift) VALUES ('SC0100', 'ST0002', '2025-07-09', '2025-07-09 14:00:00', '2025-07-09 20:00:00', 'Evening');
INSERT INTO Schedule (scheduleID, doctorID, date, startTime, endTime, shift) VALUES ('SC0101', 'ST0004', '2025-07-09', '2025-07-09 08:00:00', '2025-07-09 14:00:00', 'Morning');
INSERT INTO Schedule (scheduleID, doctorID, date, startTime, endTime, shift) VALUES ('SC0102', 'ST0004', '2025-07-09', '2025-07-09 14:00:00', '2025-07-09 20:00:00', 'Evening');
INSERT INTO Schedule (scheduleID, doctorID, date, startTime, endTime, shift) VALUES ('SC0103', 'ST0005', '2025-07-09', '2025-07-09 08:00:00', '2025-07-09 14:00:00', 'Morning');
INSERT INTO Schedule (scheduleID, doctorID, date, startTime, endTime, shift) VALUES ('SC0104', 'ST0005', '2025-07-09', '2025-07-09 14:00:00', '2025-07-09 20:00:00', 'Evening');
INSERT INTO Schedule (scheduleID, doctorID, date, startTime, endTime, shift) VALUES ('SC0105', 'ST0007', '2025-07-09', '2025-07-09 08:00:00', '2025-07-09 14:00:00', 'Morning');
INSERT INTO Schedule (scheduleID, doctorID, date, startTime, endTime, shift) VALUES ('SC0106', 'ST0007', '2025-07-09', '2025-07-09 14:00:00', '2025-07-09 20:00:00', 'Evening');
INSERT INTO Schedule (scheduleID, doctorID, date, startTime, endTime, shift) VALUES ('SC0107', 'ST0008', '2025-07-09', '2025-07-09 08:00:00', '2025-07-09 14:00:00', 'Morning');
INSERT INTO Schedule (scheduleID, doctorID, date, startTime, endTime, shift) VALUES ('SC0108', 'ST0008', '2025-07-09', '2025-07-09 14:00:00', '2025-07-09 20:00:00', 'Evening');
INSERT INTO Schedule (scheduleID, doctorID, date, startTime, endTime, shift) VALUES ('SC0109', 'ST0001', '2025-07-10', '2025-07-10 08:00:00', '2025-07-10 14:00:00', 'Morning');
INSERT INTO Schedule (scheduleID, doctorID, date, startTime, endTime, shift) VALUES ('SC0110', 'ST0001', '2025-07-10', '2025-07-10 14:00:00', '2025-07-10 20:00:00', 'Evening');
INSERT INTO Schedule (scheduleID, doctorID, date, startTime, endTime, shift) VALUES ('SC0111', 'ST0002', '2025-07-10', '2025-07-10 08:00:00', '2025-07-10 14:00:00', 'Morning');
INSERT INTO Schedule (scheduleID, doctorID, date, startTime, endTime, shift) VALUES ('SC0112', 'ST0002', '2025-07-10', '2025-07-10 14:00:00', '2025-07-10 20:00:00', 'Evening');
INSERT INTO Schedule (scheduleID, doctorID, date, startTime, endTime, shift) VALUES ('SC0113', 'ST0004', '2025-07-10', '2025-07-10 08:00:00', '2025-07-10 14:00:00', 'Morning');
INSERT INTO Schedule (scheduleID, doctorID, date, startTime, endTime, shift) VALUES ('SC0114', 'ST0004', '2025-07-10', '2025-07-10 14:00:00', '2025-07-10 20:00:00', 'Evening');
INSERT INTO Schedule (scheduleID, doctorID, date, startTime, endTime, shift) VALUES ('SC0115', 'ST0005', '2025-07-10', '2025-07-10 08:00:00', '2025-07-10 14:00:00', 'Morning');
INSERT INTO Schedule (scheduleID, doctorID, date, startTime, endTime, shift) VALUES ('SC0116', 'ST0005', '2025-07-10', '2025-07-10 14:00:00', '2025-07-10 20:00:00', 'Evening');
INSERT INTO Schedule (scheduleID, doctorID, date, startTime, endTime, shift) VALUES ('SC0117', 'ST0007', '2025-07-10', '2025-07-10 08:00:00', '2025-07-10 14:00:00', 'Morning');
INSERT INTO Schedule (scheduleID, doctorID, date, startTime, endTime, shift) VALUES ('SC0118', 'ST0007', '2025-07-10', '2025-07-10 14:00:00', '2025-07-10 20:00:00', 'Evening');
INSERT INTO Schedule (scheduleID, doctorID, date, startTime, endTime, shift) VALUES ('SC0119', 'ST0008', '2025-07-10', '2025-07-10 08:00:00', '2025-07-10 14:00:00', 'Morning');
INSERT INTO Schedule (scheduleID, doctorID, date, startTime, endTime, shift) VALUES ('SC0120', 'ST0008', '2025-07-10', '2025-07-10 14:00:00', '2025-07-10 20:00:00', 'Evening');
INSERT INTO Schedule (scheduleID, doctorID, date, startTime, endTime, shift) VALUES ('SC0121', 'ST0001', '2025-07-11', '2025-07-11 08:00:00', '2025-07-11 14:00:00', 'Morning');
INSERT INTO Schedule (scheduleID, doctorID, date, startTime, endTime, shift) VALUES ('SC0122', 'ST0001', '2025-07-11', '2025-07-11 14:00:00', '2025-07-11 20:00:00', 'Evening');
INSERT INTO Schedule (scheduleID, doctorID, date, startTime, endTime, shift) VALUES ('SC0123', 'ST0002', '2025-07-11', '2025-07-11 08:00:00', '2025-07-11 14:00:00', 'Morning');
INSERT INTO Schedule (scheduleID, doctorID, date, startTime, endTime, shift) VALUES ('SC0124', 'ST0002', '2025-07-11', '2025-07-11 14:00:00', '2025-07-11 20:00:00', 'Evening');
INSERT INTO Schedule (scheduleID, doctorID, date, startTime, endTime, shift) VALUES ('SC0125', 'ST0004', '2025-07-11', '2025-07-11 08:00:00', '2025-07-11 14:00:00', 'Morning');
INSERT INTO Schedule (scheduleID, doctorID, date, startTime, endTime, shift) VALUES ('SC0126', 'ST0004', '2025-07-11', '2025-07-11 14:00:00', '2025-07-11 20:00:00', 'Evening');
INSERT INTO Schedule (scheduleID, doctorID, date, startTime, endTime, shift) VALUES ('SC0127', 'ST0005', '2025-07-11', '2025-07-11 08:00:00', '2025-07-11 14:00:00', 'Morning');
INSERT INTO Schedule (scheduleID, doctorID, date, startTime, endTime, shift) VALUES ('SC0128', 'ST0005', '2025-07-11', '2025-07-11 14:00:00', '2025-07-11 20:00:00', 'Evening');
INSERT INTO Schedule (scheduleID, doctorID, date, startTime, endTime, shift) VALUES ('SC0129', 'ST0007', '2025-07-11', '2025-07-11 08:00:00', '2025-07-11 14:00:00', 'Morning');
INSERT INTO Schedule (scheduleID, doctorID, date, startTime, endTime, shift) VALUES ('SC0130', 'ST0007', '2025-07-11', '2025-07-11 14:00:00', '2025-07-11 20:00:00', 'Evening');
INSERT INTO Schedule (scheduleID, doctorID, date, startTime, endTime, shift) VALUES ('SC0131', 'ST0008', '2025-07-11', '2025-07-11 08:00:00', '2025-07-11 14:00:00', 'Morning');
INSERT INTO Schedule (scheduleID, doctorID, date, startTime, endTime, shift) VALUES ('SC0132', 'ST0008', '2025-07-11', '2025-07-11 14:00:00', '2025-07-11 20:00:00', 'Evening');
INSERT INTO Schedule (scheduleID, doctorID, date, startTime, endTime, shift) VALUES ('SC0133', 'ST0001', '2025-07-12', '2025-07-12 08:00:00', '2025-07-12 14:00:00', 'Morning');
INSERT INTO Schedule (scheduleID, doctorID, date, startTime, endTime, shift) VALUES ('SC0134', 'ST0001', '2025-07-12', '2025-07-12 14:00:00', '2025-07-12 20:00:00', 'Evening');
INSERT INTO Schedule (scheduleID, doctorID, date, startTime, endTime, shift) VALUES ('SC0135', 'ST0002', '2025-07-12', '2025-07-12 08:00:00', '2025-07-12 14:00:00', 'Morning');
INSERT INTO Schedule (scheduleID, doctorID, date, startTime, endTime, shift) VALUES ('SC0136', 'ST0002', '2025-07-12', '2025-07-12 14:00:00', '2025-07-12 20:00:00', 'Evening');
INSERT INTO Schedule (scheduleID, doctorID, date, startTime, endTime, shift) VALUES ('SC0137', 'ST0004', '2025-07-12', '2025-07-12 08:00:00', '2025-07-12 14:00:00', 'Morning');
INSERT INTO Schedule (scheduleID, doctorID, date, startTime, endTime, shift) VALUES ('SC0138', 'ST0004', '2025-07-12', '2025-07-12 14:00:00', '2025-07-12 20:00:00', 'Evening');
INSERT INTO Schedule (scheduleID, doctorID, date, startTime, endTime, shift) VALUES ('SC0139', 'ST0005', '2025-07-12', '2025-07-12 08:00:00', '2025-07-12 14:00:00', 'Morning');
INSERT INTO Schedule (scheduleID, doctorID, date, startTime, endTime, shift) VALUES ('SC0140', 'ST0005', '2025-07-12', '2025-07-12 14:00:00', '2025-07-12 20:00:00', 'Evening');
INSERT INTO Schedule (scheduleID, doctorID, date, startTime, endTime, shift) VALUES ('SC0141', 'ST0007', '2025-07-12', '2025-07-12 08:00:00', '2025-07-12 14:00:00', 'Morning');
INSERT INTO Schedule (scheduleID, doctorID, date, startTime, endTime, shift) VALUES ('SC0142', 'ST0007', '2025-07-12', '2025-07-12 14:00:00', '2025-07-12 20:00:00', 'Evening');
INSERT INTO Schedule (scheduleID, doctorID, date, startTime, endTime, shift) VALUES ('SC0143', 'ST0008', '2025-07-12', '2025-07-12 08:00:00', '2025-07-12 14:00:00', 'Morning');
INSERT INTO Schedule (scheduleID, doctorID, date, startTime, endTime, shift) VALUES ('SC0144', 'ST0008', '2025-07-12', '2025-07-12 14:00:00', '2025-07-12 20:00:00', 'Evening');
INSERT INTO Schedule (scheduleID, doctorID, date, startTime, endTime, shift) VALUES ('SC0145', 'ST0001', '2025-07-13', '2025-07-13 08:00:00', '2025-07-13 14:00:00', 'Morning');
INSERT INTO Schedule (scheduleID, doctorID, date, startTime, endTime, shift) VALUES ('SC0146', 'ST0001', '2025-07-13', '2025-07-13 14:00:00', '2025-07-13 20:00:00', 'Evening');
INSERT INTO Schedule (scheduleID, doctorID, date, startTime, endTime, shift) VALUES ('SC0147', 'ST0002', '2025-07-13', '2025-07-13 08:00:00', '2025-07-13 14:00:00', 'Morning');
INSERT INTO Schedule (scheduleID, doctorID, date, startTime, endTime, shift) VALUES ('SC0148', 'ST0002', '2025-07-13', '2025-07-13 14:00:00', '2025-07-13 20:00:00', 'Evening');
INSERT INTO Schedule (scheduleID, doctorID, date, startTime, endTime, shift) VALUES ('SC0149', 'ST0004', '2025-07-13', '2025-07-13 08:00:00', '2025-07-13 14:00:00', 'Morning');
INSERT INTO Schedule (scheduleID, doctorID, date, startTime, endTime, shift) VALUES ('SC0150', 'ST0004', '2025-07-13', '2025-07-13 14:00:00', '2025-07-13 20:00:00', 'Evening');
INSERT INTO Schedule (scheduleID, doctorID, date, startTime, endTime, shift) VALUES ('SC0151', 'ST0005', '2025-07-13', '2025-07-13 08:00:00', '2025-07-13 14:00:00', 'Morning');
INSERT INTO Schedule (scheduleID, doctorID, date, startTime, endTime, shift) VALUES ('SC0152', 'ST0005', '2025-07-13', '2025-07-13 14:00:00', '2025-07-13 20:00:00', 'Evening');
INSERT INTO Schedule (scheduleID, doctorID, date, startTime, endTime, shift) VALUES ('SC0153', 'ST0007', '2025-07-13', '2025-07-13 08:00:00', '2025-07-13 14:00:00', 'Morning');
INSERT INTO Schedule (scheduleID, doctorID, date, startTime, endTime, shift) VALUES ('SC0154', 'ST0007', '2025-07-13', '2025-07-13 14:00:00', '2025-07-13 20:00:00', 'Evening');
INSERT INTO Schedule (scheduleID, doctorID, date, startTime, endTime, shift) VALUES ('SC0155', 'ST0008', '2025-07-13', '2025-07-13 08:00:00', '2025-07-13 14:00:00', 'Morning');
INSERT INTO Schedule (scheduleID, doctorID, date, startTime, endTime, shift) VALUES ('SC0156', 'ST0008', '2025-07-13', '2025-07-13 14:00:00', '2025-07-13 20:00:00', 'Evening');
INSERT INTO Schedule (scheduleID, doctorID, date, startTime, endTime, shift) VALUES ('SC0157', 'ST0001', '2025-07-14', '2025-07-14 08:00:00', '2025-07-14 14:00:00', 'Morning');
INSERT INTO Schedule (scheduleID, doctorID, date, startTime, endTime, shift) VALUES ('SC0158', 'ST0001', '2025-07-14', '2025-07-14 14:00:00', '2025-07-14 20:00:00', 'Evening');
INSERT INTO Schedule (scheduleID, doctorID, date, startTime, endTime, shift) VALUES ('SC0159', 'ST0002', '2025-07-14', '2025-07-14 08:00:00', '2025-07-14 14:00:00', 'Morning');
INSERT INTO Schedule (scheduleID, doctorID, date, startTime, endTime, shift) VALUES ('SC0160', 'ST0002', '2025-07-14', '2025-07-14 14:00:00', '2025-07-14 20:00:00', 'Evening');
INSERT INTO Schedule (scheduleID, doctorID, date, startTime, endTime, shift) VALUES ('SC0161', 'ST0004', '2025-07-14', '2025-07-14 08:00:00', '2025-07-14 14:00:00', 'Morning');
INSERT INTO Schedule (scheduleID, doctorID, date, startTime, endTime, shift) VALUES ('SC0162', 'ST0004', '2025-07-14', '2025-07-14 14:00:00', '2025-07-14 20:00:00', 'Evening');
INSERT INTO Schedule (scheduleID, doctorID, date, startTime, endTime, shift) VALUES ('SC0163', 'ST0005', '2025-07-14', '2025-07-14 08:00:00', '2025-07-14 14:00:00', 'Morning');
INSERT INTO Schedule (scheduleID, doctorID, date, startTime, endTime, shift) VALUES ('SC0164', 'ST0005', '2025-07-14', '2025-07-14 14:00:00', '2025-07-14 20:00:00', 'Evening');
INSERT INTO Schedule (scheduleID, doctorID, date, startTime, endTime, shift) VALUES ('SC0165', 'ST0007', '2025-07-14', '2025-07-14 08:00:00', '2025-07-14 14:00:00', 'Morning');
INSERT INTO Schedule (scheduleID, doctorID, date, startTime, endTime, shift) VALUES ('SC0166', 'ST0007', '2025-07-14', '2025-07-14 14:00:00', '2025-07-14 20:00:00', 'Evening');
INSERT INTO Schedule (scheduleID, doctorID, date, startTime, endTime, shift) VALUES ('SC0167', 'ST0008', '2025-07-14', '2025-07-14 08:00:00', '2025-07-14 14:00:00', 'Morning');
INSERT INTO Schedule (scheduleID, doctorID, date, startTime, endTime, shift) VALUES ('SC0168', 'ST0008', '2025-07-14', '2025-07-14 14:00:00', '2025-07-14 20:00:00', 'Evening');
INSERT INTO Schedule (scheduleID, doctorID, date, startTime, endTime, shift) VALUES ('SC0169', 'ST0001', '2025-07-15', '2025-07-15 08:00:00', '2025-07-15 14:00:00', 'Morning');
INSERT INTO Schedule (scheduleID, doctorID, date, startTime, endTime, shift) VALUES ('SC0170', 'ST0001', '2025-07-15', '2025-07-15 14:00:00', '2025-07-15 20:00:00', 'Evening');
INSERT INTO Schedule (scheduleID, doctorID, date, startTime, endTime, shift) VALUES ('SC0171', 'ST0002', '2025-07-15', '2025-07-15 08:00:00', '2025-07-15 14:00:00', 'Morning');
INSERT INTO Schedule (scheduleID, doctorID, date, startTime, endTime, shift) VALUES ('SC0172', 'ST0002', '2025-07-15', '2025-07-15 14:00:00', '2025-07-15 20:00:00', 'Evening');
INSERT INTO Schedule (scheduleID, doctorID, date, startTime, endTime, shift) VALUES ('SC0173', 'ST0004', '2025-07-15', '2025-07-15 08:00:00', '2025-07-15 14:00:00', 'Morning');
INSERT INTO Schedule (scheduleID, doctorID, date, startTime, endTime, shift) VALUES ('SC0174', 'ST0004', '2025-07-15', '2025-07-15 14:00:00', '2025-07-15 20:00:00', 'Evening');
INSERT INTO Schedule (scheduleID, doctorID, date, startTime, endTime, shift) VALUES ('SC0175', 'ST0005', '2025-07-15', '2025-07-15 08:00:00', '2025-07-15 14:00:00', 'Morning');
INSERT INTO Schedule (scheduleID, doctorID, date, startTime, endTime, shift) VALUES ('SC0176', 'ST0005', '2025-07-15', '2025-07-15 14:00:00', '2025-07-15 20:00:00', 'Evening');
INSERT INTO Schedule (scheduleID, doctorID, date, startTime, endTime, shift) VALUES ('SC0177', 'ST0007', '2025-07-15', '2025-07-15 08:00:00', '2025-07-15 14:00:00', 'Morning');
INSERT INTO Schedule (scheduleID, doctorID, date, startTime, endTime, shift) VALUES ('SC0178', 'ST0007', '2025-07-15', '2025-07-15 14:00:00', '2025-07-15 20:00:00', 'Evening');
INSERT INTO Schedule (scheduleID, doctorID, date, startTime, endTime, shift) VALUES ('SC0179', 'ST0008', '2025-07-15', '2025-07-15 08:00:00', '2025-07-15 14:00:00', 'Morning');
INSERT INTO Schedule (scheduleID, doctorID, date, startTime, endTime, shift) VALUES ('SC0180', 'ST0008', '2025-07-15', '2025-07-15 14:00:00', '2025-07-15 20:00:00', 'Evening');
INSERT INTO Schedule (scheduleID, doctorID, date, startTime, endTime, shift) VALUES ('SC0181', 'ST0001', '2025-07-16', '2025-07-16 08:00:00', '2025-07-16 14:00:00', 'Morning');
INSERT INTO Schedule (scheduleID, doctorID, date, startTime, endTime, shift) VALUES ('SC0182', 'ST0001', '2025-07-16', '2025-07-16 14:00:00', '2025-07-16 20:00:00', 'Evening');
INSERT INTO Schedule (scheduleID, doctorID, date, startTime, endTime, shift) VALUES ('SC0183', 'ST0002', '2025-07-16', '2025-07-16 08:00:00', '2025-07-16 14:00:00', 'Morning');
INSERT INTO Schedule (scheduleID, doctorID, date, startTime, endTime, shift) VALUES ('SC0184', 'ST0002', '2025-07-16', '2025-07-16 14:00:00', '2025-07-16 20:00:00', 'Evening');
INSERT INTO Schedule (scheduleID, doctorID, date, startTime, endTime, shift) VALUES ('SC0185', 'ST0004', '2025-07-16', '2025-07-16 08:00:00', '2025-07-16 14:00:00', 'Morning');
INSERT INTO Schedule (scheduleID, doctorID, date, startTime, endTime, shift) VALUES ('SC0186', 'ST0004', '2025-07-16', '2025-07-16 14:00:00', '2025-07-16 20:00:00', 'Evening');
INSERT INTO Schedule (scheduleID, doctorID, date, startTime, endTime, shift) VALUES ('SC0187', 'ST0005', '2025-07-16', '2025-07-16 08:00:00', '2025-07-16 14:00:00', 'Morning');
INSERT INTO Schedule (scheduleID, doctorID, date, startTime, endTime, shift) VALUES ('SC0188', 'ST0005', '2025-07-16', '2025-07-16 14:00:00', '2025-07-16 20:00:00', 'Evening');
INSERT INTO Schedule (scheduleID, doctorID, date, startTime, endTime, shift) VALUES ('SC0189', 'ST0007', '2025-07-16', '2025-07-16 08:00:00', '2025-07-16 14:00:00', 'Morning');
INSERT INTO Schedule (scheduleID, doctorID, date, startTime, endTime, shift) VALUES ('SC0190', 'ST0007', '2025-07-16', '2025-07-16 14:00:00', '2025-07-16 20:00:00', 'Evening');
INSERT INTO Schedule (scheduleID, doctorID, date, startTime, endTime, shift) VALUES ('SC0191', 'ST0008', '2025-07-16', '2025-07-16 08:00:00', '2025-07-16 14:00:00', 'Morning');
INSERT INTO Schedule (scheduleID, doctorID, date, startTime, endTime, shift) VALUES ('SC0192', 'ST0008', '2025-07-16', '2025-07-16 14:00:00', '2025-07-16 20:00:00', 'Evening');
INSERT INTO Schedule (scheduleID, doctorID, date, startTime, endTime, shift) VALUES ('SC0193', 'ST0001', '2025-07-17', '2025-07-17 08:00:00', '2025-07-17 14:00:00', 'Morning');
INSERT INTO Schedule (scheduleID, doctorID, date, startTime, endTime, shift) VALUES ('SC0194', 'ST0001', '2025-07-17', '2025-07-17 14:00:00', '2025-07-17 20:00:00', 'Evening');
INSERT INTO Schedule (scheduleID, doctorID, date, startTime, endTime, shift) VALUES ('SC0195', 'ST0002', '2025-07-17', '2025-07-17 08:00:00', '2025-07-17 14:00:00', 'Morning');
INSERT INTO Schedule (scheduleID, doctorID, date, startTime, endTime, shift) VALUES ('SC0196', 'ST0002', '2025-07-17', '2025-07-17 14:00:00', '2025-07-17 20:00:00', 'Evening');
INSERT INTO Schedule (scheduleID, doctorID, date, startTime, endTime, shift) VALUES ('SC0197', 'ST0004', '2025-07-17', '2025-07-17 08:00:00', '2025-07-17 14:00:00', 'Morning');
INSERT INTO Schedule (scheduleID, doctorID, date, startTime, endTime, shift) VALUES ('SC0198', 'ST0004', '2025-07-17', '2025-07-17 14:00:00', '2025-07-17 20:00:00', 'Evening');
INSERT INTO Schedule (scheduleID, doctorID, date, startTime, endTime, shift) VALUES ('SC0199', 'ST0005', '2025-07-17', '2025-07-17 08:00:00', '2025-07-17 14:00:00', 'Morning');
INSERT INTO Schedule (scheduleID, doctorID, date, startTime, endTime, shift) VALUES ('SC0200', 'ST0005', '2025-07-17', '2025-07-17 14:00:00', '2025-07-17 20:00:00', 'Evening');
INSERT INTO Schedule (scheduleID, doctorID, date, startTime, endTime, shift) VALUES ('SC0201', 'ST0007', '2025-07-17', '2025-07-17 08:00:00', '2025-07-17 14:00:00', 'Morning');
INSERT INTO Schedule (scheduleID, doctorID, date, startTime, endTime, shift) VALUES ('SC0202', 'ST0007', '2025-07-17', '2025-07-17 14:00:00', '2025-07-17 20:00:00', 'Evening');
INSERT INTO Schedule (scheduleID, doctorID, date, startTime, endTime, shift) VALUES ('SC0203', 'ST0008', '2025-07-17', '2025-07-17 08:00:00', '2025-07-17 14:00:00', 'Morning');
INSERT INTO Schedule (scheduleID, doctorID, date, startTime, endTime, shift) VALUES ('SC0204', 'ST0008', '2025-07-17', '2025-07-17 14:00:00', '2025-07-17 20:00:00', 'Evening');
INSERT INTO Schedule (scheduleID, doctorID, date, startTime, endTime, shift) VALUES ('SC0205', 'ST0001', '2025-07-18', '2025-07-18 08:00:00', '2025-07-18 14:00:00', 'Morning');
INSERT INTO Schedule (scheduleID, doctorID, date, startTime, endTime, shift) VALUES ('SC0206', 'ST0001', '2025-07-18', '2025-07-18 14:00:00', '2025-07-18 20:00:00', 'Evening');
INSERT INTO Schedule (scheduleID, doctorID, date, startTime, endTime, shift) VALUES ('SC0207', 'ST0002', '2025-07-18', '2025-07-18 08:00:00', '2025-07-18 14:00:00', 'Morning');
INSERT INTO Schedule (scheduleID, doctorID, date, startTime, endTime, shift) VALUES ('SC0208', 'ST0002', '2025-07-18', '2025-07-18 14:00:00', '2025-07-18 20:00:00', 'Evening');
INSERT INTO Schedule (scheduleID, doctorID, date, startTime, endTime, shift) VALUES ('SC0209', 'ST0004', '2025-07-18', '2025-07-18 08:00:00', '2025-07-18 14:00:00', 'Morning');
INSERT INTO Schedule (scheduleID, doctorID, date, startTime, endTime, shift) VALUES ('SC0210', 'ST0004', '2025-07-18', '2025-07-18 14:00:00', '2025-07-18 20:00:00', 'Evening');
INSERT INTO Schedule (scheduleID, doctorID, date, startTime, endTime, shift) VALUES ('SC0211', 'ST0005', '2025-07-18', '2025-07-18 08:00:00', '2025-07-18 14:00:00', 'Morning');
INSERT INTO Schedule (scheduleID, doctorID, date, startTime, endTime, shift) VALUES ('SC0212', 'ST0005', '2025-07-18', '2025-07-18 14:00:00', '2025-07-18 20:00:00', 'Evening');
INSERT INTO Schedule (scheduleID, doctorID, date, startTime, endTime, shift) VALUES ('SC0213', 'ST0007', '2025-07-18', '2025-07-18 08:00:00', '2025-07-18 14:00:00', 'Morning');
INSERT INTO Schedule (scheduleID, doctorID, date, startTime, endTime, shift) VALUES ('SC0214', 'ST0007', '2025-07-18', '2025-07-18 14:00:00', '2025-07-18 20:00:00', 'Evening');
INSERT INTO Schedule (scheduleID, doctorID, date, startTime, endTime, shift) VALUES ('SC0215', 'ST0008', '2025-07-18', '2025-07-18 08:00:00', '2025-07-18 14:00:00', 'Morning');
INSERT INTO Schedule (scheduleID, doctorID, date, startTime, endTime, shift) VALUES ('SC0216', 'ST0008', '2025-07-18', '2025-07-18 14:00:00', '2025-07-18 20:00:00', 'Evening');
INSERT INTO Schedule (scheduleID, doctorID, date, startTime, endTime, shift) VALUES ('SC0217', 'ST0001', '2025-07-19', '2025-07-19 08:00:00', '2025-07-19 14:00:00', 'Morning');
INSERT INTO Schedule (scheduleID, doctorID, date, startTime, endTime, shift) VALUES ('SC0218', 'ST0001', '2025-07-19', '2025-07-19 14:00:00', '2025-07-19 20:00:00', 'Evening');
INSERT INTO Schedule (scheduleID, doctorID, date, startTime, endTime, shift) VALUES ('SC0219', 'ST0002', '2025-07-19', '2025-07-19 08:00:00', '2025-07-19 14:00:00', 'Morning');
INSERT INTO Schedule (scheduleID, doctorID, date, startTime, endTime, shift) VALUES ('SC0220', 'ST0002', '2025-07-19', '2025-07-19 14:00:00', '2025-07-19 20:00:00', 'Evening');
INSERT INTO Schedule (scheduleID, doctorID, date, startTime, endTime, shift) VALUES ('SC0221', 'ST0004', '2025-07-19', '2025-07-19 08:00:00', '2025-07-19 14:00:00', 'Morning');
INSERT INTO Schedule (scheduleID, doctorID, date, startTime, endTime, shift) VALUES ('SC0222', 'ST0004', '2025-07-19', '2025-07-19 14:00:00', '2025-07-19 20:00:00', 'Evening');
INSERT INTO Schedule (scheduleID, doctorID, date, startTime, endTime, shift) VALUES ('SC0223', 'ST0005', '2025-07-19', '2025-07-19 08:00:00', '2025-07-19 14:00:00', 'Morning');
INSERT INTO Schedule (scheduleID, doctorID, date, startTime, endTime, shift) VALUES ('SC0224', 'ST0005', '2025-07-19', '2025-07-19 14:00:00', '2025-07-19 20:00:00', 'Evening');
INSERT INTO Schedule (scheduleID, doctorID, date, startTime, endTime, shift) VALUES ('SC0225', 'ST0007', '2025-07-19', '2025-07-19 08:00:00', '2025-07-19 14:00:00', 'Morning');
INSERT INTO Schedule (scheduleID, doctorID, date, startTime, endTime, shift) VALUES ('SC0226', 'ST0007', '2025-07-19', '2025-07-19 14:00:00', '2025-07-19 20:00:00', 'Evening');
INSERT INTO Schedule (scheduleID, doctorID, date, startTime, endTime, shift) VALUES ('SC0227', 'ST0008', '2025-07-19', '2025-07-19 08:00:00', '2025-07-19 14:00:00', 'Morning');
INSERT INTO Schedule (scheduleID, doctorID, date, startTime, endTime, shift) VALUES ('SC0228', 'ST0008', '2025-07-19', '2025-07-19 14:00:00', '2025-07-19 20:00:00', 'Evening');
INSERT INTO Schedule (scheduleID, doctorID, date, startTime, endTime, shift) VALUES ('SC0229', 'ST0001', '2025-07-20', '2025-07-20 08:00:00', '2025-07-20 14:00:00', 'Morning');
INSERT INTO Schedule (scheduleID, doctorID, date, startTime, endTime, shift) VALUES ('SC0230', 'ST0001', '2025-07-20', '2025-07-20 14:00:00', '2025-07-20 20:00:00', 'Evening');
INSERT INTO Schedule (scheduleID, doctorID, date, startTime, endTime, shift) VALUES ('SC0231', 'ST0002', '2025-07-20', '2025-07-20 08:00:00', '2025-07-20 14:00:00', 'Morning');
INSERT INTO Schedule (scheduleID, doctorID, date, startTime, endTime, shift) VALUES ('SC0232', 'ST0002', '2025-07-20', '2025-07-20 14:00:00', '2025-07-20 20:00:00', 'Evening');
INSERT INTO Schedule (scheduleID, doctorID, date, startTime, endTime, shift) VALUES ('SC0233', 'ST0004', '2025-07-20', '2025-07-20 08:00:00', '2025-07-20 14:00:00', 'Morning');
INSERT INTO Schedule (scheduleID, doctorID, date, startTime, endTime, shift) VALUES ('SC0234', 'ST0004', '2025-07-20', '2025-07-20 14:00:00', '2025-07-20 20:00:00', 'Evening');
INSERT INTO Schedule (scheduleID, doctorID, date, startTime, endTime, shift) VALUES ('SC0235', 'ST0005', '2025-07-20', '2025-07-20 08:00:00', '2025-07-20 14:00:00', 'Morning');
INSERT INTO Schedule (scheduleID, doctorID, date, startTime, endTime, shift) VALUES ('SC0236', 'ST0005', '2025-07-20', '2025-07-20 14:00:00', '2025-07-20 20:00:00', 'Evening');
INSERT INTO Schedule (scheduleID, doctorID, date, startTime, endTime, shift) VALUES ('SC0237', 'ST0007', '2025-07-20', '2025-07-20 08:00:00', '2025-07-20 14:00:00', 'Morning');
INSERT INTO Schedule (scheduleID, doctorID, date, startTime, endTime, shift) VALUES ('SC0238', 'ST0007', '2025-07-20', '2025-07-20 14:00:00', '2025-07-20 20:00:00', 'Evening');
INSERT INTO Schedule (scheduleID, doctorID, date, startTime, endTime, shift) VALUES ('SC0239', 'ST0008', '2025-07-20', '2025-07-20 08:00:00', '2025-07-20 14:00:00', 'Morning');
INSERT INTO Schedule (scheduleID, doctorID, date, startTime, endTime, shift) VALUES ('SC0240', 'ST0008', '2025-07-20', '2025-07-20 14:00:00', '2025-07-20 20:00:00', 'Evening');
INSERT INTO Schedule (scheduleID, doctorID, date, startTime, endTime, shift) VALUES ('SC0241', 'ST0001', '2025-07-21', '2025-07-21 08:00:00', '2025-07-21 14:00:00', 'Morning');
INSERT INTO Schedule (scheduleID, doctorID, date, startTime, endTime, shift) VALUES ('SC0242', 'ST0001', '2025-07-21', '2025-07-21 14:00:00', '2025-07-21 20:00:00', 'Evening');
INSERT INTO Schedule (scheduleID, doctorID, date, startTime, endTime, shift) VALUES ('SC0243', 'ST0002', '2025-07-21', '2025-07-21 08:00:00', '2025-07-21 14:00:00', 'Morning');
INSERT INTO Schedule (scheduleID, doctorID, date, startTime, endTime, shift) VALUES ('SC0244', 'ST0002', '2025-07-21', '2025-07-21 14:00:00', '2025-07-21 20:00:00', 'Evening');
INSERT INTO Schedule (scheduleID, doctorID, date, startTime, endTime, shift) VALUES ('SC0245', 'ST0004', '2025-07-21', '2025-07-21 08:00:00', '2025-07-21 14:00:00', 'Morning');
INSERT INTO Schedule (scheduleID, doctorID, date, startTime, endTime, shift) VALUES ('SC0246', 'ST0004', '2025-07-21', '2025-07-21 14:00:00', '2025-07-21 20:00:00', 'Evening');
INSERT INTO Schedule (scheduleID, doctorID, date, startTime, endTime, shift) VALUES ('SC0247', 'ST0005', '2025-07-21', '2025-07-21 08:00:00', '2025-07-21 14:00:00', 'Morning');
INSERT INTO Schedule (scheduleID, doctorID, date, startTime, endTime, shift) VALUES ('SC0248', 'ST0005', '2025-07-21', '2025-07-21 14:00:00', '2025-07-21 20:00:00', 'Evening');
INSERT INTO Schedule (scheduleID, doctorID, date, startTime, endTime, shift) VALUES ('SC0249', 'ST0007', '2025-07-21', '2025-07-21 08:00:00', '2025-07-21 14:00:00', 'Morning');
INSERT INTO Schedule (scheduleID, doctorID, date, startTime, endTime, shift) VALUES ('SC0250', 'ST0007', '2025-07-21', '2025-07-21 14:00:00', '2025-07-21 20:00:00', 'Evening');
INSERT INTO Schedule (scheduleID, doctorID, date, startTime, endTime, shift) VALUES ('SC0251', 'ST0008', '2025-07-21', '2025-07-21 08:00:00', '2025-07-21 14:00:00', 'Morning');
INSERT INTO Schedule (scheduleID, doctorID, date, startTime, endTime, shift) VALUES ('SC0252', 'ST0008', '2025-07-21', '2025-07-21 14:00:00', '2025-07-21 20:00:00', 'Evening');
INSERT INTO Schedule (scheduleID, doctorID, date, startTime, endTime, shift) VALUES ('SC0253', 'ST0001', '2025-07-22', '2025-07-22 08:00:00', '2025-07-22 14:00:00', 'Morning');
INSERT INTO Schedule (scheduleID, doctorID, date, startTime, endTime, shift) VALUES ('SC0254', 'ST0001', '2025-07-22', '2025-07-22 14:00:00', '2025-07-22 20:00:00', 'Evening');
INSERT INTO Schedule (scheduleID, doctorID, date, startTime, endTime, shift) VALUES ('SC0255', 'ST0002', '2025-07-22', '2025-07-22 08:00:00', '2025-07-22 14:00:00', 'Morning');
INSERT INTO Schedule (scheduleID, doctorID, date, startTime, endTime, shift) VALUES ('SC0256', 'ST0002', '2025-07-22', '2025-07-22 14:00:00', '2025-07-22 20:00:00', 'Evening');
INSERT INTO Schedule (scheduleID, doctorID, date, startTime, endTime, shift) VALUES ('SC0257', 'ST0004', '2025-07-22', '2025-07-22 08:00:00', '2025-07-22 14:00:00', 'Morning');
INSERT INTO Schedule (scheduleID, doctorID, date, startTime, endTime, shift) VALUES ('SC0258', 'ST0004', '2025-07-22', '2025-07-22 14:00:00', '2025-07-22 20:00:00', 'Evening');
INSERT INTO Schedule (scheduleID, doctorID, date, startTime, endTime, shift) VALUES ('SC0259', 'ST0005', '2025-07-22', '2025-07-22 08:00:00', '2025-07-22 14:00:00', 'Morning');
INSERT INTO Schedule (scheduleID, doctorID, date, startTime, endTime, shift) VALUES ('SC0260', 'ST0005', '2025-07-22', '2025-07-22 14:00:00', '2025-07-22 20:00:00', 'Evening');
INSERT INTO Schedule (scheduleID, doctorID, date, startTime, endTime, shift) VALUES ('SC0261', 'ST0007', '2025-07-22', '2025-07-22 08:00:00', '2025-07-22 14:00:00', 'Morning');
INSERT INTO Schedule (scheduleID, doctorID, date, startTime, endTime, shift) VALUES ('SC0262', 'ST0007', '2025-07-22', '2025-07-22 14:00:00', '2025-07-22 20:00:00', 'Evening');
INSERT INTO Schedule (scheduleID, doctorID, date, startTime, endTime, shift) VALUES ('SC0263', 'ST0008', '2025-07-22', '2025-07-22 08:00:00', '2025-07-22 14:00:00', 'Morning');
INSERT INTO Schedule (scheduleID, doctorID, date, startTime, endTime, shift) VALUES ('SC0264', 'ST0008', '2025-07-22', '2025-07-22 14:00:00', '2025-07-22 20:00:00', 'Evening');
INSERT INTO Schedule (scheduleID, doctorID, date, startTime, endTime, shift) VALUES ('SC0265', 'ST0001', '2025-07-23', '2025-07-23 08:00:00', '2025-07-23 14:00:00', 'Morning');
INSERT INTO Schedule (scheduleID, doctorID, date, startTime, endTime, shift) VALUES ('SC0266', 'ST0001', '2025-07-23', '2025-07-23 14:00:00', '2025-07-23 20:00:00', 'Evening');
INSERT INTO Schedule (scheduleID, doctorID, date, startTime, endTime, shift) VALUES ('SC0267', 'ST0002', '2025-07-23', '2025-07-23 08:00:00', '2025-07-23 14:00:00', 'Morning');
INSERT INTO Schedule (scheduleID, doctorID, date, startTime, endTime, shift) VALUES ('SC0268', 'ST0002', '2025-07-23', '2025-07-23 14:00:00', '2025-07-23 20:00:00', 'Evening');
INSERT INTO Schedule (scheduleID, doctorID, date, startTime, endTime, shift) VALUES ('SC0269', 'ST0004', '2025-07-23', '2025-07-23 08:00:00', '2025-07-23 14:00:00', 'Morning');
INSERT INTO Schedule (scheduleID, doctorID, date, startTime, endTime, shift) VALUES ('SC0270', 'ST0004', '2025-07-23', '2025-07-23 14:00:00', '2025-07-23 20:00:00', 'Evening');
INSERT INTO Schedule (scheduleID, doctorID, date, startTime, endTime, shift) VALUES ('SC0271', 'ST0005', '2025-07-23', '2025-07-23 08:00:00', '2025-07-23 14:00:00', 'Morning');
INSERT INTO Schedule (scheduleID, doctorID, date, startTime, endTime, shift) VALUES ('SC0272', 'ST0005', '2025-07-23', '2025-07-23 14:00:00', '2025-07-23 20:00:00', 'Evening');
INSERT INTO Schedule (scheduleID, doctorID, date, startTime, endTime, shift) VALUES ('SC0273', 'ST0007', '2025-07-23', '2025-07-23 08:00:00', '2025-07-23 14:00:00', 'Morning');
INSERT INTO Schedule (scheduleID, doctorID, date, startTime, endTime, shift) VALUES ('SC0274', 'ST0007', '2025-07-23', '2025-07-23 14:00:00', '2025-07-23 20:00:00', 'Evening');
INSERT INTO Schedule (scheduleID, doctorID, date, startTime, endTime, shift) VALUES ('SC0275', 'ST0008', '2025-07-23', '2025-07-23 08:00:00', '2025-07-23 14:00:00', 'Morning');
INSERT INTO Schedule (scheduleID, doctorID, date, startTime, endTime, shift) VALUES ('SC0276', 'ST0008', '2025-07-23', '2025-07-23 14:00:00', '2025-07-23 20:00:00', 'Evening');
INSERT INTO Schedule (scheduleID, doctorID, date, startTime, endTime, shift) VALUES ('SC0277', 'ST0001', '2025-07-24', '2025-07-24 08:00:00', '2025-07-24 14:00:00', 'Morning');
INSERT INTO Schedule (scheduleID, doctorID, date, startTime, endTime, shift) VALUES ('SC0278', 'ST0001', '2025-07-24', '2025-07-24 14:00:00', '2025-07-24 20:00:00', 'Evening');
INSERT INTO Schedule (scheduleID, doctorID, date, startTime, endTime, shift) VALUES ('SC0279', 'ST0002', '2025-07-24', '2025-07-24 08:00:00', '2025-07-24 14:00:00', 'Morning');
INSERT INTO Schedule (scheduleID, doctorID, date, startTime, endTime, shift) VALUES ('SC0280', 'ST0002', '2025-07-24', '2025-07-24 14:00:00', '2025-07-24 20:00:00', 'Evening');
INSERT INTO Schedule (scheduleID, doctorID, date, startTime, endTime, shift) VALUES ('SC0281', 'ST0004', '2025-07-24', '2025-07-24 08:00:00', '2025-07-24 14:00:00', 'Morning');
INSERT INTO Schedule (scheduleID, doctorID, date, startTime, endTime, shift) VALUES ('SC0282', 'ST0004', '2025-07-24', '2025-07-24 14:00:00', '2025-07-24 20:00:00', 'Evening');
INSERT INTO Schedule (scheduleID, doctorID, date, startTime, endTime, shift) VALUES ('SC0283', 'ST0005', '2025-07-24', '2025-07-24 08:00:00', '2025-07-24 14:00:00', 'Morning');
INSERT INTO Schedule (scheduleID, doctorID, date, startTime, endTime, shift) VALUES ('SC0284', 'ST0005', '2025-07-24', '2025-07-24 14:00:00', '2025-07-24 20:00:00', 'Evening');
INSERT INTO Schedule (scheduleID, doctorID, date, startTime, endTime, shift) VALUES ('SC0285', 'ST0007', '2025-07-24', '2025-07-24 08:00:00', '2025-07-24 14:00:00', 'Morning');
INSERT INTO Schedule (scheduleID, doctorID, date, startTime, endTime, shift) VALUES ('SC0286', 'ST0007', '2025-07-24', '2025-07-24 14:00:00', '2025-07-24 20:00:00', 'Evening');
INSERT INTO Schedule (scheduleID, doctorID, date, startTime, endTime, shift) VALUES ('SC0287', 'ST0008', '2025-07-24', '2025-07-24 08:00:00', '2025-07-24 14:00:00', 'Morning');
INSERT INTO Schedule (scheduleID, doctorID, date, startTime, endTime, shift) VALUES ('SC0288', 'ST0008', '2025-07-24', '2025-07-24 14:00:00', '2025-07-24 20:00:00', 'Evening');
INSERT INTO Schedule (scheduleID, doctorID, date, startTime, endTime, shift) VALUES ('SC0289', 'ST0001', '2025-07-25', '2025-07-25 08:00:00', '2025-07-25 14:00:00', 'Morning');
INSERT INTO Schedule (scheduleID, doctorID, date, startTime, endTime, shift) VALUES ('SC0290', 'ST0001', '2025-07-25', '2025-07-25 14:00:00', '2025-07-25 20:00:00', 'Evening');
INSERT INTO Schedule (scheduleID, doctorID, date, startTime, endTime, shift) VALUES ('SC0291', 'ST0002', '2025-07-25', '2025-07-25 08:00:00', '2025-07-25 14:00:00', 'Morning');
INSERT INTO Schedule (scheduleID, doctorID, date, startTime, endTime, shift) VALUES ('SC0292', 'ST0002', '2025-07-25', '2025-07-25 14:00:00', '2025-07-25 20:00:00', 'Evening');
INSERT INTO Schedule (scheduleID, doctorID, date, startTime, endTime, shift) VALUES ('SC0293', 'ST0004', '2025-07-25', '2025-07-25 08:00:00', '2025-07-25 14:00:00', 'Morning');
INSERT INTO Schedule (scheduleID, doctorID, date, startTime, endTime, shift) VALUES ('SC0294', 'ST0004', '2025-07-25', '2025-07-25 14:00:00', '2025-07-25 20:00:00', 'Evening');
INSERT INTO Schedule (scheduleID, doctorID, date, startTime, endTime, shift) VALUES ('SC0295', 'ST0005', '2025-07-25', '2025-07-25 08:00:00', '2025-07-25 14:00:00', 'Morning');
INSERT INTO Schedule (scheduleID, doctorID, date, startTime, endTime, shift) VALUES ('SC0296', 'ST0005', '2025-07-25', '2025-07-25 14:00:00', '2025-07-25 20:00:00', 'Evening');
INSERT INTO Schedule (scheduleID, doctorID, date, startTime, endTime, shift) VALUES ('SC0297', 'ST0007', '2025-07-25', '2025-07-25 08:00:00', '2025-07-25 14:00:00', 'Morning');
INSERT INTO Schedule (scheduleID, doctorID, date, startTime, endTime, shift) VALUES ('SC0298', 'ST0007', '2025-07-25', '2025-07-25 14:00:00', '2025-07-25 20:00:00', 'Evening');
INSERT INTO Schedule (scheduleID, doctorID, date, startTime, endTime, shift) VALUES ('SC0299', 'ST0008', '2025-07-25', '2025-07-25 08:00:00', '2025-07-25 14:00:00', 'Morning');
INSERT INTO Schedule (scheduleID, doctorID, date, startTime, endTime, shift) VALUES ('SC0300', 'ST0008', '2025-07-25', '2025-07-25 14:00:00', '2025-07-25 20:00:00', 'Evening');
INSERT INTO Schedule (scheduleID, doctorID, date, startTime, endTime, shift) VALUES ('SC0301', 'ST0001', '2025-07-26', '2025-07-26 08:00:00', '2025-07-26 14:00:00', 'Morning');
INSERT INTO Schedule (scheduleID, doctorID, date, startTime, endTime, shift) VALUES ('SC0302', 'ST0001', '2025-07-26', '2025-07-26 14:00:00', '2025-07-26 20:00:00', 'Evening');
INSERT INTO Schedule (scheduleID, doctorID, date, startTime, endTime, shift) VALUES ('SC0303', 'ST0002', '2025-07-26', '2025-07-26 08:00:00', '2025-07-26 14:00:00', 'Morning');
INSERT INTO Schedule (scheduleID, doctorID, date, startTime, endTime, shift) VALUES ('SC0304', 'ST0002', '2025-07-26', '2025-07-26 14:00:00', '2025-07-26 20:00:00', 'Evening');
INSERT INTO Schedule (scheduleID, doctorID, date, startTime, endTime, shift) VALUES ('SC0305', 'ST0004', '2025-07-26', '2025-07-26 08:00:00', '2025-07-26 14:00:00', 'Morning');
INSERT INTO Schedule (scheduleID, doctorID, date, startTime, endTime, shift) VALUES ('SC0306', 'ST0004', '2025-07-26', '2025-07-26 14:00:00', '2025-07-26 20:00:00', 'Evening');
INSERT INTO Schedule (scheduleID, doctorID, date, startTime, endTime, shift) VALUES ('SC0307', 'ST0005', '2025-07-26', '2025-07-26 08:00:00', '2025-07-26 14:00:00', 'Morning');
INSERT INTO Schedule (scheduleID, doctorID, date, startTime, endTime, shift) VALUES ('SC0308', 'ST0005', '2025-07-26', '2025-07-26 14:00:00', '2025-07-26 20:00:00', 'Evening');
INSERT INTO Schedule (scheduleID, doctorID, date, startTime, endTime, shift) VALUES ('SC0309', 'ST0007', '2025-07-26', '2025-07-26 08:00:00', '2025-07-26 14:00:00', 'Morning');
INSERT INTO Schedule (scheduleID, doctorID, date, startTime, endTime, shift) VALUES ('SC0310', 'ST0007', '2025-07-26', '2025-07-26 14:00:00', '2025-07-26 20:00:00', 'Evening');
INSERT INTO Schedule (scheduleID, doctorID, date, startTime, endTime, shift) VALUES ('SC0311', 'ST0008', '2025-07-26', '2025-07-26 08:00:00', '2025-07-26 14:00:00', 'Morning');
INSERT INTO Schedule (scheduleID, doctorID, date, startTime, endTime, shift) VALUES ('SC0312', 'ST0008', '2025-07-26', '2025-07-26 14:00:00', '2025-07-26 20:00:00', 'Evening');
INSERT INTO Schedule (scheduleID, doctorID, date, startTime, endTime, shift) VALUES ('SC0313', 'ST0001', '2025-07-27', '2025-07-27 08:00:00', '2025-07-27 14:00:00', 'Morning');
INSERT INTO Schedule (scheduleID, doctorID, date, startTime, endTime, shift) VALUES ('SC0314', 'ST0001', '2025-07-27', '2025-07-27 14:00:00', '2025-07-27 20:00:00', 'Evening');
INSERT INTO Schedule (scheduleID, doctorID, date, startTime, endTime, shift) VALUES ('SC0315', 'ST0002', '2025-07-27', '2025-07-27 08:00:00', '2025-07-27 14:00:00', 'Morning');
INSERT INTO Schedule (scheduleID, doctorID, date, startTime, endTime, shift) VALUES ('SC0316', 'ST0002', '2025-07-27', '2025-07-27 14:00:00', '2025-07-27 20:00:00', 'Evening');
INSERT INTO Schedule (scheduleID, doctorID, date, startTime, endTime, shift) VALUES ('SC0317', 'ST0004', '2025-07-27', '2025-07-27 08:00:00', '2025-07-27 14:00:00', 'Morning');
INSERT INTO Schedule (scheduleID, doctorID, date, startTime, endTime, shift) VALUES ('SC0318', 'ST0004', '2025-07-27', '2025-07-27 14:00:00', '2025-07-27 20:00:00', 'Evening');
INSERT INTO Schedule (scheduleID, doctorID, date, startTime, endTime, shift) VALUES ('SC0319', 'ST0005', '2025-07-27', '2025-07-27 08:00:00', '2025-07-27 14:00:00', 'Morning');
INSERT INTO Schedule (scheduleID, doctorID, date, startTime, endTime, shift) VALUES ('SC0320', 'ST0005', '2025-07-27', '2025-07-27 14:00:00', '2025-07-27 20:00:00', 'Evening');
INSERT INTO Schedule (scheduleID, doctorID, date, startTime, endTime, shift) VALUES ('SC0321', 'ST0007', '2025-07-27', '2025-07-27 08:00:00', '2025-07-27 14:00:00', 'Morning');
INSERT INTO Schedule (scheduleID, doctorID, date, startTime, endTime, shift) VALUES ('SC0322', 'ST0007', '2025-07-27', '2025-07-27 14:00:00', '2025-07-27 20:00:00', 'Evening');
INSERT INTO Schedule (scheduleID, doctorID, date, startTime, endTime, shift) VALUES ('SC0323', 'ST0008', '2025-07-27', '2025-07-27 08:00:00', '2025-07-27 14:00:00', 'Morning');
INSERT INTO Schedule (scheduleID, doctorID, date, startTime, endTime, shift) VALUES ('SC0324', 'ST0008', '2025-07-27', '2025-07-27 14:00:00', '2025-07-27 20:00:00', 'Evening');
INSERT INTO Schedule (scheduleID, doctorID, date, startTime, endTime, shift) VALUES ('SC0325', 'ST0001', '2025-07-28', '2025-07-28 08:00:00', '2025-07-28 14:00:00', 'Morning');
INSERT INTO Schedule (scheduleID, doctorID, date, startTime, endTime, shift) VALUES ('SC0326', 'ST0001', '2025-07-28', '2025-07-28 14:00:00', '2025-07-28 20:00:00', 'Evening');
INSERT INTO Schedule (scheduleID, doctorID, date, startTime, endTime, shift) VALUES ('SC0327', 'ST0002', '2025-07-28', '2025-07-28 08:00:00', '2025-07-28 14:00:00', 'Morning');
INSERT INTO Schedule (scheduleID, doctorID, date, startTime, endTime, shift) VALUES ('SC0328', 'ST0002', '2025-07-28', '2025-07-28 14:00:00', '2025-07-28 20:00:00', 'Evening');
INSERT INTO Schedule (scheduleID, doctorID, date, startTime, endTime, shift) VALUES ('SC0329', 'ST0004', '2025-07-28', '2025-07-28 08:00:00', '2025-07-28 14:00:00', 'Morning');
INSERT INTO Schedule (scheduleID, doctorID, date, startTime, endTime, shift) VALUES ('SC0330', 'ST0004', '2025-07-28', '2025-07-28 14:00:00', '2025-07-28 20:00:00', 'Evening');
INSERT INTO Schedule (scheduleID, doctorID, date, startTime, endTime, shift) VALUES ('SC0331', 'ST0005', '2025-07-28', '2025-07-28 08:00:00', '2025-07-28 14:00:00', 'Morning');
INSERT INTO Schedule (scheduleID, doctorID, date, startTime, endTime, shift) VALUES ('SC0332', 'ST0005', '2025-07-28', '2025-07-28 14:00:00', '2025-07-28 20:00:00', 'Evening');
INSERT INTO Schedule (scheduleID, doctorID, date, startTime, endTime, shift) VALUES ('SC0333', 'ST0007', '2025-07-28', '2025-07-28 08:00:00', '2025-07-28 14:00:00', 'Morning');
INSERT INTO Schedule (scheduleID, doctorID, date, startTime, endTime, shift) VALUES ('SC0334', 'ST0007', '2025-07-28', '2025-07-28 14:00:00', '2025-07-28 20:00:00', 'Evening');
INSERT INTO Schedule (scheduleID, doctorID, date, startTime, endTime, shift) VALUES ('SC0335', 'ST0008', '2025-07-28', '2025-07-28 08:00:00', '2025-07-28 14:00:00', 'Morning');
INSERT INTO Schedule (scheduleID, doctorID, date, startTime, endTime, shift) VALUES ('SC0336', 'ST0008', '2025-07-28', '2025-07-28 14:00:00', '2025-07-28 20:00:00', 'Evening');
INSERT INTO Schedule (scheduleID, doctorID, date, startTime, endTime, shift) VALUES ('SC0337', 'ST0001', '2025-07-29', '2025-07-29 08:00:00', '2025-07-29 14:00:00', 'Morning');
INSERT INTO Schedule (scheduleID, doctorID, date, startTime, endTime, shift) VALUES ('SC0338', 'ST0001', '2025-07-29', '2025-07-29 14:00:00', '2025-07-29 20:00:00', 'Evening');
INSERT INTO Schedule (scheduleID, doctorID, date, startTime, endTime, shift) VALUES ('SC0339', 'ST0002', '2025-07-29', '2025-07-29 08:00:00', '2025-07-29 14:00:00', 'Morning');
INSERT INTO Schedule (scheduleID, doctorID, date, startTime, endTime, shift) VALUES ('SC0340', 'ST0002', '2025-07-29', '2025-07-29 14:00:00', '2025-07-29 20:00:00', 'Evening');
INSERT INTO Schedule (scheduleID, doctorID, date, startTime, endTime, shift) VALUES ('SC0341', 'ST0004', '2025-07-29', '2025-07-29 08:00:00', '2025-07-29 14:00:00', 'Morning');
INSERT INTO Schedule (scheduleID, doctorID, date, startTime, endTime, shift) VALUES ('SC0342', 'ST0004', '2025-07-29', '2025-07-29 14:00:00', '2025-07-29 20:00:00', 'Evening');
INSERT INTO Schedule (scheduleID, doctorID, date, startTime, endTime, shift) VALUES ('SC0343', 'ST0005', '2025-07-29', '2025-07-29 08:00:00', '2025-07-29 14:00:00', 'Morning');
INSERT INTO Schedule (scheduleID, doctorID, date, startTime, endTime, shift) VALUES ('SC0344', 'ST0005', '2025-07-29', '2025-07-29 14:00:00', '2025-07-29 20:00:00', 'Evening');
INSERT INTO Schedule (scheduleID, doctorID, date, startTime, endTime, shift) VALUES ('SC0345', 'ST0007', '2025-07-29', '2025-07-29 08:00:00', '2025-07-29 14:00:00', 'Morning');
INSERT INTO Schedule (scheduleID, doctorID, date, startTime, endTime, shift) VALUES ('SC0346', 'ST0007', '2025-07-29', '2025-07-29 14:00:00', '2025-07-29 20:00:00', 'Evening');
INSERT INTO Schedule (scheduleID, doctorID, date, startTime, endTime, shift) VALUES ('SC0347', 'ST0008', '2025-07-29', '2025-07-29 08:00:00', '2025-07-29 14:00:00', 'Morning');
INSERT INTO Schedule (scheduleID, doctorID, date, startTime, endTime, shift) VALUES ('SC0348', 'ST0008', '2025-07-29', '2025-07-29 14:00:00', '2025-07-29 20:00:00', 'Evening');
INSERT INTO Schedule (scheduleID, doctorID, date, startTime, endTime, shift) VALUES ('SC0349', 'ST0001', '2025-07-30', '2025-07-30 08:00:00', '2025-07-30 14:00:00', 'Morning');
INSERT INTO Schedule (scheduleID, doctorID, date, startTime, endTime, shift) VALUES ('SC0350', 'ST0001', '2025-07-30', '2025-07-30 14:00:00', '2025-07-30 20:00:00', 'Evening');
INSERT INTO Schedule (scheduleID, doctorID, date, startTime, endTime, shift) VALUES ('SC0351', 'ST0002', '2025-07-30', '2025-07-30 08:00:00', '2025-07-30 14:00:00', 'Morning');
INSERT INTO Schedule (scheduleID, doctorID, date, startTime, endTime, shift) VALUES ('SC0352', 'ST0002', '2025-07-30', '2025-07-30 14:00:00', '2025-07-30 20:00:00', 'Evening');
INSERT INTO Schedule (scheduleID, doctorID, date, startTime, endTime, shift) VALUES ('SC0353', 'ST0004', '2025-07-30', '2025-07-30 08:00:00', '2025-07-30 14:00:00', 'Morning');
INSERT INTO Schedule (scheduleID, doctorID, date, startTime, endTime, shift) VALUES ('SC0354', 'ST0004', '2025-07-30', '2025-07-30 14:00:00', '2025-07-30 20:00:00', 'Evening');
INSERT INTO Schedule (scheduleID, doctorID, date, startTime, endTime, shift) VALUES ('SC0355', 'ST0005', '2025-07-30', '2025-07-30 08:00:00', '2025-07-30 14:00:00', 'Morning');
INSERT INTO Schedule (scheduleID, doctorID, date, startTime, endTime, shift) VALUES ('SC0356', 'ST0005', '2025-07-30', '2025-07-30 14:00:00', '2025-07-30 20:00:00', 'Evening');
INSERT INTO Schedule (scheduleID, doctorID, date, startTime, endTime, shift) VALUES ('SC0357', 'ST0007', '2025-07-30', '2025-07-30 08:00:00', '2025-07-30 14:00:00', 'Morning');
INSERT INTO Schedule (scheduleID, doctorID, date, startTime, endTime, shift) VALUES ('SC0358', 'ST0007', '2025-07-30', '2025-07-30 14:00:00', '2025-07-30 20:00:00', 'Evening');
INSERT INTO Schedule (scheduleID, doctorID, date, startTime, endTime, shift) VALUES ('SC0359', 'ST0008', '2025-07-30', '2025-07-30 08:00:00', '2025-07-30 14:00:00', 'Morning');
INSERT INTO Schedule (scheduleID, doctorID, date, startTime, endTime, shift) VALUES ('SC0360', 'ST0008', '2025-07-30', '2025-07-30 14:00:00', '2025-07-30 20:00:00', 'Evening');
INSERT INTO Schedule (scheduleID, doctorID, date, startTime, endTime, shift) VALUES ('SC0361', 'ST0001', '2025-07-31', '2025-07-31 08:00:00', '2025-07-31 14:00:00', 'Morning');
INSERT INTO Schedule (scheduleID, doctorID, date, startTime, endTime, shift) VALUES ('SC0362', 'ST0001', '2025-07-31', '2025-07-31 14:00:00', '2025-07-31 20:00:00', 'Evening');
INSERT INTO Schedule (scheduleID, doctorID, date, startTime, endTime, shift) VALUES ('SC0363', 'ST0002', '2025-07-31', '2025-07-31 08:00:00', '2025-07-31 14:00:00', 'Morning');
INSERT INTO Schedule (scheduleID, doctorID, date, startTime, endTime, shift) VALUES ('SC0364', 'ST0002', '2025-07-31', '2025-07-31 14:00:00', '2025-07-31 20:00:00', 'Evening');
INSERT INTO Schedule (scheduleID, doctorID, date, startTime, endTime, shift) VALUES ('SC0365', 'ST0004', '2025-07-31', '2025-07-31 08:00:00', '2025-07-31 14:00:00', 'Morning');
INSERT INTO Schedule (scheduleID, doctorID, date, startTime, endTime, shift) VALUES ('SC0366', 'ST0004', '2025-07-31', '2025-07-31 14:00:00', '2025-07-31 20:00:00', 'Evening');
INSERT INTO Schedule (scheduleID, doctorID, date, startTime, endTime, shift) VALUES ('SC0367', 'ST0005', '2025-07-31', '2025-07-31 08:00:00', '2025-07-31 14:00:00', 'Morning');
INSERT INTO Schedule (scheduleID, doctorID, date, startTime, endTime, shift) VALUES ('SC0368', 'ST0005', '2025-07-31', '2025-07-31 14:00:00', '2025-07-31 20:00:00', 'Evening');
INSERT INTO Schedule (scheduleID, doctorID, date, startTime, endTime, shift) VALUES ('SC0369', 'ST0007', '2025-07-31', '2025-07-31 08:00:00', '2025-07-31 14:00:00', 'Morning');
INSERT INTO Schedule (scheduleID, doctorID, date, startTime, endTime, shift) VALUES ('SC0370', 'ST0007', '2025-07-31', '2025-07-31 14:00:00', '2025-07-31 20:00:00', 'Evening');
INSERT INTO Schedule (scheduleID, doctorID, date, startTime, endTime, shift) VALUES ('SC0371', 'ST0008', '2025-07-31', '2025-07-31 08:00:00', '2025-07-31 14:00:00', 'Morning');
INSERT INTO Schedule (scheduleID, doctorID, date, startTime, endTime, shift) VALUES ('SC0372', 'ST0008', '2025-07-31', '2025-07-31 14:00:00', '2025-07-31 20:00:00', 'Evening');
INSERT INTO Supplier (supplierId, supplierName, contactPerson, phoneNumber, email, address, bankName, accountNumber) VALUES ('SU0001', 'Rodriguez-Shelton', 'Leah Ruiz', '298.964.7229x626', 'parrishjohn@example.org', '63076 Vanessa Stream, North Deanburgh, GA 10087', 'OCBC', 'GIFA70669667623024');
INSERT INTO Supplier (supplierId, supplierName, contactPerson, phoneNumber, email, address, bankName, accountNumber) VALUES ('SU0002', 'Mitchell LLC', 'Nicole Duran', '001-697-949-2615x662', 'johnsontheresa@example.org', '13729 Smith Lakes, Lake Michael, ID 72504', 'CitiBank', 'OHZO26916338709252');
INSERT INTO Supplier (supplierId, supplierName, contactPerson, phoneNumber, email, address, bankName, accountNumber) VALUES ('SU0003', 'Morgan, Snyder and Mckay', 'William Hill', '(424)480-3073', 'taylorvirginia@example.net', '2288 Mark Trail Suite 511, South Richardborough, NE 49230', 'CitiBank', 'MIDO68493423554554');
INSERT INTO Supplier (supplierId, supplierName, contactPerson, phoneNumber, email, address, bankName, accountNumber) VALUES ('SU0004', 'Jones, Wright and Hopkins', 'Caitlin Cooper', '(748)545-7326x05784', 'lellis@example.net', '82617 John Manors Suite 409, Castanedafurt, ND 96116', 'HSBC', 'SRJO07030142777369');
INSERT INTO Supplier (supplierId, supplierName, contactPerson, phoneNumber, email, address, bankName, accountNumber) VALUES ('SU0005', 'Knight, Spencer and Ramsey', 'Natalie Wilkinson', '262-287-6160x67626', 'padillawilliam@example.org', '68449 Barber Green, Colleenbury, AK 09625', 'OCBC', 'BGGX13182330675614');
INSERT INTO Orders (ordersID, medicineID, supplierID, staffID, orderDate, orderStatus, unitPrice, quantity, totalAmount, expiryDate, stock) VALUES ('OR0001', 'ME0004', 'SU0014', 'ST0002', '2024-11-24', 'Cancelled', 46.32, 92, 4261.44, '2025-08-25', 92);
INSERT INTO Orders (ordersID, medicineID, supplierID, staffID, orderDate, orderStatus, unitPrice, quantity, totalAmount, expiryDate, stock) VALUES ('OR0002', 'ME0001', 'SU0018', 'ST0002', '2024-10-03', 'Cancelled', 72.55, 100, 7255.0, '2026-06-17', 100);
INSERT INTO Orders (ordersID, medicineID, supplierID, staffID, orderDate, orderStatus, unitPrice, quantity, totalAmount, expiryDate, stock) VALUES ('OR0003', 'ME0013', 'SU0018', 'ST0001', '2025-05-02', 'Pending', 48.8, 74, 3611.2, '2025-06-30', 74);
INSERT INTO Orders (ordersID, medicineID, supplierID, staffID, orderDate, orderStatus, unitPrice, quantity, totalAmount, expiryDate, stock) VALUES ('OR0004', 'ME0005', 'SU0018', 'ST0003', '2024-08-30', 'Pending', 35.24, 67, 2361.08, '2025-08-29', 67);
INSERT INTO Orders (ordersID, medicineID, supplierID, staffID, orderDate, orderStatus, unitPrice, quantity, totalAmount, expiryDate, stock) VALUES ('OR0005', 'ME0008', 'SU0012', 'ST0008', '2024-08-08', 'Cancelled', 12.81, 65, 832.65, '2026-02-23', 65);
INSERT INTO Orders (ordersID, medicineID, supplierID, staffID, orderDate, orderStatus, unitPrice, quantity, totalAmount, expiryDate, stock) VALUES ('OR0006', 'ME0006', 'SU0010', 'ST0007', '2024-08-16', 'Shipped', 37.47, 51, 1910.97, '2024-11-29', 51);
INSERT INTO Orders (ordersID, medicineID, supplierID, staffID, orderDate, orderStatus, unitPrice, quantity, totalAmount, expiryDate, stock) VALUES ('OR0007', 'ME0002', 'SU0017', 'ST0009', '2024-08-08', 'Delivered', 28.92, 100, 2892.0, '2026-04-07', 100);
INSERT INTO Orders (ordersID, medicineID, supplierID, staffID, orderDate, orderStatus, unitPrice, quantity, totalAmount, expiryDate, stock) VALUES ('OR0008', 'ME0015', 'SU0008', 'ST0006', '2025-03-20', 'Delivered', 28.78, 51, 1467.78, '2025-06-07', 51);
INSERT INTO Orders (ordersID, medicineID, supplierID, staffID, orderDate, orderStatus, unitPrice, quantity, totalAmount, expiryDate, stock) VALUES ('OR0009', 'ME0010', 'SU0003', 'ST0009', '2024-10-27', 'Delivered', 54.99, 55, 3024.45, '2025-01-08', 55);
INSERT INTO Orders (ordersID, medicineID, supplierID, staffID, orderDate, orderStatus, unitPrice, quantity, totalAmount, expiryDate, stock) VALUES ('OR0010', 'ME0001', 'SU0012', 'ST0005', '2025-01-28', 'Cancelled', 82.58, 95, 7845.1, '2025-10-03', 95);
INSERT INTO Orders (ordersID, medicineID, supplierID, staffID, orderDate, orderStatus, unitPrice, quantity, totalAmount, expiryDate, stock) VALUES ('OR0011', 'ME0009', 'SU0018', 'ST0001', '2024-12-31', 'Shipped', 19.98, 17, 339.66, '2026-03-24', 17);
INSERT INTO Orders (ordersID, medicineID, supplierID, staffID, orderDate, orderStatus, unitPrice, quantity, totalAmount, expiryDate, stock) VALUES ('OR0012', 'ME0006', 'SU0018', 'ST0007', '2025-06-06', 'Shipped', 16.34, 24, 392.16, '2026-07-29', 24);
INSERT INTO Orders (ordersID, medicineID, supplierID, staffID, orderDate, orderStatus, unitPrice, quantity, totalAmount, expiryDate, stock) VALUES ('OR0013', 'ME0010', 'SU0001', 'ST0009', '2025-01-16', 'Cancelled', 94.63, 34, 3217.42, '2026-03-02', 34);
INSERT INTO Orders (ordersID, medicineID, supplierID, staffID, orderDate, orderStatus, unitPrice, quantity, totalAmount, expiryDate, stock) VALUES ('OR0014', 'ME0015', 'SU0005', 'ST0008', '2025-05-04', 'Cancelled', 27.02, 87, 2350.74, '2025-07-24', 87);
INSERT INTO Orders (ordersID, medicineID, supplierID, staffID, orderDate, orderStatus, unitPrice, quantity, totalAmount, expiryDate, stock) VALUES ('OR0015', 'ME0010', 'SU0002', 'ST0004', '2025-01-28', 'Pending', 94.12, 64, 6023.68, '2025-11-30', 64);
INSERT INTO Orders (ordersID, medicineID, supplierID, staffID, orderDate, orderStatus, unitPrice, quantity, totalAmount, expiryDate, stock) VALUES ('OR0016', 'ME0015', 'SU0009', 'ST0003', '2024-11-27', 'Cancelled', 33.54, 34, 1140.36, '2025-10-02', 34);
INSERT INTO Orders (ordersID, medicineID, supplierID, staffID, orderDate, orderStatus, unitPrice, quantity, totalAmount, expiryDate, stock) VALUES ('OR0017', 'ME0013', 'SU0011', 'ST0002', '2025-02-10', 'Pending', 96.62, 98, 9468.76, '2026-07-02', 98);
INSERT INTO Orders (ordersID, medicineID, supplierID, staffID, orderDate, orderStatus, unitPrice, quantity, totalAmount, expiryDate, stock) VALUES ('OR0018', 'ME0014', 'SU0010', 'ST0006', '2025-05-04', 'Pending', 61.93, 21, 1300.53, '2026-03-26', 21);
INSERT INTO Orders (ordersID, medicineID, supplierID, staffID, orderDate, orderStatus, unitPrice, quantity, totalAmount, expiryDate, stock) VALUES ('OR0019', 'ME0013', 'SU0007', 'ST0006', '2025-03-02', 'Delivered', 77.45, 43, 3330.35, '2025-08-19', 43);
INSERT INTO Orders (ordersID, medicineID, supplierID, staffID, orderDate, orderStatus, unitPrice, quantity, totalAmount, expiryDate, stock) VALUES ('OR0020', 'ME0010', 'SU0005', 'ST0009', '2025-03-31', 'Cancelled', 96.65, 55, 5315.75, '2025-05-25', 55);
