INSERT INTO Staff (staffID, firstName, lastName, gender, dateOfBirth, nationality, idType, idNumber, contactNumber, email, address, position, medicalLicenseNumber, password, employmentDate) VALUES ('ST0001', 'Kristi', 'Nelson', 'Female', '1961-06-21', 'Comoros', 'Passport', '499-45-8900', '017-4953280', 'jefferyortiz@example.com', '52925 Victor Crossroad, Port Timothymouth, TX 31593', 'Doctor', 'MED155', 'Password123!', '2024-10-17');
INSERT INTO Staff (staffID, firstName, lastName, gender, dateOfBirth, nationality, idType, idNumber, contactNumber, email, address, position, medicalLicenseNumber, password, employmentDate) VALUES ('ST0002', 'Cody', 'Morgan', 'Female', '1992-12-25', 'Mauritius', 'IC', '473-20-2598', '017-6457538', 'catherine13@example.net', '36525 Parrish Flat Suite 598, West Scottmouth, PA 62178', 'Admin', '', 'Password123!', '2022-11-12');
INSERT INTO Staff (staffID, firstName, lastName, gender, dateOfBirth, nationality, idType, idNumber, contactNumber, email, address, position, medicalLicenseNumber, password, employmentDate) VALUES ('ST0003', 'Sonya', 'Barrera', 'Female', '1988-12-29', 'Madagascar', 'Passport', '159-70-2638', '016-1936957', 'andrewsrachael@example.org', '1764 Joshua Ports, Ashleyhaven, LA 58033', 'Doctor', 'MED934', 'Password123!', '2020-07-21');
INSERT INTO Staff (staffID, firstName, lastName, gender, dateOfBirth, nationality, idType, idNumber, contactNumber, email, address, position, medicalLicenseNumber, password, employmentDate) VALUES ('ST0004', 'Paul', 'Alexander', 'Male', '1977-10-19', 'Ethiopia', 'IC', '472-98-6454', '018-6241923', 'erinmiller@example.org', '14398 Paul Port, Bradyton, TX 58461', 'Doctor', 'MED822', 'Password123!', '2017-03-23');
INSERT INTO Staff (staffID, firstName, lastName, gender, dateOfBirth, nationality, idType, idNumber, contactNumber, email, address, position, medicalLicenseNumber, password, employmentDate) VALUES ('ST0005', 'Wyatt', 'Williams', 'Female', '1997-12-06', 'Jordan', 'Passport', '816-44-0155', '014-7295500', 'belljillian@example.com', '03987 Tammie Underpass Suite 895, Petersport, ND 40166', 'Doctor', 'MED715', 'Password123!', '2019-09-15');
INSERT INTO Staff (staffID, firstName, lastName, gender, dateOfBirth, nationality, idType, idNumber, contactNumber, email, address, position, medicalLicenseNumber, password, employmentDate) VALUES ('ST0006', 'Amanda', 'Levy', 'Male', '1971-10-22', 'Taiwan', 'IC', '797-07-4275', '018-2269984', 'nicholas70@example.com', '799 Riley Drive, North Jameschester, NE 36806', 'Admin', '', 'Password123!', '2024-07-01');
INSERT INTO Staff (staffID, firstName, lastName, gender, dateOfBirth, nationality, idType, idNumber, contactNumber, email, address, position, medicalLicenseNumber, password, employmentDate) VALUES ('ST0007', 'Joseph', 'Bryan', 'Female', '1964-02-13', 'Bahrain', 'Passport', '358-76-7941', '019-9210429', 'ucurry@example.net', '69925 Tara Circles, Michelleland, AS 61561', 'Admin', '', 'Password123!', '2019-07-29');
INSERT INTO Staff (staffID, firstName, lastName, gender, dateOfBirth, nationality, idType, idNumber, contactNumber, email, address, position, medicalLicenseNumber, password, employmentDate) VALUES ('ST0008', 'Ashley', 'Graham', 'Male', '1961-06-07', 'Solomon Islands', 'Passport', '319-93-5799', '016-9988684', 'kmiller@example.com', '072 Smith Meadows, Port Angelica, WI 49105', 'Doctor', 'MED819', 'Password123!', '2024-05-08');
INSERT INTO Staff (staffID, firstName, lastName, gender, dateOfBirth, nationality, idType, idNumber, contactNumber, email, address, position, medicalLicenseNumber, password, employmentDate) VALUES ('ST0009', 'Russell', 'Henry', 'Female', '1987-01-08', 'Nigeria', 'IC', '880-64-9424', '011-1786931', 'williethomas@example.com', '094 Jackson Manor Suite 364, Kevinhaven, SC 43405', 'Doctor', 'MED778', 'Password123!', '2018-06-11');
INSERT INTO Staff (staffID, firstName, lastName, gender, dateOfBirth, nationality, idType, idNumber, contactNumber, email, address, position, medicalLicenseNumber, password, employmentDate) VALUES ('ST0010', 'Aaron', 'Buchanan', 'Male', '1976-10-04', 'Estonia', 'IC', '679-51-8074', '010-4668193', 'kbailey@example.org', '85747 Jason Station Suite 428, North Juanton, MD 22991', 'Admin', '', 'Password123!', '2016-02-23');
INSERT INTO Patient (patientID, firstName, lastName, gender, dateOfBirth, age, nationality, idType, idNumber, studentId, contactNumber, email, address, emergencyContactName, emergencyContactNumber, allergies, bloodType) VALUES ('PT0001', 'Sarah', 'Nicholson', 'Female', '1987-06-17', 38, 'Mayotte', 'Passport', '470-21-9874', 'S00397', '011-3852022', 'burnscaleb@example.org', '15682 Joshua Tunnel Apt. 576, Kellybury, Malaysia', 'Jessica Clark', '017-7791091', 'Pollen', 'A-');
INSERT INTO Patient (patientID, firstName, lastName, gender, dateOfBirth, age, nationality, idType, idNumber, studentId, contactNumber, email, address, emergencyContactName, emergencyContactNumber, allergies, bloodType) VALUES ('PT0002', 'Michael', 'Valdez', 'Female', '1994-06-26', 31, 'Western Sahara', 'Passport', '134-42-1623', 'S09080', '016-9539452', 'cranecraig@example.com', '77987 Alexander Village, West Timmouth, Malaysia', 'Destiny Ibarra', '014-8752251', 'None', 'A-');
INSERT INTO Patient (patientID, firstName, lastName, gender, dateOfBirth, age, nationality, idType, idNumber, studentId, contactNumber, email, address, emergencyContactName, emergencyContactNumber, allergies, bloodType) VALUES ('PT0003', 'Johnny', 'Newman', 'Female', '1979-04-08', 46, 'Niger', 'Passport', '072-64-1801', 'S02276', '012-3571942', 'paul07@example.com', '81098 Steven Flat, Williamsfurt, Malaysia', 'Mercedes Davis', '011-4739873', 'Pollen', 'AB+');
INSERT INTO Patient (patientID, firstName, lastName, gender, dateOfBirth, age, nationality, idType, idNumber, studentId, contactNumber, email, address, emergencyContactName, emergencyContactNumber, allergies, bloodType) VALUES ('PT0004', 'Rebecca', 'Mason', 'Male', '1988-07-16', 37, 'Aruba', 'Passport', '894-84-4015', 'S07407', '011-4368333', 'john10@example.org', '11149 James Plains Apt. 309, West Matthew, Malaysia', 'Michael Freeman', '018-2582919', 'Peanuts', 'A+');
INSERT INTO Patient (patientID, firstName, lastName, gender, dateOfBirth, age, nationality, idType, idNumber, studentId, contactNumber, email, address, emergencyContactName, emergencyContactNumber, allergies, bloodType) VALUES ('PT0005', 'Chelsea', 'Weber', 'Female', '1993-08-24', 31, 'Netherlands Antilles', 'Passport', '409-54-6432', 'S02496', '010-6380683', 'karenpatterson@example.org', '97160 Luis Stravenue, Yvetteberg, Malaysia', 'Kristy Myers', '016-2596329', 'None', 'AB+');
INSERT INTO Patient (patientID, firstName, lastName, gender, dateOfBirth, age, nationality, idType, idNumber, studentId, contactNumber, email, address, emergencyContactName, emergencyContactNumber, allergies, bloodType) VALUES ('PT0006', 'Donald', 'Grant', 'Female', '2005-09-19', 19, 'Cameroon', 'Passport', '157-63-9447', 'S06244', '014-5259850', 'gonzalezjennifer@example.org', '7705 Kelley Mountains Suite 773, Ericland, Malaysia', 'Jay Stevens', '019-3664005', 'Peanuts', 'O+');
INSERT INTO Patient (patientID, firstName, lastName, gender, dateOfBirth, age, nationality, idType, idNumber, studentId, contactNumber, email, address, emergencyContactName, emergencyContactNumber, allergies, bloodType) VALUES ('PT0007', 'Robert', 'Evans', 'Male', '1983-06-30', 42, 'Norway', 'IC', '181-43-4439', 'S03118', '019-5823019', 'tiffany69@example.com', '735 Fisher Avenue Suite 025, West Clayton, Malaysia', 'Jennifer Riddle', '018-1934875', 'Latex', 'B+');
INSERT INTO Patient (patientID, firstName, lastName, gender, dateOfBirth, age, nationality, idType, idNumber, studentId, contactNumber, email, address, emergencyContactName, emergencyContactNumber, allergies, bloodType) VALUES ('PT0008', 'Louis', 'Dixon', 'Female', '1990-08-30', 34, 'Tajikistan', 'IC', '452-51-2403', 'S04661', '018-7115636', 'jasonthompson@example.com', '7590 Lynn Neck, West Melissahaven, Malaysia', 'Mrs. Heather Rivera', '017-8408045', 'Latex', 'AB+');
INSERT INTO Patient (patientID, firstName, lastName, gender, dateOfBirth, age, nationality, idType, idNumber, studentId, contactNumber, email, address, emergencyContactName, emergencyContactNumber, allergies, bloodType) VALUES ('PT0009', 'Rebecca', 'Dawson', 'Female', '1979-12-14', 45, 'Tunisia', 'IC', '754-34-3079', 'S00475', '011-7913596', 'hailey08@example.com', '54536 Justin Gateway Apt. 213, South Jacob, Malaysia', 'Debra Archer', '012-2815854', 'None', 'AB-');
INSERT INTO Patient (patientID, firstName, lastName, gender, dateOfBirth, age, nationality, idType, idNumber, studentId, contactNumber, email, address, emergencyContactName, emergencyContactNumber, allergies, bloodType) VALUES ('PT0010', 'Theresa', 'Vincent', 'Male', '1998-12-26', 26, 'Congo', 'IC', '012-05-0068', 'S07382', '012-9856963', 'charlesavila@example.org', '8349 Richard Parkway, Grantborough, Malaysia', 'Kevin Jackson', '011-8627804', 'Pollen', 'AB+');
INSERT INTO Patient (patientID, firstName, lastName, gender, dateOfBirth, age, nationality, idType, idNumber, studentId, contactNumber, email, address, emergencyContactName, emergencyContactNumber, allergies, bloodType) VALUES ('PT0011', 'Amy', 'Terry', 'Female', '1976-09-06', 48, 'Colombia', 'Passport', '437-86-5893', 'S06087', '019-6055549', 'mikeferguson@example.org', '51075 Johnson Brook, Smithbury, Malaysia', 'Shirley Austin', '011-1229157', 'Penicillin', 'AB+');
INSERT INTO Patient (patientID, firstName, lastName, gender, dateOfBirth, age, nationality, idType, idNumber, studentId, contactNumber, email, address, emergencyContactName, emergencyContactNumber, allergies, bloodType) VALUES ('PT0012', 'Julie', 'Yoder', 'Female', '1997-11-02', 27, 'Uruguay', 'Passport', '716-61-1251', 'S01048', '019-7378960', 'pbowen@example.org', '5876 Thompson Well Suite 001, Lake Noah, Malaysia', 'Theresa Watson', '019-6340330', 'None', 'AB+');
INSERT INTO Patient (patientID, firstName, lastName, gender, dateOfBirth, age, nationality, idType, idNumber, studentId, contactNumber, email, address, emergencyContactName, emergencyContactNumber, allergies, bloodType) VALUES ('PT0013', 'Jennifer', 'Gutierrez', 'Female', '2006-08-16', 18, 'Bermuda', 'Passport', '881-33-3672', 'S08669', '013-1598706', 'ibowers@example.org', '77357 Clark Underpass, New Robertfort, Malaysia', 'Glenn Burgess', '019-8048204', 'Peanuts', 'A+');
INSERT INTO Patient (patientID, firstName, lastName, gender, dateOfBirth, age, nationality, idType, idNumber, studentId, contactNumber, email, address, emergencyContactName, emergencyContactNumber, allergies, bloodType) VALUES ('PT0014', 'Gerald', 'Lin', 'Male', '1999-04-19', 26, 'Burkina Faso', 'IC', '266-17-8592', 'S05536', '010-2371652', 'lydiamason@example.net', '20190 John Lodge, Fosterstad, Malaysia', 'Joel Martin', '015-7192216', 'Peanuts', 'AB+');
INSERT INTO Patient (patientID, firstName, lastName, gender, dateOfBirth, age, nationality, idType, idNumber, studentId, contactNumber, email, address, emergencyContactName, emergencyContactNumber, allergies, bloodType) VALUES ('PT0015', 'Kathleen', 'Goodwin', 'Female', '1991-07-30', 34, 'Mozambique', 'Passport', '036-48-1658', 'S02425', '017-6383079', 'umonroe@example.org', '37573 Laura Circles, Danielfort, Malaysia', 'Diana May', '016-4092814', 'Peanuts', 'A-');
INSERT INTO Patient (patientID, firstName, lastName, gender, dateOfBirth, age, nationality, idType, idNumber, studentId, contactNumber, email, address, emergencyContactName, emergencyContactNumber, allergies, bloodType) VALUES ('PT0016', 'Sabrina', 'Swanson', 'Male', '1997-01-11', 28, 'Greece', 'IC', '139-14-4845', 'S05754', '010-5979703', 'robertwilliams@example.net', '30399 Joseph Squares Apt. 800, Timothyfort, Malaysia', 'Christina Ochoa', '017-9829245', 'Latex', 'AB-');
INSERT INTO Patient (patientID, firstName, lastName, gender, dateOfBirth, age, nationality, idType, idNumber, studentId, contactNumber, email, address, emergencyContactName, emergencyContactNumber, allergies, bloodType) VALUES ('PT0017', 'Kimberly', 'Butler', 'Male', '1989-09-09', 35, 'Congo', 'Passport', '106-60-6761', 'S00534', '019-8537412', 'annacasey@example.net', '151 Kerr Pike Suite 060, Lopezchester, Malaysia', 'Patrick Beltran', '012-5771730', 'Pollen', 'AB-');
INSERT INTO Patient (patientID, firstName, lastName, gender, dateOfBirth, age, nationality, idType, idNumber, studentId, contactNumber, email, address, emergencyContactName, emergencyContactNumber, allergies, bloodType) VALUES ('PT0018', 'Timothy', 'Long', 'Male', '1981-10-05', 43, 'Zimbabwe', 'Passport', '650-26-7972', 'S00846', '019-6677702', 'matthew04@example.org', '003 Gonzalez Prairie Suite 144, Davisville, Malaysia', 'Jonathan Mills', '016-3801629', 'Peanuts', 'A-');
INSERT INTO Patient (patientID, firstName, lastName, gender, dateOfBirth, age, nationality, idType, idNumber, studentId, contactNumber, email, address, emergencyContactName, emergencyContactNumber, allergies, bloodType) VALUES ('PT0019', 'Christina', 'Lucas', 'Female', '1977-01-12', 48, 'Belize', 'Passport', '365-55-5731', 'S07183', '014-3720648', 'beltrankevin@example.org', '29636 Amanda Port, Lake Rebecca, Malaysia', 'Mark Gonzalez', '011-8471073', 'Pollen', 'A-');
INSERT INTO Patient (patientID, firstName, lastName, gender, dateOfBirth, age, nationality, idType, idNumber, studentId, contactNumber, email, address, emergencyContactName, emergencyContactNumber, allergies, bloodType) VALUES ('PT0020', 'Nancy', 'Wallace', 'Male', '2007-05-16', 18, 'Malawi', 'IC', '538-76-7185', 'S03685', '015-5743170', 'usanchez@example.com', '14185 Ryan Knolls, West Reginaldmouth, Malaysia', 'Kimberly Salazar', '019-5198404', 'Pollen', 'A+');
INSERT INTO Appointment (appointmentID, patientID, appointmentTime, status) VALUES ('AP0001', 'PT0014', '2025-08-01 18:00:00', 'Checked-in');
INSERT INTO Appointment (appointmentID, patientID, appointmentTime, status) VALUES ('AP0002', 'PT0017', '2025-08-01 17:30:00', 'Cancelled');
INSERT INTO Appointment (appointmentID, patientID, appointmentTime, status) VALUES ('AP0003', 'PT0002', '2025-08-01 14:00:00', 'No shown');
INSERT INTO Appointment (appointmentID, patientID, appointmentTime, status) VALUES ('AP0004', 'PT0003', '2025-08-02 08:00:00', 'Cancelled');
INSERT INTO Appointment (appointmentID, patientID, appointmentTime, status) VALUES ('AP0005', 'PT0019', '2025-08-02 15:00:00', 'Scheduled');
INSERT INTO Appointment (appointmentID, patientID, appointmentTime, status) VALUES ('AP0006', 'PT0009', '2025-08-02 18:00:00', 'No shown');
INSERT INTO Appointment (appointmentID, patientID, appointmentTime, status) VALUES ('AP0007', 'PT0011', '2025-08-03 13:00:00', 'Cancelled');
INSERT INTO Appointment (appointmentID, patientID, appointmentTime, status) VALUES ('AP0008', 'PT0002', '2025-08-03 19:30:00', 'Checked-in');
INSERT INTO Appointment (appointmentID, patientID, appointmentTime, status) VALUES ('AP0009', 'PT0004', '2025-08-03 10:00:00', 'Scheduled');
INSERT INTO Appointment (appointmentID, patientID, appointmentTime, status) VALUES ('AP0010', 'PT0015', '2025-08-04 10:00:00', 'Checked-in');
INSERT INTO Appointment (appointmentID, patientID, appointmentTime, status) VALUES ('AP0011', 'PT0008', '2025-08-04 12:00:00', 'Checked-in');
INSERT INTO Appointment (appointmentID, patientID, appointmentTime, status) VALUES ('AP0012', 'PT0015', '2025-08-04 16:00:00', 'Checked-in');
INSERT INTO Appointment (appointmentID, patientID, appointmentTime, status) VALUES ('AP0013', 'PT0005', '2025-08-05 09:00:00', 'Checked-in');
INSERT INTO Appointment (appointmentID, patientID, appointmentTime, status) VALUES ('AP0014', 'PT0009', '2025-08-05 19:00:00', 'Scheduled');
INSERT INTO Appointment (appointmentID, patientID, appointmentTime, status) VALUES ('AP0015', 'PT0011', '2025-08-05 12:00:00', 'Scheduled');
INSERT INTO Appointment (appointmentID, patientID, appointmentTime, status) VALUES ('AP0016', 'PT0004', '2025-08-05 13:30:00', 'Scheduled');
INSERT INTO Appointment (appointmentID, patientID, appointmentTime, status) VALUES ('AP0017', 'PT0005', '2025-08-06 17:00:00', 'Checked-in');
INSERT INTO Appointment (appointmentID, patientID, appointmentTime, status) VALUES ('AP0018', 'PT0006', '2025-08-06 16:30:00', 'Cancelled');
INSERT INTO Appointment (appointmentID, patientID, appointmentTime, status) VALUES ('AP0019', 'PT0006', '2025-08-06 19:00:00', 'Cancelled');
INSERT INTO Appointment (appointmentID, patientID, appointmentTime, status) VALUES ('AP0020', 'PT0014', '2025-08-06 09:30:00', 'Scheduled');
INSERT INTO Appointment (appointmentID, patientID, appointmentTime, status) VALUES ('AP0021', 'PT0018', '2025-08-07 08:00:00', 'Scheduled');
INSERT INTO Appointment (appointmentID, patientID, appointmentTime, status) VALUES ('AP0022', 'PT0008', '2025-08-07 12:00:00', 'No shown');
INSERT INTO Appointment (appointmentID, patientID, appointmentTime, status) VALUES ('AP0023', 'PT0003', '2025-08-08 11:00:00', 'No shown');
INSERT INTO Appointment (appointmentID, patientID, appointmentTime, status) VALUES ('AP0024', 'PT0008', '2025-08-08 13:00:00', 'Scheduled');
INSERT INTO Appointment (appointmentID, patientID, appointmentTime, status) VALUES ('AP0025', 'PT0018', '2025-08-09 14:00:00', 'Checked-in');
INSERT INTO Appointment (appointmentID, patientID, appointmentTime, status) VALUES ('AP0026', 'PT0010', '2025-08-09 12:00:00', 'No shown');
INSERT INTO Appointment (appointmentID, patientID, appointmentTime, status) VALUES ('AP0027', 'PT0004', '2025-08-09 10:00:00', 'Checked-in');
INSERT INTO Appointment (appointmentID, patientID, appointmentTime, status) VALUES ('AP0028', 'PT0011', '2025-08-09 10:30:00', 'No shown');
INSERT INTO Appointment (appointmentID, patientID, appointmentTime, status) VALUES ('AP0029', 'PT0007', '2025-08-10 18:30:00', 'Checked-in');
INSERT INTO Appointment (appointmentID, patientID, appointmentTime, status) VALUES ('AP0030', 'PT0012', '2025-08-10 17:00:00', 'Cancelled');
INSERT INTO Appointment (appointmentID, patientID, appointmentTime, status) VALUES ('AP0031', 'PT0005', '2025-08-11 19:30:00', 'Scheduled');
INSERT INTO Appointment (appointmentID, patientID, appointmentTime, status) VALUES ('AP0032', 'PT0014', '2025-08-11 10:30:00', 'Checked-in');
INSERT INTO Appointment (appointmentID, patientID, appointmentTime, status) VALUES ('AP0033', 'PT0018', '2025-08-11 19:00:00', 'Checked-in');
INSERT INTO Appointment (appointmentID, patientID, appointmentTime, status) VALUES ('AP0034', 'PT0003', '2025-08-11 13:00:00', 'Cancelled');
INSERT INTO Appointment (appointmentID, patientID, appointmentTime, status) VALUES ('AP0035', 'PT0009', '2025-08-12 16:00:00', 'Scheduled');
INSERT INTO Appointment (appointmentID, patientID, appointmentTime, status) VALUES ('AP0036', 'PT0009', '2025-08-12 14:00:00', 'No shown');
INSERT INTO Appointment (appointmentID, patientID, appointmentTime, status) VALUES ('AP0037', 'PT0016', '2025-08-12 17:30:00', 'Checked-in');
INSERT INTO Appointment (appointmentID, patientID, appointmentTime, status) VALUES ('AP0038', 'PT0012', '2025-08-13 19:00:00', 'Scheduled');
INSERT INTO Appointment (appointmentID, patientID, appointmentTime, status) VALUES ('AP0039', 'PT0014', '2025-08-13 15:30:00', 'No shown');
INSERT INTO Appointment (appointmentID, patientID, appointmentTime, status) VALUES ('AP0040', 'PT0005', '2025-08-13 14:00:00', 'Cancelled');
INSERT INTO Appointment (appointmentID, patientID, appointmentTime, status) VALUES ('AP0041', 'PT0011', '2025-08-14 16:00:00', 'Scheduled');
INSERT INTO Appointment (appointmentID, patientID, appointmentTime, status) VALUES ('AP0042', 'PT0002', '2025-08-14 09:00:00', 'Scheduled');
INSERT INTO Appointment (appointmentID, patientID, appointmentTime, status) VALUES ('AP0043', 'PT0011', '2025-08-14 14:00:00', 'No shown');
INSERT INTO Appointment (appointmentID, patientID, appointmentTime, status) VALUES ('AP0044', 'PT0010', '2025-08-14 13:00:00', 'Scheduled');
INSERT INTO Appointment (appointmentID, patientID, appointmentTime, status) VALUES ('AP0045', 'PT0014', '2025-08-15 15:30:00', 'Checked-in');
INSERT INTO Appointment (appointmentID, patientID, appointmentTime, status) VALUES ('AP0046', 'PT0019', '2025-08-15 14:30:00', 'No shown');
INSERT INTO Appointment (appointmentID, patientID, appointmentTime, status) VALUES ('AP0047', 'PT0005', '2025-08-15 17:00:00', 'Scheduled');
INSERT INTO Appointment (appointmentID, patientID, appointmentTime, status) VALUES ('AP0048', 'PT0011', '2025-08-16 18:30:00', 'No shown');
INSERT INTO Appointment (appointmentID, patientID, appointmentTime, status) VALUES ('AP0049', 'PT0005', '2025-08-16 15:30:00', 'Scheduled');
INSERT INTO Appointment (appointmentID, patientID, appointmentTime, status) VALUES ('AP0050', 'PT0017', '2025-08-16 18:00:00', 'Scheduled');
INSERT INTO Appointment (appointmentID, patientID, appointmentTime, status) VALUES ('AP0051', 'PT0009', '2025-08-16 14:30:00', 'No shown');
INSERT INTO Appointment (appointmentID, patientID, appointmentTime, status) VALUES ('AP0052', 'PT0016', '2025-08-17 11:30:00', 'Checked-in');
INSERT INTO Appointment (appointmentID, patientID, appointmentTime, status) VALUES ('AP0053', 'PT0006', '2025-08-17 13:30:00', 'No shown');
INSERT INTO Appointment (appointmentID, patientID, appointmentTime, status) VALUES ('AP0054', 'PT0009', '2025-08-18 15:00:00', 'Cancelled');
INSERT INTO Appointment (appointmentID, patientID, appointmentTime, status) VALUES ('AP0055', 'PT0003', '2025-08-18 18:30:00', 'No shown');
INSERT INTO Appointment (appointmentID, patientID, appointmentTime, status) VALUES ('AP0056', 'PT0006', '2025-08-19 17:30:00', 'Scheduled');
INSERT INTO Appointment (appointmentID, patientID, appointmentTime, status) VALUES ('AP0057', 'PT0010', '2025-08-19 10:30:00', 'Checked-in');
INSERT INTO Appointment (appointmentID, patientID, appointmentTime, status) VALUES ('AP0058', 'PT0001', '2025-08-19 14:30:00', 'Checked-in');
INSERT INTO Appointment (appointmentID, patientID, appointmentTime, status) VALUES ('AP0059', 'PT0010', '2025-08-20 10:00:00', 'Cancelled');
INSERT INTO Appointment (appointmentID, patientID, appointmentTime, status) VALUES ('AP0060', 'PT0013', '2025-08-20 12:00:00', 'Cancelled');
INSERT INTO Appointment (appointmentID, patientID, appointmentTime, status) VALUES ('AP0061', 'PT0012', '2025-08-20 15:00:00', 'Cancelled');
INSERT INTO Appointment (appointmentID, patientID, appointmentTime, status) VALUES ('AP0062', 'PT0008', '2025-08-21 14:30:00', 'Checked-in');
INSERT INTO Appointment (appointmentID, patientID, appointmentTime, status) VALUES ('AP0063', 'PT0002', '2025-08-21 13:30:00', 'Checked-in');
INSERT INTO Appointment (appointmentID, patientID, appointmentTime, status) VALUES ('AP0064', 'PT0002', '2025-08-22 15:00:00', 'No shown');
INSERT INTO Appointment (appointmentID, patientID, appointmentTime, status) VALUES ('AP0065', 'PT0015', '2025-08-22 17:00:00', 'No shown');
INSERT INTO Appointment (appointmentID, patientID, appointmentTime, status) VALUES ('AP0066', 'PT0014', '2025-08-22 16:00:00', 'Cancelled');
INSERT INTO Appointment (appointmentID, patientID, appointmentTime, status) VALUES ('AP0067', 'PT0010', '2025-08-23 13:30:00', 'Cancelled');
INSERT INTO Appointment (appointmentID, patientID, appointmentTime, status) VALUES ('AP0068', 'PT0011', '2025-08-23 11:00:00', 'Checked-in');
INSERT INTO Appointment (appointmentID, patientID, appointmentTime, status) VALUES ('AP0069', 'PT0016', '2025-08-23 17:00:00', 'No shown');
INSERT INTO Appointment (appointmentID, patientID, appointmentTime, status) VALUES ('AP0070', 'PT0001', '2025-08-23 13:00:00', 'Cancelled');
INSERT INTO Appointment (appointmentID, patientID, appointmentTime, status) VALUES ('AP0071', 'PT0001', '2025-08-24 12:30:00', 'No shown');
INSERT INTO Appointment (appointmentID, patientID, appointmentTime, status) VALUES ('AP0072', 'PT0010', '2025-08-24 09:30:00', 'Scheduled');
INSERT INTO Appointment (appointmentID, patientID, appointmentTime, status) VALUES ('AP0073', 'PT0007', '2025-08-24 15:30:00', 'No shown');
INSERT INTO Appointment (appointmentID, patientID, appointmentTime, status) VALUES ('AP0074', 'PT0008', '2025-08-24 11:00:00', 'Checked-in');
INSERT INTO Appointment (appointmentID, patientID, appointmentTime, status) VALUES ('AP0075', 'PT0019', '2025-08-25 14:00:00', 'Scheduled');
INSERT INTO Appointment (appointmentID, patientID, appointmentTime, status) VALUES ('AP0076', 'PT0019', '2025-08-25 09:00:00', 'Scheduled');
INSERT INTO Appointment (appointmentID, patientID, appointmentTime, status) VALUES ('AP0077', 'PT0014', '2025-08-25 17:00:00', 'Cancelled');
INSERT INTO Appointment (appointmentID, patientID, appointmentTime, status) VALUES ('AP0078', 'PT0017', '2025-08-25 12:00:00', 'Checked-in');
INSERT INTO Appointment (appointmentID, patientID, appointmentTime, status) VALUES ('AP0079', 'PT0012', '2025-08-26 12:30:00', 'Cancelled');
INSERT INTO Appointment (appointmentID, patientID, appointmentTime, status) VALUES ('AP0080', 'PT0019', '2025-08-26 10:30:00', 'Cancelled');
INSERT INTO Appointment (appointmentID, patientID, appointmentTime, status) VALUES ('AP0081', 'PT0016', '2025-08-26 17:00:00', 'Scheduled');
INSERT INTO Appointment (appointmentID, patientID, appointmentTime, status) VALUES ('AP0082', 'PT0003', '2025-08-26 16:00:00', 'No shown');
INSERT INTO Appointment (appointmentID, patientID, appointmentTime, status) VALUES ('AP0083', 'PT0012', '2025-08-27 19:30:00', 'Checked-in');
INSERT INTO Appointment (appointmentID, patientID, appointmentTime, status) VALUES ('AP0084', 'PT0013', '2025-08-27 14:30:00', 'Cancelled');
INSERT INTO Appointment (appointmentID, patientID, appointmentTime, status) VALUES ('AP0085', 'PT0016', '2025-08-27 13:30:00', 'No shown');
INSERT INTO Appointment (appointmentID, patientID, appointmentTime, status) VALUES ('AP0086', 'PT0020', '2025-08-28 09:30:00', 'Checked-in');
INSERT INTO Appointment (appointmentID, patientID, appointmentTime, status) VALUES ('AP0087', 'PT0013', '2025-08-28 11:00:00', 'Scheduled');
INSERT INTO Appointment (appointmentID, patientID, appointmentTime, status) VALUES ('AP0088', 'PT0006', '2025-08-28 18:30:00', 'Scheduled');
INSERT INTO Appointment (appointmentID, patientID, appointmentTime, status) VALUES ('AP0089', 'PT0003', '2025-08-29 10:30:00', 'Scheduled');
INSERT INTO Appointment (appointmentID, patientID, appointmentTime, status) VALUES ('AP0090', 'PT0010', '2025-08-29 13:30:00', 'Cancelled');
INSERT INTO Appointment (appointmentID, patientID, appointmentTime, status) VALUES ('AP0091', 'PT0004', '2025-08-29 12:30:00', 'Scheduled');
INSERT INTO Appointment (appointmentID, patientID, appointmentTime, status) VALUES ('AP0092', 'PT0019', '2025-08-29 09:00:00', 'Cancelled');
INSERT INTO Appointment (appointmentID, patientID, appointmentTime, status) VALUES ('AP0093', 'PT0002', '2025-08-30 17:30:00', 'Scheduled');
INSERT INTO Appointment (appointmentID, patientID, appointmentTime, status) VALUES ('AP0094', 'PT0012', '2025-08-30 08:30:00', 'Checked-in');
INSERT INTO Appointment (appointmentID, patientID, appointmentTime, status) VALUES ('AP0095', 'PT0004', '2025-08-30 16:00:00', 'Scheduled');
INSERT INTO Appointment (appointmentID, patientID, appointmentTime, status) VALUES ('AP0096', 'PT0008', '2025-08-30 14:30:00', 'No shown');
INSERT INTO Appointment (appointmentID, patientID, appointmentTime, status) VALUES ('AP0097', 'PT0002', '2025-08-31 13:30:00', 'Cancelled');
INSERT INTO Appointment (appointmentID, patientID, appointmentTime, status) VALUES ('AP0098', 'PT0017', '2025-08-31 19:00:00', 'No shown');
INSERT INTO Appointment (appointmentID, patientID, appointmentTime, status) VALUES ('AP0099', 'PT0008', '2025-08-31 17:00:00', 'Cancelled');
INSERT INTO Appointment (appointmentID, patientID, appointmentTime, status) VALUES ('AP0100', 'PT0014', '2025-08-31 18:00:00', 'Cancelled');
INSERT INTO Consultation (consultationID, patientID, doctorID, staffID, billID, symptoms, diagnosis, consultationDate, checkInTime, isFollowUpRequired, followUpDate, status, mcID, startDate, endDate) VALUES ('CO0001', 'PT0002', 'ST0003', 'ST8198', 'BI0751', 'Fever', 'Flu', '2025-09-08', '2025-09-08 15:00:00', False, NULL, 'Waiting', 'MC-7813', '2025-09-08', '2025-09-10');
INSERT INTO Consultation (consultationID, patientID, doctorID, staffID, billID, symptoms, diagnosis, consultationDate, checkInTime, isFollowUpRequired, followUpDate, status, mcID, startDate, endDate) VALUES ('CO0002', 'PT0008', 'ST0005', 'ST1495', 'BI6945', 'Headache', 'Hypertension', '2025-07-29', '2025-07-29 10:00:00', False, NULL, 'Completed', NULL, NULL, NULL);
INSERT INTO Consultation (consultationID, patientID, doctorID, staffID, billID, symptoms, diagnosis, consultationDate, checkInTime, isFollowUpRequired, followUpDate, status, mcID, startDate, endDate) VALUES ('CO0003', 'PT0004', 'ST0004', 'ST2504', 'BI1840', 'Cough', 'Cold', '2025-08-16', '2025-08-16 14:00:00', False, NULL, 'Waiting', NULL, NULL, NULL);
INSERT INTO Consultation (consultationID, patientID, doctorID, staffID, billID, symptoms, diagnosis, consultationDate, checkInTime, isFollowUpRequired, followUpDate, status, mcID, startDate, endDate) VALUES ('CO0004', 'PT0002', 'ST0004', 'ST6700', 'BI7731', 'Cough', 'Cold', '2025-09-04', '2025-09-04 14:45:00', False, NULL, 'In Progress', NULL, NULL, NULL);
INSERT INTO Consultation (consultationID, patientID, doctorID, staffID, billID, symptoms, diagnosis, consultationDate, checkInTime, isFollowUpRequired, followUpDate, status, mcID, startDate, endDate) VALUES ('CO0005', 'PT0004', 'ST0003', 'ST1759', 'BI6489', 'Nausea', 'Hypertension', '2025-09-01', '2025-09-01 13:15:00', True, '2025-09-09', 'Billing', 'MC-6250', '2025-09-01', '2025-09-06');
INSERT INTO Consultation (consultationID, patientID, doctorID, staffID, billID, symptoms, diagnosis, consultationDate, checkInTime, isFollowUpRequired, followUpDate, status, mcID, startDate, endDate) VALUES ('CO0006', 'PT0016', 'ST0004', 'ST4596', 'BI6449', 'Fever', 'Cold', '2025-07-02', '2025-07-02 12:15:00', True, '2025-07-25', 'Completed', 'MC-1309', '2025-07-02', '2025-07-06');
INSERT INTO Consultation (consultationID, patientID, doctorID, staffID, billID, symptoms, diagnosis, consultationDate, checkInTime, isFollowUpRequired, followUpDate, status, mcID, startDate, endDate) VALUES ('CO0007', 'PT0015', 'ST0003', 'ST8670', 'BI3037', 'Fever', 'Hypertension', '2025-06-19', '2025-06-19 14:00:00', True, '2025-07-03', 'Waiting', NULL, NULL, NULL);
INSERT INTO Consultation (consultationID, patientID, doctorID, staffID, billID, symptoms, diagnosis, consultationDate, checkInTime, isFollowUpRequired, followUpDate, status, mcID, startDate, endDate) VALUES ('CO0008', 'PT0008', 'ST0009', 'ST9318', 'BI5905', 'Back pain', 'Diabetes', '2025-07-01', '2025-07-01 10:00:00', False, NULL, 'Billing', NULL, NULL, NULL);
INSERT INTO Consultation (consultationID, patientID, doctorID, staffID, billID, symptoms, diagnosis, consultationDate, checkInTime, isFollowUpRequired, followUpDate, status, mcID, startDate, endDate) VALUES ('CO0009', 'PT0016', 'ST0003', 'ST4059', 'BI8631', 'Nausea', 'Hypertension', '2025-07-04', '2025-07-04 11:45:00', False, NULL, 'Completed', NULL, NULL, NULL);
INSERT INTO Consultation (consultationID, patientID, doctorID, staffID, billID, symptoms, diagnosis, consultationDate, checkInTime, isFollowUpRequired, followUpDate, status, mcID, startDate, endDate) VALUES ('CO0010', 'PT0016', 'ST0003', 'ST3342', 'BI7743', 'Back pain', 'Diabetes', '2025-09-07', '2025-09-07 10:15:00', True, '2025-09-26', 'Billing', 'MC-5701', '2025-09-07', '2025-09-08');
INSERT INTO Consultation (consultationID, patientID, doctorID, staffID, billID, symptoms, diagnosis, consultationDate, checkInTime, isFollowUpRequired, followUpDate, status, mcID, startDate, endDate) VALUES ('CO0011', 'PT0006', 'ST0008', 'ST8852', 'BI7885', 'Nausea', 'Hypertension', '2025-07-19', '2025-07-19 12:45:00', False, NULL, 'Waiting', 'MC-2796', '2025-07-19', '2025-07-24');
INSERT INTO Consultation (consultationID, patientID, doctorID, staffID, billID, symptoms, diagnosis, consultationDate, checkInTime, isFollowUpRequired, followUpDate, status, mcID, startDate, endDate) VALUES ('CO0012', 'PT0015', 'ST0001', 'ST9809', 'BI4806', 'Nausea', 'Cold', '2025-08-14', '2025-08-14 16:45:00', True, '2025-08-15', 'Completed', 'MC-9347', '2025-08-14', '2025-08-18');
INSERT INTO Consultation (consultationID, patientID, doctorID, staffID, billID, symptoms, diagnosis, consultationDate, checkInTime, isFollowUpRequired, followUpDate, status, mcID, startDate, endDate) VALUES ('CO0013', 'PT0014', 'ST0004', 'ST8230', 'BI1306', 'Headache', 'Hypertension', '2025-07-25', '2025-07-25 15:00:00', True, '2025-08-06', 'Billing', NULL, NULL, NULL);
INSERT INTO Consultation (consultationID, patientID, doctorID, staffID, billID, symptoms, diagnosis, consultationDate, checkInTime, isFollowUpRequired, followUpDate, status, mcID, startDate, endDate) VALUES ('CO0014', 'PT0020', 'ST0009', 'ST1532', 'BI2598', 'Back pain', 'Flu', '2025-08-04', '2025-08-04 09:15:00', True, '2025-08-05', 'Billing', NULL, NULL, NULL);
INSERT INTO Consultation (consultationID, patientID, doctorID, staffID, billID, symptoms, diagnosis, consultationDate, checkInTime, isFollowUpRequired, followUpDate, status, mcID, startDate, endDate) VALUES ('CO0015', 'PT0018', 'ST0008', 'ST9104', 'BI1616', 'Back pain', 'Flu', '2025-08-23', '2025-08-23 14:45:00', True, '2025-08-26', 'Billing', NULL, NULL, NULL);
INSERT INTO Consultation (consultationID, patientID, doctorID, staffID, billID, symptoms, diagnosis, consultationDate, checkInTime, isFollowUpRequired, followUpDate, status, mcID, startDate, endDate) VALUES ('CO0016', 'PT0011', 'ST0009', 'ST8401', 'BI3943', 'Nausea', 'Healthy', '2025-08-18', '2025-08-18 14:00:00', True, '2025-08-23', 'Cancelled', NULL, NULL, NULL);
INSERT INTO Consultation (consultationID, patientID, doctorID, staffID, billID, symptoms, diagnosis, consultationDate, checkInTime, isFollowUpRequired, followUpDate, status, mcID, startDate, endDate) VALUES ('CO0017', 'PT0008', 'ST0005', 'ST5370', 'BI0755', 'Headache', 'Cold', '2025-06-22', '2025-06-22 10:00:00', False, NULL, 'Billing', 'MC-6395', '2025-06-22', '2025-06-27');
INSERT INTO Consultation (consultationID, patientID, doctorID, staffID, billID, symptoms, diagnosis, consultationDate, checkInTime, isFollowUpRequired, followUpDate, status, mcID, startDate, endDate) VALUES ('CO0018', 'PT0002', 'ST0001', 'ST5498', 'BI9071', 'Nausea', 'Cold', '2025-06-19', '2025-06-19 08:45:00', True, '2025-07-05', 'Cancelled', 'MC-1013', '2025-06-19', '2025-06-21');
INSERT INTO Consultation (consultationID, patientID, doctorID, staffID, billID, symptoms, diagnosis, consultationDate, checkInTime, isFollowUpRequired, followUpDate, status, mcID, startDate, endDate) VALUES ('CO0019', 'PT0013', 'ST0001', 'ST6039', 'BI5572', 'Nausea', 'Flu', '2025-07-28', '2025-07-28 09:30:00', True, '2025-08-08', 'Waiting', NULL, NULL, NULL);
INSERT INTO Consultation (consultationID, patientID, doctorID, staffID, billID, symptoms, diagnosis, consultationDate, checkInTime, isFollowUpRequired, followUpDate, status, mcID, startDate, endDate) VALUES ('CO0020', 'PT0008', 'ST0005', 'ST5194', 'BI6264', 'Fever', 'Hypertension', '2025-06-20', '2025-06-20 10:15:00', False, NULL, 'Cancelled', NULL, NULL, NULL);
INSERT INTO Consultation (consultationID, patientID, doctorID, staffID, billID, symptoms, diagnosis, consultationDate, checkInTime, isFollowUpRequired, followUpDate, status, mcID, startDate, endDate) VALUES ('CO0021', 'PT0007', 'ST0009', 'ST2268', 'BI3050', 'Headache', 'Cold', '2025-06-26', '2025-06-26 09:45:00', False, NULL, 'Completed', NULL, NULL, NULL);
INSERT INTO Consultation (consultationID, patientID, doctorID, staffID, billID, symptoms, diagnosis, consultationDate, checkInTime, isFollowUpRequired, followUpDate, status, mcID, startDate, endDate) VALUES ('CO0022', 'PT0017', 'ST0005', 'ST3392', 'BI8076', 'Headache', 'Flu', '2025-07-07', '2025-07-07 12:00:00', False, NULL, 'In Progress', NULL, NULL, NULL);
INSERT INTO Consultation (consultationID, patientID, doctorID, staffID, billID, symptoms, diagnosis, consultationDate, checkInTime, isFollowUpRequired, followUpDate, status, mcID, startDate, endDate) VALUES ('CO0023', 'PT0013', 'ST0005', 'ST4369', 'BI3373', 'Nausea', 'Healthy', '2025-09-04', '2025-09-04 09:30:00', False, NULL, 'Waiting', NULL, NULL, NULL);
INSERT INTO Consultation (consultationID, patientID, doctorID, staffID, billID, symptoms, diagnosis, consultationDate, checkInTime, isFollowUpRequired, followUpDate, status, mcID, startDate, endDate) VALUES ('CO0024', 'PT0002', 'ST0001', 'ST9669', 'BI9476', 'Fever', 'Diabetes', '2025-09-09', '2025-09-09 16:15:00', False, NULL, 'Cancelled', 'MC-7015', '2025-09-09', '2025-09-11');
INSERT INTO Consultation (consultationID, patientID, doctorID, staffID, billID, symptoms, diagnosis, consultationDate, checkInTime, isFollowUpRequired, followUpDate, status, mcID, startDate, endDate) VALUES ('CO0025', 'PT0020', 'ST0004', 'ST4540', 'BI5664', 'Nausea', 'Cold', '2025-07-03', '2025-07-03 12:15:00', False, NULL, 'Billing', NULL, NULL, NULL);
INSERT INTO Consultation (consultationID, patientID, doctorID, staffID, billID, symptoms, diagnosis, consultationDate, checkInTime, isFollowUpRequired, followUpDate, status, mcID, startDate, endDate) VALUES ('CO0026', 'PT0003', 'ST0005', 'ST2670', 'BI8827', 'Back pain', 'Healthy', '2025-07-31', '2025-07-31 11:45:00', False, NULL, 'In Progress', 'MC-8709', '2025-07-31', '2025-08-01');
INSERT INTO Consultation (consultationID, patientID, doctorID, staffID, billID, symptoms, diagnosis, consultationDate, checkInTime, isFollowUpRequired, followUpDate, status, mcID, startDate, endDate) VALUES ('CO0027', 'PT0010', 'ST0008', 'ST7233', 'BI8638', 'Cough', 'Diabetes', '2025-07-20', '2025-07-20 15:00:00', False, NULL, 'Completed', NULL, NULL, NULL);
INSERT INTO Consultation (consultationID, patientID, doctorID, staffID, billID, symptoms, diagnosis, consultationDate, checkInTime, isFollowUpRequired, followUpDate, status, mcID, startDate, endDate) VALUES ('CO0028', 'PT0001', 'ST0008', 'ST9297', 'BI3112', 'Headache', 'Diabetes', '2025-08-11', '2025-08-11 12:00:00', True, '2025-08-15', 'Completed', NULL, NULL, NULL);
INSERT INTO Consultation (consultationID, patientID, doctorID, staffID, billID, symptoms, diagnosis, consultationDate, checkInTime, isFollowUpRequired, followUpDate, status, mcID, startDate, endDate) VALUES ('CO0029', 'PT0014', 'ST0001', 'ST6716', 'BI1488', 'Cough', 'Flu', '2025-08-22', '2025-08-22 13:30:00', False, NULL, 'Billing', 'MC-1375', '2025-08-22', '2025-08-26');
INSERT INTO Consultation (consultationID, patientID, doctorID, staffID, billID, symptoms, diagnosis, consultationDate, checkInTime, isFollowUpRequired, followUpDate, status, mcID, startDate, endDate) VALUES ('CO0030', 'PT0015', 'ST0004', 'ST8418', 'BI7068', 'Nausea', 'Hypertension', '2025-09-02', '2025-09-02 10:30:00', False, NULL, 'Waiting', 'MC-4813', '2025-09-02', '2025-09-06');
INSERT INTO Consultation (consultationID, patientID, doctorID, staffID, billID, symptoms, diagnosis, consultationDate, checkInTime, isFollowUpRequired, followUpDate, status, mcID, startDate, endDate) VALUES ('CO0031', 'PT0005', 'ST0001', 'ST1270', 'BI1338', 'Cough', 'Hypertension', '2025-07-30', '2025-07-30 10:45:00', True, '2025-08-06', 'Billing', 'MC-5439', '2025-07-30', '2025-07-31');
INSERT INTO Consultation (consultationID, patientID, doctorID, staffID, billID, symptoms, diagnosis, consultationDate, checkInTime, isFollowUpRequired, followUpDate, status, mcID, startDate, endDate) VALUES ('CO0032', 'PT0004', 'ST0009', 'ST8800', 'BI2977', 'Cough', 'Diabetes', '2025-07-15', '2025-07-15 10:30:00', False, NULL, 'Waiting', NULL, NULL, NULL);
INSERT INTO Consultation (consultationID, patientID, doctorID, staffID, billID, symptoms, diagnosis, consultationDate, checkInTime, isFollowUpRequired, followUpDate, status, mcID, startDate, endDate) VALUES ('CO0033', 'PT0015', 'ST0003', 'ST1723', 'BI4753', 'Cough', 'Healthy', '2025-09-13', '2025-09-13 14:30:00', True, '2025-09-15', 'In Progress', 'MC-0566', '2025-09-13', '2025-09-18');
INSERT INTO Consultation (consultationID, patientID, doctorID, staffID, billID, symptoms, diagnosis, consultationDate, checkInTime, isFollowUpRequired, followUpDate, status, mcID, startDate, endDate) VALUES ('CO0034', 'PT0014', 'ST0003', 'ST2250', 'BI8325', 'Fever', 'Flu', '2025-08-13', '2025-08-13 09:45:00', False, NULL, 'In Progress', 'MC-3671', '2025-08-13', '2025-08-14');
INSERT INTO Consultation (consultationID, patientID, doctorID, staffID, billID, symptoms, diagnosis, consultationDate, checkInTime, isFollowUpRequired, followUpDate, status, mcID, startDate, endDate) VALUES ('CO0035', 'PT0008', 'ST0008', 'ST2919', 'BI7564', 'Fever', 'Healthy', '2025-06-25', '2025-06-25 14:30:00', False, NULL, 'Billing', NULL, NULL, NULL);
INSERT INTO Consultation (consultationID, patientID, doctorID, staffID, billID, symptoms, diagnosis, consultationDate, checkInTime, isFollowUpRequired, followUpDate, status, mcID, startDate, endDate) VALUES ('CO0036', 'PT0001', 'ST0003', 'ST1626', 'BI3140', 'Cough', 'Hypertension', '2025-07-22', '2025-07-22 10:15:00', False, NULL, 'In Progress', NULL, NULL, NULL);
INSERT INTO Consultation (consultationID, patientID, doctorID, staffID, billID, symptoms, diagnosis, consultationDate, checkInTime, isFollowUpRequired, followUpDate, status, mcID, startDate, endDate) VALUES ('CO0037', 'PT0012', 'ST0005', 'ST8317', 'BI5607', 'Cough', 'Diabetes', '2025-08-28', '2025-08-28 14:15:00', True, '2025-09-14', 'Billing', NULL, NULL, NULL);
INSERT INTO Consultation (consultationID, patientID, doctorID, staffID, billID, symptoms, diagnosis, consultationDate, checkInTime, isFollowUpRequired, followUpDate, status, mcID, startDate, endDate) VALUES ('CO0038', 'PT0010', 'ST0005', 'ST6508', 'BI2894', 'Headache', 'Cold', '2025-07-16', '2025-07-16 15:45:00', False, NULL, 'Billing', 'MC-6629', '2025-07-16', '2025-07-21');
INSERT INTO Consultation (consultationID, patientID, doctorID, staffID, billID, symptoms, diagnosis, consultationDate, checkInTime, isFollowUpRequired, followUpDate, status, mcID, startDate, endDate) VALUES ('CO0039', 'PT0018', 'ST0009', 'ST5791', 'BI7941', 'Fever', 'Cold', '2025-08-05', '2025-08-05 11:00:00', True, '2025-09-03', 'Cancelled', 'MC-7299', '2025-08-05', '2025-08-10');
INSERT INTO Consultation (consultationID, patientID, doctorID, staffID, billID, symptoms, diagnosis, consultationDate, checkInTime, isFollowUpRequired, followUpDate, status, mcID, startDate, endDate) VALUES ('CO0040', 'PT0009', 'ST0009', 'ST9180', 'BI0955', 'Fever', 'Diabetes', '2025-07-12', '2025-07-12 10:45:00', True, '2025-08-04', 'Billing', NULL, NULL, NULL);
INSERT INTO Medicine (medicineID, medicineName, description, totalStock, reorderLevel, sellingPrice) VALUES ('ME0001', 'CourtMed', 'Including far ever arrive wrong.', 133, 27, 70.38);
INSERT INTO Medicine (medicineID, medicineName, description, totalStock, reorderLevel, sellingPrice) VALUES ('ME0002', 'BoxMed', 'Admit program blue man class partner.', 87, 18, 19.8);
INSERT INTO Medicine (medicineID, medicineName, description, totalStock, reorderLevel, sellingPrice) VALUES ('ME0003', 'CurrentMed', 'Where but read technology into type from.', 190, 28, 82.44);
INSERT INTO Medicine (medicineID, medicineName, description, totalStock, reorderLevel, sellingPrice) VALUES ('ME0004', 'OfficerMed', 'Play common place all role various.', 132, 10, 9.14);
INSERT INTO Medicine (medicineID, medicineName, description, totalStock, reorderLevel, sellingPrice) VALUES ('ME0005', 'OurMed', 'Agreement material hold fire including.', 58, 27, 56.56);
INSERT INTO Medicine (medicineID, medicineName, description, totalStock, reorderLevel, sellingPrice) VALUES ('ME0006', 'GunMed', 'Land what religious.', 66, 10, 9.45);
INSERT INTO Medicine (medicineID, medicineName, description, totalStock, reorderLevel, sellingPrice) VALUES ('ME0007', 'EventMed', 'Under care about avoid appear design though.', 158, 22, 23.32);
INSERT INTO Medicine (medicineID, medicineName, description, totalStock, reorderLevel, sellingPrice) VALUES ('ME0008', 'IntoMed', 'Sense boy watch program ask record treat window.', 104, 15, 95.4);
INSERT INTO Medicine (medicineID, medicineName, description, totalStock, reorderLevel, sellingPrice) VALUES ('ME0009', 'LandMed', 'Take director join reach.', 127, 12, 20.4);
INSERT INTO Medicine (medicineID, medicineName, description, totalStock, reorderLevel, sellingPrice) VALUES ('ME0010', 'InMed', 'Care point take evidence there.', 169, 25, 13.23);
INSERT INTO Medicine (medicineID, medicineName, description, totalStock, reorderLevel, sellingPrice) VALUES ('ME0011', 'DirectionMed', 'Author away who animal only today.', 141, 10, 53.64);
INSERT INTO Medicine (medicineID, medicineName, description, totalStock, reorderLevel, sellingPrice) VALUES ('ME0012', 'BehindMed', 'Couple traditional bag.', 188, 28, 46.65);
INSERT INTO Medicine (medicineID, medicineName, description, totalStock, reorderLevel, sellingPrice) VALUES ('ME0013', 'SeniorMed', 'Kid alone about price general majority life.', 191, 24, 16.66);
INSERT INTO Medicine (medicineID, medicineName, description, totalStock, reorderLevel, sellingPrice) VALUES ('ME0014', 'EnoughMed', 'Help direction hit fire role fund.', 94, 16, 79.69);
INSERT INTO Medicine (medicineID, medicineName, description, totalStock, reorderLevel, sellingPrice) VALUES ('ME0015', 'NoteMed', 'Scientist age project happy it.', 119, 30, 92.23);
INSERT INTO Prescription (prescriptionID, consultationID, medicineID, description, dosage, instruction, servingPerDay, price, dosageUnit) VALUES ('PR0001', 'CO0012', 'ME0011', 'Buy air sound product.', 3, 'Take at bedtime', 1, 32.52, 'tablet');
INSERT INTO Prescription (prescriptionID, consultationID, medicineID, description, dosage, instruction, servingPerDay, price, dosageUnit) VALUES ('PR0002', 'CO0038', 'ME0007', 'Fear executive whatever issue any operation.', 1, 'Take on empty stomach', 1, 30.5, 'tablet');
INSERT INTO Prescription (prescriptionID, consultationID, medicineID, description, dosage, instruction, servingPerDay, price, dosageUnit) VALUES ('PR0003', 'CO0037', 'ME0005', 'Old interest course.', 2, 'Take after meals', 4, 44.66, 'ml');
INSERT INTO Prescription (prescriptionID, consultationID, medicineID, description, dosage, instruction, servingPerDay, price, dosageUnit) VALUES ('PR0004', 'CO0029', 'ME0001', 'Attack trip necessary bag people policy.', 3, 'Take before meals', 4, 10.08, 'tablet');
INSERT INTO Prescription (prescriptionID, consultationID, medicineID, description, dosage, instruction, servingPerDay, price, dosageUnit) VALUES ('PR0005', 'CO0012', 'ME0015', 'Each life week.', 2, 'Take after meals', 2, 23.33, 'capsule');
INSERT INTO Prescription (prescriptionID, consultationID, medicineID, description, dosage, instruction, servingPerDay, price, dosageUnit) VALUES ('PR0006', 'CO0013', 'ME0013', 'Chance risk ever several a single.', 3, 'Take on empty stomach', 1, 47.07, 'ml');
INSERT INTO Prescription (prescriptionID, consultationID, medicineID, description, dosage, instruction, servingPerDay, price, dosageUnit) VALUES ('PR0007', 'CO0038', 'ME0013', 'Training simple something herself worry situation.', 1, 'Take at bedtime', 4, 44.07, 'capsule');
INSERT INTO Prescription (prescriptionID, consultationID, medicineID, description, dosage, instruction, servingPerDay, price, dosageUnit) VALUES ('PR0008', 'CO0034', 'ME0003', 'Spend even player computer similar.', 1, 'Take on empty stomach', 3, 30.71, 'ml');
INSERT INTO Prescription (prescriptionID, consultationID, medicineID, description, dosage, instruction, servingPerDay, price, dosageUnit) VALUES ('PR0009', 'CO0014', 'ME0007', 'Speech if whom visit.', 1, 'Take at bedtime', 1, 15.49, 'tablet');
INSERT INTO Prescription (prescriptionID, consultationID, medicineID, description, dosage, instruction, servingPerDay, price, dosageUnit) VALUES ('PR0010', 'CO0028', 'ME0015', 'Never wrong season send.', 3, 'Take with plenty of water', 4, 43.63, 'mg');
INSERT INTO Prescription (prescriptionID, consultationID, medicineID, description, dosage, instruction, servingPerDay, price, dosageUnit) VALUES ('PR0011', 'CO0002', 'ME0001', 'Garden each leg sister.', 2, 'Take at bedtime', 2, 21.89, 'tablet');
INSERT INTO Prescription (prescriptionID, consultationID, medicineID, description, dosage, instruction, servingPerDay, price, dosageUnit) VALUES ('PR0012', 'CO0015', 'ME0010', 'Fish reach young officer sometimes good evidence individual.', 1, 'Take as needed', 1, 41.26, 'mg');
INSERT INTO Prescription (prescriptionID, consultationID, medicineID, description, dosage, instruction, servingPerDay, price, dosageUnit) VALUES ('PR0013', 'CO0025', 'ME0002', 'With personal pattern top half.', 3, 'Take as needed', 2, 27.01, 'tablet');
INSERT INTO Prescription (prescriptionID, consultationID, medicineID, description, dosage, instruction, servingPerDay, price, dosageUnit) VALUES ('PR0014', 'CO0018', 'ME0011', 'By since different.', 1, 'Take with food', 1, 5.08, 'capsule');
INSERT INTO Prescription (prescriptionID, consultationID, medicineID, description, dosage, instruction, servingPerDay, price, dosageUnit) VALUES ('PR0015', 'CO0024', 'ME0008', 'Hit society activity number difference charge.', 1, 'Take as needed', 2, 22.9, 'mg');
INSERT INTO Prescription (prescriptionID, consultationID, medicineID, description, dosage, instruction, servingPerDay, price, dosageUnit) VALUES ('PR0016', 'CO0001', 'ME0012', 'Art growth financial floor camera upon drive.', 3, 'Take on empty stomach', 4, 47.56, 'capsule');
INSERT INTO Prescription (prescriptionID, consultationID, medicineID, description, dosage, instruction, servingPerDay, price, dosageUnit) VALUES ('PR0017', 'CO0038', 'ME0010', 'Natural fire both large though major analysis.', 2, 'Take with food', 3, 49.52, 'ml');
INSERT INTO Prescription (prescriptionID, consultationID, medicineID, description, dosage, instruction, servingPerDay, price, dosageUnit) VALUES ('PR0018', 'CO0018', 'ME0013', 'Official money those watch bar film.', 2, 'Take as needed', 3, 17.1, 'tablet');
INSERT INTO Prescription (prescriptionID, consultationID, medicineID, description, dosage, instruction, servingPerDay, price, dosageUnit) VALUES ('PR0019', 'CO0022', 'ME0010', 'Item window involve various that.', 2, 'Take before meals', 3, 24.19, 'ml');
INSERT INTO Prescription (prescriptionID, consultationID, medicineID, description, dosage, instruction, servingPerDay, price, dosageUnit) VALUES ('PR0020', 'CO0027', 'ME0009', 'Human strong decision entire offer rock.', 2, 'Take with food', 3, 48.64, 'mg');
INSERT INTO Prescription (prescriptionID, consultationID, medicineID, description, dosage, instruction, servingPerDay, price, dosageUnit) VALUES ('PR0021', 'CO0015', 'ME0007', 'Attorney although view yes investment everything.', 3, 'Take at bedtime', 3, 39.69, 'tablet');
INSERT INTO Prescription (prescriptionID, consultationID, medicineID, description, dosage, instruction, servingPerDay, price, dosageUnit) VALUES ('PR0022', 'CO0037', 'ME0007', 'Positive glass require either.', 2, 'Take at bedtime', 1, 10.51, 'capsule');
INSERT INTO Prescription (prescriptionID, consultationID, medicineID, description, dosage, instruction, servingPerDay, price, dosageUnit) VALUES ('PR0023', 'CO0006', 'ME0001', 'Serious run provide yourself stop onto forward great.', 2, 'Take on empty stomach', 3, 37.36, 'capsule');
INSERT INTO Prescription (prescriptionID, consultationID, medicineID, description, dosage, instruction, servingPerDay, price, dosageUnit) VALUES ('PR0024', 'CO0014', 'ME0009', 'Yourself agent certainly.', 1, 'Take with plenty of water', 3, 23.64, 'capsule');
INSERT INTO Prescription (prescriptionID, consultationID, medicineID, description, dosage, instruction, servingPerDay, price, dosageUnit) VALUES ('PR0025', 'CO0012', 'ME0014', 'Off bill less member town.', 3, 'Take with plenty of water', 1, 21.01, 'capsule');
INSERT INTO Prescription (prescriptionID, consultationID, medicineID, description, dosage, instruction, servingPerDay, price, dosageUnit) VALUES ('PR0026', 'CO0029', 'ME0010', 'Option task man rich bag interest charge.', 1, 'Take with food', 4, 35.45, 'tablet');
INSERT INTO Prescription (prescriptionID, consultationID, medicineID, description, dosage, instruction, servingPerDay, price, dosageUnit) VALUES ('PR0027', 'CO0033', 'ME0001', 'Billion truth according attorney part soon feel.', 1, 'Take with food', 4, 31.17, 'capsule');
INSERT INTO Prescription (prescriptionID, consultationID, medicineID, description, dosage, instruction, servingPerDay, price, dosageUnit) VALUES ('PR0028', 'CO0022', 'ME0002', 'Indicate nice ground rock her fight certainly.', 2, 'Take with food', 4, 44.81, 'capsule');
INSERT INTO Prescription (prescriptionID, consultationID, medicineID, description, dosage, instruction, servingPerDay, price, dosageUnit) VALUES ('PR0029', 'CO0029', 'ME0008', 'Law senior dog feel might job movie.', 3, 'Take after meals', 1, 13.65, 'tablet');
INSERT INTO Prescription (prescriptionID, consultationID, medicineID, description, dosage, instruction, servingPerDay, price, dosageUnit) VALUES ('PR0030', 'CO0016', 'ME0008', 'Clear with still.', 1, 'Take as needed', 3, 32.17, 'mg');
INSERT INTO Prescription (prescriptionID, consultationID, medicineID, description, dosage, instruction, servingPerDay, price, dosageUnit) VALUES ('PR0031', 'CO0026', 'ME0011', 'Either group bar ball decade.', 1, 'Take at bedtime', 2, 40.84, 'capsule');
INSERT INTO Prescription (prescriptionID, consultationID, medicineID, description, dosage, instruction, servingPerDay, price, dosageUnit) VALUES ('PR0032', 'CO0036', 'ME0011', 'Military tree best degree speak summer collection.', 1, 'Take before meals', 2, 25.91, 'capsule');
INSERT INTO Prescription (prescriptionID, consultationID, medicineID, description, dosage, instruction, servingPerDay, price, dosageUnit) VALUES ('PR0033', 'CO0040', 'ME0007', 'Car should high dark.', 1, 'Take with food', 3, 34.72, 'ml');
INSERT INTO Prescription (prescriptionID, consultationID, medicineID, description, dosage, instruction, servingPerDay, price, dosageUnit) VALUES ('PR0034', 'CO0009', 'ME0001', 'Purpose heavy ability guess ground.', 2, 'Take as needed', 1, 28.86, 'tablet');
INSERT INTO Prescription (prescriptionID, consultationID, medicineID, description, dosage, instruction, servingPerDay, price, dosageUnit) VALUES ('PR0035', 'CO0009', 'ME0007', 'Break short lot above smile.', 2, 'Take as needed', 2, 9.02, 'tablet');
INSERT INTO Prescription (prescriptionID, consultationID, medicineID, description, dosage, instruction, servingPerDay, price, dosageUnit) VALUES ('PR0036', 'CO0026', 'ME0011', 'Type decide management serious.', 2, 'Take at bedtime', 2, 36.08, 'tablet');
INSERT INTO Prescription (prescriptionID, consultationID, medicineID, description, dosage, instruction, servingPerDay, price, dosageUnit) VALUES ('PR0037', 'CO0019', 'ME0001', 'Everything make mean father evidence.', 2, 'Take with plenty of water', 3, 48.09, 'tablet');
INSERT INTO Prescription (prescriptionID, consultationID, medicineID, description, dosage, instruction, servingPerDay, price, dosageUnit) VALUES ('PR0038', 'CO0011', 'ME0010', 'Role require international fact.', 2, 'Take at bedtime', 1, 19.55, 'tablet');
INSERT INTO Prescription (prescriptionID, consultationID, medicineID, description, dosage, instruction, servingPerDay, price, dosageUnit) VALUES ('PR0039', 'CO0008', 'ME0015', 'Evidence movie person artist.', 1, 'Take with plenty of water', 1, 22.25, 'mg');
INSERT INTO Prescription (prescriptionID, consultationID, medicineID, description, dosage, instruction, servingPerDay, price, dosageUnit) VALUES ('PR0040', 'CO0038', 'ME0003', 'Will away hand year here live.', 3, 'Take at bedtime', 1, 32.96, 'tablet');
INSERT INTO Prescription (prescriptionID, consultationID, medicineID, description, dosage, instruction, servingPerDay, price, dosageUnit) VALUES ('PR0041', 'CO0019', 'ME0010', 'Professor job someone challenge gun question.', 1, 'Take after meals', 1, 43.71, 'ml');
INSERT INTO Prescription (prescriptionID, consultationID, medicineID, description, dosage, instruction, servingPerDay, price, dosageUnit) VALUES ('PR0042', 'CO0025', 'ME0008', 'Office blood ahead possible fill.', 2, 'Take as needed', 3, 7.76, 'mg');
INSERT INTO Prescription (prescriptionID, consultationID, medicineID, description, dosage, instruction, servingPerDay, price, dosageUnit) VALUES ('PR0043', 'CO0032', 'ME0004', 'Eye each easy else large sign.', 2, 'Take after meals', 4, 25.69, 'tablet');
INSERT INTO Prescription (prescriptionID, consultationID, medicineID, description, dosage, instruction, servingPerDay, price, dosageUnit) VALUES ('PR0044', 'CO0032', 'ME0007', 'Community care those.', 2, 'Take on empty stomach', 3, 49.51, 'capsule');
INSERT INTO Prescription (prescriptionID, consultationID, medicineID, description, dosage, instruction, servingPerDay, price, dosageUnit) VALUES ('PR0045', 'CO0026', 'ME0011', 'Later investment instead nearly require with bar.', 3, 'Take as needed', 1, 17.22, 'capsule');
INSERT INTO Prescription (prescriptionID, consultationID, medicineID, description, dosage, instruction, servingPerDay, price, dosageUnit) VALUES ('PR0046', 'CO0036', 'ME0007', 'Investment maybe choice never difficult.', 3, 'Take at bedtime', 2, 46.22, 'mg');
INSERT INTO Prescription (prescriptionID, consultationID, medicineID, description, dosage, instruction, servingPerDay, price, dosageUnit) VALUES ('PR0047', 'CO0005', 'ME0013', 'Statement president into new candidate rich.', 3, 'Take at bedtime', 1, 10.36, 'tablet');
INSERT INTO Prescription (prescriptionID, consultationID, medicineID, description, dosage, instruction, servingPerDay, price, dosageUnit) VALUES ('PR0048', 'CO0005', 'ME0006', 'Finally serious opportunity.', 3, 'Take on empty stomach', 4, 35.15, 'tablet');
INSERT INTO Prescription (prescriptionID, consultationID, medicineID, description, dosage, instruction, servingPerDay, price, dosageUnit) VALUES ('PR0049', 'CO0010', 'ME0008', 'Wait act maybe around.', 2, 'Take after meals', 2, 17.34, 'tablet');
INSERT INTO Prescription (prescriptionID, consultationID, medicineID, description, dosage, instruction, servingPerDay, price, dosageUnit) VALUES ('PR0050', 'CO0014', 'ME0013', 'Seek interest drug record response notice situation.', 1, 'Take before meals', 3, 11.44, 'mg');
INSERT INTO Prescription (prescriptionID, consultationID, medicineID, description, dosage, instruction, servingPerDay, price, dosageUnit) VALUES ('PR0051', 'CO0034', 'ME0003', 'Single analysis suggest personal.', 3, 'Take as needed', 3, 30.83, 'ml');
INSERT INTO Prescription (prescriptionID, consultationID, medicineID, description, dosage, instruction, servingPerDay, price, dosageUnit) VALUES ('PR0052', 'CO0035', 'ME0004', 'Building finally protect tax agreement seem.', 2, 'Take with food', 2, 12.88, 'tablet');
INSERT INTO Prescription (prescriptionID, consultationID, medicineID, description, dosage, instruction, servingPerDay, price, dosageUnit) VALUES ('PR0053', 'CO0012', 'ME0013', 'Phone over pick cause.', 1, 'Take with food', 1, 47.5, 'tablet');
INSERT INTO Prescription (prescriptionID, consultationID, medicineID, description, dosage, instruction, servingPerDay, price, dosageUnit) VALUES ('PR0054', 'CO0031', 'ME0006', 'Appear class back result beyond cold explain to.', 3, 'Take after meals', 3, 14.45, 'tablet');
INSERT INTO Prescription (prescriptionID, consultationID, medicineID, description, dosage, instruction, servingPerDay, price, dosageUnit) VALUES ('PR0055', 'CO0023', 'ME0007', 'Century event I change building get life.', 3, 'Take after meals', 1, 48.18, 'ml');
INSERT INTO Prescription (prescriptionID, consultationID, medicineID, description, dosage, instruction, servingPerDay, price, dosageUnit) VALUES ('PR0056', 'CO0017', 'ME0002', 'Ago situation believe partner often although about.', 2, 'Take at bedtime', 2, 19.1, 'tablet');
INSERT INTO Prescription (prescriptionID, consultationID, medicineID, description, dosage, instruction, servingPerDay, price, dosageUnit) VALUES ('PR0057', 'CO0015', 'ME0002', 'Authority will scene here feeling try city.', 2, 'Take with food', 4, 29.27, 'ml');
INSERT INTO Prescription (prescriptionID, consultationID, medicineID, description, dosage, instruction, servingPerDay, price, dosageUnit) VALUES ('PR0058', 'CO0039', 'ME0001', 'Information fly good.', 3, 'Take as needed', 2, 12.75, 'capsule');
INSERT INTO Prescription (prescriptionID, consultationID, medicineID, description, dosage, instruction, servingPerDay, price, dosageUnit) VALUES ('PR0059', 'CO0024', 'ME0010', 'Answer PM age meet too without.', 2, 'Take after meals', 3, 12.79, 'mg');
INSERT INTO Prescription (prescriptionID, consultationID, medicineID, description, dosage, instruction, servingPerDay, price, dosageUnit) VALUES ('PR0060', 'CO0024', 'ME0012', 'Happen single month give significant church surface analysis.', 2, 'Take before meals', 4, 36.55, 'capsule');
INSERT INTO Bill (billID, totalAmount, paymentMethod) VALUES ('BI0001', 37.47, 'Insurance');
INSERT INTO Bill (billID, totalAmount, paymentMethod) VALUES ('BI0002', 80.36, 'Insurance');
INSERT INTO Bill (billID, totalAmount, paymentMethod) VALUES ('BI0003', 134.96, 'Cash');
INSERT INTO Bill (billID, totalAmount, paymentMethod) VALUES ('BI0004', 121.33, 'Credit Card');
INSERT INTO Bill (billID, totalAmount, paymentMethod) VALUES ('BI0005', 89.51, 'Credit Card');
INSERT INTO Bill (billID, totalAmount, paymentMethod) VALUES ('BI0006', 145.94, 'Debit Card');
INSERT INTO Bill (billID, totalAmount, paymentMethod) VALUES ('BI0007', 34.66, 'Cash');
INSERT INTO Bill (billID, totalAmount, paymentMethod) VALUES ('BI0008', 142.36, 'Cash');
INSERT INTO Bill (billID, totalAmount, paymentMethod) VALUES ('BI0009', 45.62, 'Insurance');
INSERT INTO Bill (billID, totalAmount, paymentMethod) VALUES ('BI0010', 63.91, 'Insurance');
INSERT INTO Bill (billID, totalAmount, paymentMethod) VALUES ('BI0011', 43.06, 'Cash');
INSERT INTO Bill (billID, totalAmount, paymentMethod) VALUES ('BI0012', 125.94, 'Insurance');
INSERT INTO Bill (billID, totalAmount, paymentMethod) VALUES ('BI0013', 96.15, 'Cash');
INSERT INTO Bill (billID, totalAmount, paymentMethod) VALUES ('BI0014', 132.35, 'Insurance');
INSERT INTO Bill (billID, totalAmount, paymentMethod) VALUES ('BI0015', 25.53, 'Insurance');
INSERT INTO Bill (billID, totalAmount, paymentMethod) VALUES ('BI0016', 181.52, 'Credit Card');
INSERT INTO Bill (billID, totalAmount, paymentMethod) VALUES ('BI0017', 48.83, 'Insurance');
INSERT INTO Bill (billID, totalAmount, paymentMethod) VALUES ('BI0018', 67.85, 'Insurance');
INSERT INTO Bill (billID, totalAmount, paymentMethod) VALUES ('BI0019', 69.96, 'Credit Card');
INSERT INTO Bill (billID, totalAmount, paymentMethod) VALUES ('BI0020', 160.05, 'Credit Card');
INSERT INTO Bill (billID, totalAmount, paymentMethod) VALUES ('BI0021', 96.22, 'Credit Card');
INSERT INTO Bill (billID, totalAmount, paymentMethod) VALUES ('BI0022', 30.41, 'Insurance');
INSERT INTO Bill (billID, totalAmount, paymentMethod) VALUES ('BI0023', 141.49, 'Cash');
INSERT INTO Bill (billID, totalAmount, paymentMethod) VALUES ('BI0024', 182.42, 'Insurance');
INSERT INTO Bill (billID, totalAmount, paymentMethod) VALUES ('BI0025', 154.2, 'Debit Card');
INSERT INTO Bill (billID, totalAmount, paymentMethod) VALUES ('BI0026', 56.17, 'Insurance');
INSERT INTO Bill (billID, totalAmount, paymentMethod) VALUES ('BI0027', 154.3, 'Debit Card');
INSERT INTO Bill (billID, totalAmount, paymentMethod) VALUES ('BI0028', 157.61, 'Insurance');
INSERT INTO Bill (billID, totalAmount, paymentMethod) VALUES ('BI0029', 195.74, 'Debit Card');
INSERT INTO Bill (billID, totalAmount, paymentMethod) VALUES ('BI0030', 72.55, 'Insurance');
INSERT INTO Bill (billID, totalAmount, paymentMethod) VALUES ('BI0031', 97.67, 'Debit Card');
INSERT INTO Bill (billID, totalAmount, paymentMethod) VALUES ('BI0032', 199.94, 'Credit Card');
INSERT INTO Bill (billID, totalAmount, paymentMethod) VALUES ('BI0033', 111.61, 'Debit Card');
INSERT INTO Bill (billID, totalAmount, paymentMethod) VALUES ('BI0034', 98.05, 'Cash');
INSERT INTO Bill (billID, totalAmount, paymentMethod) VALUES ('BI0035', 92.83, 'Insurance');
INSERT INTO Bill (billID, totalAmount, paymentMethod) VALUES ('BI0036', 136.95, 'Debit Card');
INSERT INTO Bill (billID, totalAmount, paymentMethod) VALUES ('BI0037', 39.82, 'Insurance');
INSERT INTO Bill (billID, totalAmount, paymentMethod) VALUES ('BI0038', 162.94, 'Cash');
INSERT INTO Bill (billID, totalAmount, paymentMethod) VALUES ('BI0039', 193.33, 'Cash');
INSERT INTO Bill (billID, totalAmount, paymentMethod) VALUES ('BI0040', 94.36, 'Cash');
INSERT INTO Schedule (scheduleID, doctorID, date, startTime, endTime, shift) VALUES ('SC0001', 'ST0001', '2025-07-01', '2025-07-01 08:00:00', '2025-07-01 14:00:00', 'Morning');
INSERT INTO Schedule (scheduleID, doctorID, date, startTime, endTime, shift) VALUES ('SC0002', 'ST0001', '2025-07-01', '2025-07-01 14:00:00', '2025-07-01 20:00:00', 'Evening');
INSERT INTO Schedule (scheduleID, doctorID, date, startTime, endTime, shift) VALUES ('SC0003', 'ST0003', '2025-07-01', '2025-07-01 08:00:00', '2025-07-01 14:00:00', 'Morning');
INSERT INTO Schedule (scheduleID, doctorID, date, startTime, endTime, shift) VALUES ('SC0004', 'ST0003', '2025-07-01', '2025-07-01 14:00:00', '2025-07-01 20:00:00', 'Evening');
INSERT INTO Schedule (scheduleID, doctorID, date, startTime, endTime, shift) VALUES ('SC0005', 'ST0004', '2025-07-01', '2025-07-01 08:00:00', '2025-07-01 14:00:00', 'Morning');
INSERT INTO Schedule (scheduleID, doctorID, date, startTime, endTime, shift) VALUES ('SC0006', 'ST0004', '2025-07-01', '2025-07-01 14:00:00', '2025-07-01 20:00:00', 'Evening');
INSERT INTO Schedule (scheduleID, doctorID, date, startTime, endTime, shift) VALUES ('SC0007', 'ST0005', '2025-07-01', '2025-07-01 08:00:00', '2025-07-01 14:00:00', 'Morning');
INSERT INTO Schedule (scheduleID, doctorID, date, startTime, endTime, shift) VALUES ('SC0008', 'ST0005', '2025-07-01', '2025-07-01 14:00:00', '2025-07-01 20:00:00', 'Evening');
INSERT INTO Schedule (scheduleID, doctorID, date, startTime, endTime, shift) VALUES ('SC0009', 'ST0008', '2025-07-01', '2025-07-01 08:00:00', '2025-07-01 14:00:00', 'Morning');
INSERT INTO Schedule (scheduleID, doctorID, date, startTime, endTime, shift) VALUES ('SC0010', 'ST0008', '2025-07-01', '2025-07-01 14:00:00', '2025-07-01 20:00:00', 'Evening');
INSERT INTO Schedule (scheduleID, doctorID, date, startTime, endTime, shift) VALUES ('SC0011', 'ST0009', '2025-07-01', '2025-07-01 08:00:00', '2025-07-01 14:00:00', 'Morning');
INSERT INTO Schedule (scheduleID, doctorID, date, startTime, endTime, shift) VALUES ('SC0012', 'ST0009', '2025-07-01', '2025-07-01 14:00:00', '2025-07-01 20:00:00', 'Evening');
INSERT INTO Schedule (scheduleID, doctorID, date, startTime, endTime, shift) VALUES ('SC0013', 'ST0001', '2025-07-02', '2025-07-02 08:00:00', '2025-07-02 14:00:00', 'Morning');
INSERT INTO Schedule (scheduleID, doctorID, date, startTime, endTime, shift) VALUES ('SC0014', 'ST0001', '2025-07-02', '2025-07-02 14:00:00', '2025-07-02 20:00:00', 'Evening');
INSERT INTO Schedule (scheduleID, doctorID, date, startTime, endTime, shift) VALUES ('SC0015', 'ST0003', '2025-07-02', '2025-07-02 08:00:00', '2025-07-02 14:00:00', 'Morning');
INSERT INTO Schedule (scheduleID, doctorID, date, startTime, endTime, shift) VALUES ('SC0016', 'ST0003', '2025-07-02', '2025-07-02 14:00:00', '2025-07-02 20:00:00', 'Evening');
INSERT INTO Schedule (scheduleID, doctorID, date, startTime, endTime, shift) VALUES ('SC0017', 'ST0004', '2025-07-02', '2025-07-02 08:00:00', '2025-07-02 14:00:00', 'Morning');
INSERT INTO Schedule (scheduleID, doctorID, date, startTime, endTime, shift) VALUES ('SC0018', 'ST0004', '2025-07-02', '2025-07-02 14:00:00', '2025-07-02 20:00:00', 'Evening');
INSERT INTO Schedule (scheduleID, doctorID, date, startTime, endTime, shift) VALUES ('SC0019', 'ST0005', '2025-07-02', '2025-07-02 08:00:00', '2025-07-02 14:00:00', 'Morning');
INSERT INTO Schedule (scheduleID, doctorID, date, startTime, endTime, shift) VALUES ('SC0020', 'ST0005', '2025-07-02', '2025-07-02 14:00:00', '2025-07-02 20:00:00', 'Evening');
INSERT INTO Schedule (scheduleID, doctorID, date, startTime, endTime, shift) VALUES ('SC0021', 'ST0008', '2025-07-02', '2025-07-02 08:00:00', '2025-07-02 14:00:00', 'Morning');
INSERT INTO Schedule (scheduleID, doctorID, date, startTime, endTime, shift) VALUES ('SC0022', 'ST0008', '2025-07-02', '2025-07-02 14:00:00', '2025-07-02 20:00:00', 'Evening');
INSERT INTO Schedule (scheduleID, doctorID, date, startTime, endTime, shift) VALUES ('SC0023', 'ST0009', '2025-07-02', '2025-07-02 08:00:00', '2025-07-02 14:00:00', 'Morning');
INSERT INTO Schedule (scheduleID, doctorID, date, startTime, endTime, shift) VALUES ('SC0024', 'ST0009', '2025-07-02', '2025-07-02 14:00:00', '2025-07-02 20:00:00', 'Evening');
INSERT INTO Schedule (scheduleID, doctorID, date, startTime, endTime, shift) VALUES ('SC0025', 'ST0001', '2025-07-03', '2025-07-03 08:00:00', '2025-07-03 14:00:00', 'Morning');
INSERT INTO Schedule (scheduleID, doctorID, date, startTime, endTime, shift) VALUES ('SC0026', 'ST0001', '2025-07-03', '2025-07-03 14:00:00', '2025-07-03 20:00:00', 'Evening');
INSERT INTO Schedule (scheduleID, doctorID, date, startTime, endTime, shift) VALUES ('SC0027', 'ST0003', '2025-07-03', '2025-07-03 08:00:00', '2025-07-03 14:00:00', 'Morning');
INSERT INTO Schedule (scheduleID, doctorID, date, startTime, endTime, shift) VALUES ('SC0028', 'ST0003', '2025-07-03', '2025-07-03 14:00:00', '2025-07-03 20:00:00', 'Evening');
INSERT INTO Schedule (scheduleID, doctorID, date, startTime, endTime, shift) VALUES ('SC0029', 'ST0004', '2025-07-03', '2025-07-03 08:00:00', '2025-07-03 14:00:00', 'Morning');
INSERT INTO Schedule (scheduleID, doctorID, date, startTime, endTime, shift) VALUES ('SC0030', 'ST0004', '2025-07-03', '2025-07-03 14:00:00', '2025-07-03 20:00:00', 'Evening');
INSERT INTO Schedule (scheduleID, doctorID, date, startTime, endTime, shift) VALUES ('SC0031', 'ST0005', '2025-07-03', '2025-07-03 08:00:00', '2025-07-03 14:00:00', 'Morning');
INSERT INTO Schedule (scheduleID, doctorID, date, startTime, endTime, shift) VALUES ('SC0032', 'ST0005', '2025-07-03', '2025-07-03 14:00:00', '2025-07-03 20:00:00', 'Evening');
INSERT INTO Schedule (scheduleID, doctorID, date, startTime, endTime, shift) VALUES ('SC0033', 'ST0008', '2025-07-03', '2025-07-03 08:00:00', '2025-07-03 14:00:00', 'Morning');
INSERT INTO Schedule (scheduleID, doctorID, date, startTime, endTime, shift) VALUES ('SC0034', 'ST0008', '2025-07-03', '2025-07-03 14:00:00', '2025-07-03 20:00:00', 'Evening');
INSERT INTO Schedule (scheduleID, doctorID, date, startTime, endTime, shift) VALUES ('SC0035', 'ST0009', '2025-07-03', '2025-07-03 08:00:00', '2025-07-03 14:00:00', 'Morning');
INSERT INTO Schedule (scheduleID, doctorID, date, startTime, endTime, shift) VALUES ('SC0036', 'ST0009', '2025-07-03', '2025-07-03 14:00:00', '2025-07-03 20:00:00', 'Evening');
INSERT INTO Schedule (scheduleID, doctorID, date, startTime, endTime, shift) VALUES ('SC0037', 'ST0001', '2025-07-04', '2025-07-04 08:00:00', '2025-07-04 14:00:00', 'Morning');
INSERT INTO Schedule (scheduleID, doctorID, date, startTime, endTime, shift) VALUES ('SC0038', 'ST0001', '2025-07-04', '2025-07-04 14:00:00', '2025-07-04 20:00:00', 'Evening');
INSERT INTO Schedule (scheduleID, doctorID, date, startTime, endTime, shift) VALUES ('SC0039', 'ST0003', '2025-07-04', '2025-07-04 08:00:00', '2025-07-04 14:00:00', 'Morning');
INSERT INTO Schedule (scheduleID, doctorID, date, startTime, endTime, shift) VALUES ('SC0040', 'ST0003', '2025-07-04', '2025-07-04 14:00:00', '2025-07-04 20:00:00', 'Evening');
INSERT INTO Schedule (scheduleID, doctorID, date, startTime, endTime, shift) VALUES ('SC0041', 'ST0004', '2025-07-04', '2025-07-04 08:00:00', '2025-07-04 14:00:00', 'Morning');
INSERT INTO Schedule (scheduleID, doctorID, date, startTime, endTime, shift) VALUES ('SC0042', 'ST0004', '2025-07-04', '2025-07-04 14:00:00', '2025-07-04 20:00:00', 'Evening');
INSERT INTO Schedule (scheduleID, doctorID, date, startTime, endTime, shift) VALUES ('SC0043', 'ST0005', '2025-07-04', '2025-07-04 08:00:00', '2025-07-04 14:00:00', 'Morning');
INSERT INTO Schedule (scheduleID, doctorID, date, startTime, endTime, shift) VALUES ('SC0044', 'ST0005', '2025-07-04', '2025-07-04 14:00:00', '2025-07-04 20:00:00', 'Evening');
INSERT INTO Schedule (scheduleID, doctorID, date, startTime, endTime, shift) VALUES ('SC0045', 'ST0008', '2025-07-04', '2025-07-04 08:00:00', '2025-07-04 14:00:00', 'Morning');
INSERT INTO Schedule (scheduleID, doctorID, date, startTime, endTime, shift) VALUES ('SC0046', 'ST0008', '2025-07-04', '2025-07-04 14:00:00', '2025-07-04 20:00:00', 'Evening');
INSERT INTO Schedule (scheduleID, doctorID, date, startTime, endTime, shift) VALUES ('SC0047', 'ST0009', '2025-07-04', '2025-07-04 08:00:00', '2025-07-04 14:00:00', 'Morning');
INSERT INTO Schedule (scheduleID, doctorID, date, startTime, endTime, shift) VALUES ('SC0048', 'ST0009', '2025-07-04', '2025-07-04 14:00:00', '2025-07-04 20:00:00', 'Evening');
INSERT INTO Schedule (scheduleID, doctorID, date, startTime, endTime, shift) VALUES ('SC0049', 'ST0001', '2025-07-05', '2025-07-05 08:00:00', '2025-07-05 14:00:00', 'Morning');
INSERT INTO Schedule (scheduleID, doctorID, date, startTime, endTime, shift) VALUES ('SC0050', 'ST0001', '2025-07-05', '2025-07-05 14:00:00', '2025-07-05 20:00:00', 'Evening');
INSERT INTO Schedule (scheduleID, doctorID, date, startTime, endTime, shift) VALUES ('SC0051', 'ST0003', '2025-07-05', '2025-07-05 08:00:00', '2025-07-05 14:00:00', 'Morning');
INSERT INTO Schedule (scheduleID, doctorID, date, startTime, endTime, shift) VALUES ('SC0052', 'ST0003', '2025-07-05', '2025-07-05 14:00:00', '2025-07-05 20:00:00', 'Evening');
INSERT INTO Schedule (scheduleID, doctorID, date, startTime, endTime, shift) VALUES ('SC0053', 'ST0004', '2025-07-05', '2025-07-05 08:00:00', '2025-07-05 14:00:00', 'Morning');
INSERT INTO Schedule (scheduleID, doctorID, date, startTime, endTime, shift) VALUES ('SC0054', 'ST0004', '2025-07-05', '2025-07-05 14:00:00', '2025-07-05 20:00:00', 'Evening');
INSERT INTO Schedule (scheduleID, doctorID, date, startTime, endTime, shift) VALUES ('SC0055', 'ST0005', '2025-07-05', '2025-07-05 08:00:00', '2025-07-05 14:00:00', 'Morning');
INSERT INTO Schedule (scheduleID, doctorID, date, startTime, endTime, shift) VALUES ('SC0056', 'ST0005', '2025-07-05', '2025-07-05 14:00:00', '2025-07-05 20:00:00', 'Evening');
INSERT INTO Schedule (scheduleID, doctorID, date, startTime, endTime, shift) VALUES ('SC0057', 'ST0008', '2025-07-05', '2025-07-05 08:00:00', '2025-07-05 14:00:00', 'Morning');
INSERT INTO Schedule (scheduleID, doctorID, date, startTime, endTime, shift) VALUES ('SC0058', 'ST0008', '2025-07-05', '2025-07-05 14:00:00', '2025-07-05 20:00:00', 'Evening');
INSERT INTO Schedule (scheduleID, doctorID, date, startTime, endTime, shift) VALUES ('SC0059', 'ST0009', '2025-07-05', '2025-07-05 08:00:00', '2025-07-05 14:00:00', 'Morning');
INSERT INTO Schedule (scheduleID, doctorID, date, startTime, endTime, shift) VALUES ('SC0060', 'ST0009', '2025-07-05', '2025-07-05 14:00:00', '2025-07-05 20:00:00', 'Evening');
INSERT INTO Schedule (scheduleID, doctorID, date, startTime, endTime, shift) VALUES ('SC0061', 'ST0001', '2025-07-06', '2025-07-06 08:00:00', '2025-07-06 14:00:00', 'Morning');
INSERT INTO Schedule (scheduleID, doctorID, date, startTime, endTime, shift) VALUES ('SC0062', 'ST0001', '2025-07-06', '2025-07-06 14:00:00', '2025-07-06 20:00:00', 'Evening');
INSERT INTO Schedule (scheduleID, doctorID, date, startTime, endTime, shift) VALUES ('SC0063', 'ST0003', '2025-07-06', '2025-07-06 08:00:00', '2025-07-06 14:00:00', 'Morning');
INSERT INTO Schedule (scheduleID, doctorID, date, startTime, endTime, shift) VALUES ('SC0064', 'ST0003', '2025-07-06', '2025-07-06 14:00:00', '2025-07-06 20:00:00', 'Evening');
INSERT INTO Schedule (scheduleID, doctorID, date, startTime, endTime, shift) VALUES ('SC0065', 'ST0004', '2025-07-06', '2025-07-06 08:00:00', '2025-07-06 14:00:00', 'Morning');
INSERT INTO Schedule (scheduleID, doctorID, date, startTime, endTime, shift) VALUES ('SC0066', 'ST0004', '2025-07-06', '2025-07-06 14:00:00', '2025-07-06 20:00:00', 'Evening');
INSERT INTO Schedule (scheduleID, doctorID, date, startTime, endTime, shift) VALUES ('SC0067', 'ST0005', '2025-07-06', '2025-07-06 08:00:00', '2025-07-06 14:00:00', 'Morning');
INSERT INTO Schedule (scheduleID, doctorID, date, startTime, endTime, shift) VALUES ('SC0068', 'ST0005', '2025-07-06', '2025-07-06 14:00:00', '2025-07-06 20:00:00', 'Evening');
INSERT INTO Schedule (scheduleID, doctorID, date, startTime, endTime, shift) VALUES ('SC0069', 'ST0008', '2025-07-06', '2025-07-06 08:00:00', '2025-07-06 14:00:00', 'Morning');
INSERT INTO Schedule (scheduleID, doctorID, date, startTime, endTime, shift) VALUES ('SC0070', 'ST0008', '2025-07-06', '2025-07-06 14:00:00', '2025-07-06 20:00:00', 'Evening');
INSERT INTO Schedule (scheduleID, doctorID, date, startTime, endTime, shift) VALUES ('SC0071', 'ST0009', '2025-07-06', '2025-07-06 08:00:00', '2025-07-06 14:00:00', 'Morning');
INSERT INTO Schedule (scheduleID, doctorID, date, startTime, endTime, shift) VALUES ('SC0072', 'ST0009', '2025-07-06', '2025-07-06 14:00:00', '2025-07-06 20:00:00', 'Evening');
INSERT INTO Schedule (scheduleID, doctorID, date, startTime, endTime, shift) VALUES ('SC0073', 'ST0001', '2025-07-07', '2025-07-07 08:00:00', '2025-07-07 14:00:00', 'Morning');
INSERT INTO Schedule (scheduleID, doctorID, date, startTime, endTime, shift) VALUES ('SC0074', 'ST0001', '2025-07-07', '2025-07-07 14:00:00', '2025-07-07 20:00:00', 'Evening');
INSERT INTO Schedule (scheduleID, doctorID, date, startTime, endTime, shift) VALUES ('SC0075', 'ST0003', '2025-07-07', '2025-07-07 08:00:00', '2025-07-07 14:00:00', 'Morning');
INSERT INTO Schedule (scheduleID, doctorID, date, startTime, endTime, shift) VALUES ('SC0076', 'ST0003', '2025-07-07', '2025-07-07 14:00:00', '2025-07-07 20:00:00', 'Evening');
INSERT INTO Schedule (scheduleID, doctorID, date, startTime, endTime, shift) VALUES ('SC0077', 'ST0004', '2025-07-07', '2025-07-07 08:00:00', '2025-07-07 14:00:00', 'Morning');
INSERT INTO Schedule (scheduleID, doctorID, date, startTime, endTime, shift) VALUES ('SC0078', 'ST0004', '2025-07-07', '2025-07-07 14:00:00', '2025-07-07 20:00:00', 'Evening');
INSERT INTO Schedule (scheduleID, doctorID, date, startTime, endTime, shift) VALUES ('SC0079', 'ST0005', '2025-07-07', '2025-07-07 08:00:00', '2025-07-07 14:00:00', 'Morning');
INSERT INTO Schedule (scheduleID, doctorID, date, startTime, endTime, shift) VALUES ('SC0080', 'ST0005', '2025-07-07', '2025-07-07 14:00:00', '2025-07-07 20:00:00', 'Evening');
INSERT INTO Schedule (scheduleID, doctorID, date, startTime, endTime, shift) VALUES ('SC0081', 'ST0008', '2025-07-07', '2025-07-07 08:00:00', '2025-07-07 14:00:00', 'Morning');
INSERT INTO Schedule (scheduleID, doctorID, date, startTime, endTime, shift) VALUES ('SC0082', 'ST0008', '2025-07-07', '2025-07-07 14:00:00', '2025-07-07 20:00:00', 'Evening');
INSERT INTO Schedule (scheduleID, doctorID, date, startTime, endTime, shift) VALUES ('SC0083', 'ST0009', '2025-07-07', '2025-07-07 08:00:00', '2025-07-07 14:00:00', 'Morning');
INSERT INTO Schedule (scheduleID, doctorID, date, startTime, endTime, shift) VALUES ('SC0084', 'ST0009', '2025-07-07', '2025-07-07 14:00:00', '2025-07-07 20:00:00', 'Evening');
INSERT INTO Schedule (scheduleID, doctorID, date, startTime, endTime, shift) VALUES ('SC0085', 'ST0001', '2025-07-08', '2025-07-08 08:00:00', '2025-07-08 14:00:00', 'Morning');
INSERT INTO Schedule (scheduleID, doctorID, date, startTime, endTime, shift) VALUES ('SC0086', 'ST0001', '2025-07-08', '2025-07-08 14:00:00', '2025-07-08 20:00:00', 'Evening');
INSERT INTO Schedule (scheduleID, doctorID, date, startTime, endTime, shift) VALUES ('SC0087', 'ST0003', '2025-07-08', '2025-07-08 08:00:00', '2025-07-08 14:00:00', 'Morning');
INSERT INTO Schedule (scheduleID, doctorID, date, startTime, endTime, shift) VALUES ('SC0088', 'ST0003', '2025-07-08', '2025-07-08 14:00:00', '2025-07-08 20:00:00', 'Evening');
INSERT INTO Schedule (scheduleID, doctorID, date, startTime, endTime, shift) VALUES ('SC0089', 'ST0004', '2025-07-08', '2025-07-08 08:00:00', '2025-07-08 14:00:00', 'Morning');
INSERT INTO Schedule (scheduleID, doctorID, date, startTime, endTime, shift) VALUES ('SC0090', 'ST0004', '2025-07-08', '2025-07-08 14:00:00', '2025-07-08 20:00:00', 'Evening');
INSERT INTO Schedule (scheduleID, doctorID, date, startTime, endTime, shift) VALUES ('SC0091', 'ST0005', '2025-07-08', '2025-07-08 08:00:00', '2025-07-08 14:00:00', 'Morning');
INSERT INTO Schedule (scheduleID, doctorID, date, startTime, endTime, shift) VALUES ('SC0092', 'ST0005', '2025-07-08', '2025-07-08 14:00:00', '2025-07-08 20:00:00', 'Evening');
INSERT INTO Schedule (scheduleID, doctorID, date, startTime, endTime, shift) VALUES ('SC0093', 'ST0008', '2025-07-08', '2025-07-08 08:00:00', '2025-07-08 14:00:00', 'Morning');
INSERT INTO Schedule (scheduleID, doctorID, date, startTime, endTime, shift) VALUES ('SC0094', 'ST0008', '2025-07-08', '2025-07-08 14:00:00', '2025-07-08 20:00:00', 'Evening');
INSERT INTO Schedule (scheduleID, doctorID, date, startTime, endTime, shift) VALUES ('SC0095', 'ST0009', '2025-07-08', '2025-07-08 08:00:00', '2025-07-08 14:00:00', 'Morning');
INSERT INTO Schedule (scheduleID, doctorID, date, startTime, endTime, shift) VALUES ('SC0096', 'ST0009', '2025-07-08', '2025-07-08 14:00:00', '2025-07-08 20:00:00', 'Evening');
INSERT INTO Schedule (scheduleID, doctorID, date, startTime, endTime, shift) VALUES ('SC0097', 'ST0001', '2025-07-09', '2025-07-09 08:00:00', '2025-07-09 14:00:00', 'Morning');
INSERT INTO Schedule (scheduleID, doctorID, date, startTime, endTime, shift) VALUES ('SC0098', 'ST0001', '2025-07-09', '2025-07-09 14:00:00', '2025-07-09 20:00:00', 'Evening');
INSERT INTO Schedule (scheduleID, doctorID, date, startTime, endTime, shift) VALUES ('SC0099', 'ST0003', '2025-07-09', '2025-07-09 08:00:00', '2025-07-09 14:00:00', 'Morning');
INSERT INTO Schedule (scheduleID, doctorID, date, startTime, endTime, shift) VALUES ('SC0100', 'ST0003', '2025-07-09', '2025-07-09 14:00:00', '2025-07-09 20:00:00', 'Evening');
INSERT INTO Schedule (scheduleID, doctorID, date, startTime, endTime, shift) VALUES ('SC0101', 'ST0004', '2025-07-09', '2025-07-09 08:00:00', '2025-07-09 14:00:00', 'Morning');
INSERT INTO Schedule (scheduleID, doctorID, date, startTime, endTime, shift) VALUES ('SC0102', 'ST0004', '2025-07-09', '2025-07-09 14:00:00', '2025-07-09 20:00:00', 'Evening');
INSERT INTO Schedule (scheduleID, doctorID, date, startTime, endTime, shift) VALUES ('SC0103', 'ST0005', '2025-07-09', '2025-07-09 08:00:00', '2025-07-09 14:00:00', 'Morning');
INSERT INTO Schedule (scheduleID, doctorID, date, startTime, endTime, shift) VALUES ('SC0104', 'ST0005', '2025-07-09', '2025-07-09 14:00:00', '2025-07-09 20:00:00', 'Evening');
INSERT INTO Schedule (scheduleID, doctorID, date, startTime, endTime, shift) VALUES ('SC0105', 'ST0008', '2025-07-09', '2025-07-09 08:00:00', '2025-07-09 14:00:00', 'Morning');
INSERT INTO Schedule (scheduleID, doctorID, date, startTime, endTime, shift) VALUES ('SC0106', 'ST0008', '2025-07-09', '2025-07-09 14:00:00', '2025-07-09 20:00:00', 'Evening');
INSERT INTO Schedule (scheduleID, doctorID, date, startTime, endTime, shift) VALUES ('SC0107', 'ST0009', '2025-07-09', '2025-07-09 08:00:00', '2025-07-09 14:00:00', 'Morning');
INSERT INTO Schedule (scheduleID, doctorID, date, startTime, endTime, shift) VALUES ('SC0108', 'ST0009', '2025-07-09', '2025-07-09 14:00:00', '2025-07-09 20:00:00', 'Evening');
INSERT INTO Schedule (scheduleID, doctorID, date, startTime, endTime, shift) VALUES ('SC0109', 'ST0001', '2025-07-10', '2025-07-10 08:00:00', '2025-07-10 14:00:00', 'Morning');
INSERT INTO Schedule (scheduleID, doctorID, date, startTime, endTime, shift) VALUES ('SC0110', 'ST0001', '2025-07-10', '2025-07-10 14:00:00', '2025-07-10 20:00:00', 'Evening');
INSERT INTO Schedule (scheduleID, doctorID, date, startTime, endTime, shift) VALUES ('SC0111', 'ST0003', '2025-07-10', '2025-07-10 08:00:00', '2025-07-10 14:00:00', 'Morning');
INSERT INTO Schedule (scheduleID, doctorID, date, startTime, endTime, shift) VALUES ('SC0112', 'ST0003', '2025-07-10', '2025-07-10 14:00:00', '2025-07-10 20:00:00', 'Evening');
INSERT INTO Schedule (scheduleID, doctorID, date, startTime, endTime, shift) VALUES ('SC0113', 'ST0004', '2025-07-10', '2025-07-10 08:00:00', '2025-07-10 14:00:00', 'Morning');
INSERT INTO Schedule (scheduleID, doctorID, date, startTime, endTime, shift) VALUES ('SC0114', 'ST0004', '2025-07-10', '2025-07-10 14:00:00', '2025-07-10 20:00:00', 'Evening');
INSERT INTO Schedule (scheduleID, doctorID, date, startTime, endTime, shift) VALUES ('SC0115', 'ST0005', '2025-07-10', '2025-07-10 08:00:00', '2025-07-10 14:00:00', 'Morning');
INSERT INTO Schedule (scheduleID, doctorID, date, startTime, endTime, shift) VALUES ('SC0116', 'ST0005', '2025-07-10', '2025-07-10 14:00:00', '2025-07-10 20:00:00', 'Evening');
INSERT INTO Schedule (scheduleID, doctorID, date, startTime, endTime, shift) VALUES ('SC0117', 'ST0008', '2025-07-10', '2025-07-10 08:00:00', '2025-07-10 14:00:00', 'Morning');
INSERT INTO Schedule (scheduleID, doctorID, date, startTime, endTime, shift) VALUES ('SC0118', 'ST0008', '2025-07-10', '2025-07-10 14:00:00', '2025-07-10 20:00:00', 'Evening');
INSERT INTO Schedule (scheduleID, doctorID, date, startTime, endTime, shift) VALUES ('SC0119', 'ST0009', '2025-07-10', '2025-07-10 08:00:00', '2025-07-10 14:00:00', 'Morning');
INSERT INTO Schedule (scheduleID, doctorID, date, startTime, endTime, shift) VALUES ('SC0120', 'ST0009', '2025-07-10', '2025-07-10 14:00:00', '2025-07-10 20:00:00', 'Evening');
INSERT INTO Schedule (scheduleID, doctorID, date, startTime, endTime, shift) VALUES ('SC0121', 'ST0001', '2025-07-11', '2025-07-11 08:00:00', '2025-07-11 14:00:00', 'Morning');
INSERT INTO Schedule (scheduleID, doctorID, date, startTime, endTime, shift) VALUES ('SC0122', 'ST0001', '2025-07-11', '2025-07-11 14:00:00', '2025-07-11 20:00:00', 'Evening');
INSERT INTO Schedule (scheduleID, doctorID, date, startTime, endTime, shift) VALUES ('SC0123', 'ST0003', '2025-07-11', '2025-07-11 08:00:00', '2025-07-11 14:00:00', 'Morning');
INSERT INTO Schedule (scheduleID, doctorID, date, startTime, endTime, shift) VALUES ('SC0124', 'ST0003', '2025-07-11', '2025-07-11 14:00:00', '2025-07-11 20:00:00', 'Evening');
INSERT INTO Schedule (scheduleID, doctorID, date, startTime, endTime, shift) VALUES ('SC0125', 'ST0004', '2025-07-11', '2025-07-11 08:00:00', '2025-07-11 14:00:00', 'Morning');
INSERT INTO Schedule (scheduleID, doctorID, date, startTime, endTime, shift) VALUES ('SC0126', 'ST0004', '2025-07-11', '2025-07-11 14:00:00', '2025-07-11 20:00:00', 'Evening');
INSERT INTO Schedule (scheduleID, doctorID, date, startTime, endTime, shift) VALUES ('SC0127', 'ST0005', '2025-07-11', '2025-07-11 08:00:00', '2025-07-11 14:00:00', 'Morning');
INSERT INTO Schedule (scheduleID, doctorID, date, startTime, endTime, shift) VALUES ('SC0128', 'ST0005', '2025-07-11', '2025-07-11 14:00:00', '2025-07-11 20:00:00', 'Evening');
INSERT INTO Schedule (scheduleID, doctorID, date, startTime, endTime, shift) VALUES ('SC0129', 'ST0008', '2025-07-11', '2025-07-11 08:00:00', '2025-07-11 14:00:00', 'Morning');
INSERT INTO Schedule (scheduleID, doctorID, date, startTime, endTime, shift) VALUES ('SC0130', 'ST0008', '2025-07-11', '2025-07-11 14:00:00', '2025-07-11 20:00:00', 'Evening');
INSERT INTO Schedule (scheduleID, doctorID, date, startTime, endTime, shift) VALUES ('SC0131', 'ST0009', '2025-07-11', '2025-07-11 08:00:00', '2025-07-11 14:00:00', 'Morning');
INSERT INTO Schedule (scheduleID, doctorID, date, startTime, endTime, shift) VALUES ('SC0132', 'ST0009', '2025-07-11', '2025-07-11 14:00:00', '2025-07-11 20:00:00', 'Evening');
INSERT INTO Schedule (scheduleID, doctorID, date, startTime, endTime, shift) VALUES ('SC0133', 'ST0001', '2025-07-12', '2025-07-12 08:00:00', '2025-07-12 14:00:00', 'Morning');
INSERT INTO Schedule (scheduleID, doctorID, date, startTime, endTime, shift) VALUES ('SC0134', 'ST0001', '2025-07-12', '2025-07-12 14:00:00', '2025-07-12 20:00:00', 'Evening');
INSERT INTO Schedule (scheduleID, doctorID, date, startTime, endTime, shift) VALUES ('SC0135', 'ST0003', '2025-07-12', '2025-07-12 08:00:00', '2025-07-12 14:00:00', 'Morning');
INSERT INTO Schedule (scheduleID, doctorID, date, startTime, endTime, shift) VALUES ('SC0136', 'ST0003', '2025-07-12', '2025-07-12 14:00:00', '2025-07-12 20:00:00', 'Evening');
INSERT INTO Schedule (scheduleID, doctorID, date, startTime, endTime, shift) VALUES ('SC0137', 'ST0004', '2025-07-12', '2025-07-12 08:00:00', '2025-07-12 14:00:00', 'Morning');
INSERT INTO Schedule (scheduleID, doctorID, date, startTime, endTime, shift) VALUES ('SC0138', 'ST0004', '2025-07-12', '2025-07-12 14:00:00', '2025-07-12 20:00:00', 'Evening');
INSERT INTO Schedule (scheduleID, doctorID, date, startTime, endTime, shift) VALUES ('SC0139', 'ST0005', '2025-07-12', '2025-07-12 08:00:00', '2025-07-12 14:00:00', 'Morning');
INSERT INTO Schedule (scheduleID, doctorID, date, startTime, endTime, shift) VALUES ('SC0140', 'ST0005', '2025-07-12', '2025-07-12 14:00:00', '2025-07-12 20:00:00', 'Evening');
INSERT INTO Schedule (scheduleID, doctorID, date, startTime, endTime, shift) VALUES ('SC0141', 'ST0008', '2025-07-12', '2025-07-12 08:00:00', '2025-07-12 14:00:00', 'Morning');
INSERT INTO Schedule (scheduleID, doctorID, date, startTime, endTime, shift) VALUES ('SC0142', 'ST0008', '2025-07-12', '2025-07-12 14:00:00', '2025-07-12 20:00:00', 'Evening');
INSERT INTO Schedule (scheduleID, doctorID, date, startTime, endTime, shift) VALUES ('SC0143', 'ST0009', '2025-07-12', '2025-07-12 08:00:00', '2025-07-12 14:00:00', 'Morning');
INSERT INTO Schedule (scheduleID, doctorID, date, startTime, endTime, shift) VALUES ('SC0144', 'ST0009', '2025-07-12', '2025-07-12 14:00:00', '2025-07-12 20:00:00', 'Evening');
INSERT INTO Schedule (scheduleID, doctorID, date, startTime, endTime, shift) VALUES ('SC0145', 'ST0001', '2025-07-13', '2025-07-13 08:00:00', '2025-07-13 14:00:00', 'Morning');
INSERT INTO Schedule (scheduleID, doctorID, date, startTime, endTime, shift) VALUES ('SC0146', 'ST0001', '2025-07-13', '2025-07-13 14:00:00', '2025-07-13 20:00:00', 'Evening');
INSERT INTO Schedule (scheduleID, doctorID, date, startTime, endTime, shift) VALUES ('SC0147', 'ST0003', '2025-07-13', '2025-07-13 08:00:00', '2025-07-13 14:00:00', 'Morning');
INSERT INTO Schedule (scheduleID, doctorID, date, startTime, endTime, shift) VALUES ('SC0148', 'ST0003', '2025-07-13', '2025-07-13 14:00:00', '2025-07-13 20:00:00', 'Evening');
INSERT INTO Schedule (scheduleID, doctorID, date, startTime, endTime, shift) VALUES ('SC0149', 'ST0004', '2025-07-13', '2025-07-13 08:00:00', '2025-07-13 14:00:00', 'Morning');
INSERT INTO Schedule (scheduleID, doctorID, date, startTime, endTime, shift) VALUES ('SC0150', 'ST0004', '2025-07-13', '2025-07-13 14:00:00', '2025-07-13 20:00:00', 'Evening');
INSERT INTO Schedule (scheduleID, doctorID, date, startTime, endTime, shift) VALUES ('SC0151', 'ST0005', '2025-07-13', '2025-07-13 08:00:00', '2025-07-13 14:00:00', 'Morning');
INSERT INTO Schedule (scheduleID, doctorID, date, startTime, endTime, shift) VALUES ('SC0152', 'ST0005', '2025-07-13', '2025-07-13 14:00:00', '2025-07-13 20:00:00', 'Evening');
INSERT INTO Schedule (scheduleID, doctorID, date, startTime, endTime, shift) VALUES ('SC0153', 'ST0008', '2025-07-13', '2025-07-13 08:00:00', '2025-07-13 14:00:00', 'Morning');
INSERT INTO Schedule (scheduleID, doctorID, date, startTime, endTime, shift) VALUES ('SC0154', 'ST0008', '2025-07-13', '2025-07-13 14:00:00', '2025-07-13 20:00:00', 'Evening');
INSERT INTO Schedule (scheduleID, doctorID, date, startTime, endTime, shift) VALUES ('SC0155', 'ST0009', '2025-07-13', '2025-07-13 08:00:00', '2025-07-13 14:00:00', 'Morning');
INSERT INTO Schedule (scheduleID, doctorID, date, startTime, endTime, shift) VALUES ('SC0156', 'ST0009', '2025-07-13', '2025-07-13 14:00:00', '2025-07-13 20:00:00', 'Evening');
INSERT INTO Schedule (scheduleID, doctorID, date, startTime, endTime, shift) VALUES ('SC0157', 'ST0001', '2025-07-14', '2025-07-14 08:00:00', '2025-07-14 14:00:00', 'Morning');
INSERT INTO Schedule (scheduleID, doctorID, date, startTime, endTime, shift) VALUES ('SC0158', 'ST0001', '2025-07-14', '2025-07-14 14:00:00', '2025-07-14 20:00:00', 'Evening');
INSERT INTO Schedule (scheduleID, doctorID, date, startTime, endTime, shift) VALUES ('SC0159', 'ST0003', '2025-07-14', '2025-07-14 08:00:00', '2025-07-14 14:00:00', 'Morning');
INSERT INTO Schedule (scheduleID, doctorID, date, startTime, endTime, shift) VALUES ('SC0160', 'ST0003', '2025-07-14', '2025-07-14 14:00:00', '2025-07-14 20:00:00', 'Evening');
INSERT INTO Schedule (scheduleID, doctorID, date, startTime, endTime, shift) VALUES ('SC0161', 'ST0004', '2025-07-14', '2025-07-14 08:00:00', '2025-07-14 14:00:00', 'Morning');
INSERT INTO Schedule (scheduleID, doctorID, date, startTime, endTime, shift) VALUES ('SC0162', 'ST0004', '2025-07-14', '2025-07-14 14:00:00', '2025-07-14 20:00:00', 'Evening');
INSERT INTO Schedule (scheduleID, doctorID, date, startTime, endTime, shift) VALUES ('SC0163', 'ST0005', '2025-07-14', '2025-07-14 08:00:00', '2025-07-14 14:00:00', 'Morning');
INSERT INTO Schedule (scheduleID, doctorID, date, startTime, endTime, shift) VALUES ('SC0164', 'ST0005', '2025-07-14', '2025-07-14 14:00:00', '2025-07-14 20:00:00', 'Evening');
INSERT INTO Schedule (scheduleID, doctorID, date, startTime, endTime, shift) VALUES ('SC0165', 'ST0008', '2025-07-14', '2025-07-14 08:00:00', '2025-07-14 14:00:00', 'Morning');
INSERT INTO Schedule (scheduleID, doctorID, date, startTime, endTime, shift) VALUES ('SC0166', 'ST0008', '2025-07-14', '2025-07-14 14:00:00', '2025-07-14 20:00:00', 'Evening');
INSERT INTO Schedule (scheduleID, doctorID, date, startTime, endTime, shift) VALUES ('SC0167', 'ST0009', '2025-07-14', '2025-07-14 08:00:00', '2025-07-14 14:00:00', 'Morning');
INSERT INTO Schedule (scheduleID, doctorID, date, startTime, endTime, shift) VALUES ('SC0168', 'ST0009', '2025-07-14', '2025-07-14 14:00:00', '2025-07-14 20:00:00', 'Evening');
INSERT INTO Schedule (scheduleID, doctorID, date, startTime, endTime, shift) VALUES ('SC0169', 'ST0001', '2025-07-15', '2025-07-15 08:00:00', '2025-07-15 14:00:00', 'Morning');
INSERT INTO Schedule (scheduleID, doctorID, date, startTime, endTime, shift) VALUES ('SC0170', 'ST0001', '2025-07-15', '2025-07-15 14:00:00', '2025-07-15 20:00:00', 'Evening');
INSERT INTO Schedule (scheduleID, doctorID, date, startTime, endTime, shift) VALUES ('SC0171', 'ST0003', '2025-07-15', '2025-07-15 08:00:00', '2025-07-15 14:00:00', 'Morning');
INSERT INTO Schedule (scheduleID, doctorID, date, startTime, endTime, shift) VALUES ('SC0172', 'ST0003', '2025-07-15', '2025-07-15 14:00:00', '2025-07-15 20:00:00', 'Evening');
INSERT INTO Schedule (scheduleID, doctorID, date, startTime, endTime, shift) VALUES ('SC0173', 'ST0004', '2025-07-15', '2025-07-15 08:00:00', '2025-07-15 14:00:00', 'Morning');
INSERT INTO Schedule (scheduleID, doctorID, date, startTime, endTime, shift) VALUES ('SC0174', 'ST0004', '2025-07-15', '2025-07-15 14:00:00', '2025-07-15 20:00:00', 'Evening');
INSERT INTO Schedule (scheduleID, doctorID, date, startTime, endTime, shift) VALUES ('SC0175', 'ST0005', '2025-07-15', '2025-07-15 08:00:00', '2025-07-15 14:00:00', 'Morning');
INSERT INTO Schedule (scheduleID, doctorID, date, startTime, endTime, shift) VALUES ('SC0176', 'ST0005', '2025-07-15', '2025-07-15 14:00:00', '2025-07-15 20:00:00', 'Evening');
INSERT INTO Schedule (scheduleID, doctorID, date, startTime, endTime, shift) VALUES ('SC0177', 'ST0008', '2025-07-15', '2025-07-15 08:00:00', '2025-07-15 14:00:00', 'Morning');
INSERT INTO Schedule (scheduleID, doctorID, date, startTime, endTime, shift) VALUES ('SC0178', 'ST0008', '2025-07-15', '2025-07-15 14:00:00', '2025-07-15 20:00:00', 'Evening');
INSERT INTO Schedule (scheduleID, doctorID, date, startTime, endTime, shift) VALUES ('SC0179', 'ST0009', '2025-07-15', '2025-07-15 08:00:00', '2025-07-15 14:00:00', 'Morning');
INSERT INTO Schedule (scheduleID, doctorID, date, startTime, endTime, shift) VALUES ('SC0180', 'ST0009', '2025-07-15', '2025-07-15 14:00:00', '2025-07-15 20:00:00', 'Evening');
INSERT INTO Schedule (scheduleID, doctorID, date, startTime, endTime, shift) VALUES ('SC0181', 'ST0001', '2025-07-16', '2025-07-16 08:00:00', '2025-07-16 14:00:00', 'Morning');
INSERT INTO Schedule (scheduleID, doctorID, date, startTime, endTime, shift) VALUES ('SC0182', 'ST0001', '2025-07-16', '2025-07-16 14:00:00', '2025-07-16 20:00:00', 'Evening');
INSERT INTO Schedule (scheduleID, doctorID, date, startTime, endTime, shift) VALUES ('SC0183', 'ST0003', '2025-07-16', '2025-07-16 08:00:00', '2025-07-16 14:00:00', 'Morning');
INSERT INTO Schedule (scheduleID, doctorID, date, startTime, endTime, shift) VALUES ('SC0184', 'ST0003', '2025-07-16', '2025-07-16 14:00:00', '2025-07-16 20:00:00', 'Evening');
INSERT INTO Schedule (scheduleID, doctorID, date, startTime, endTime, shift) VALUES ('SC0185', 'ST0004', '2025-07-16', '2025-07-16 08:00:00', '2025-07-16 14:00:00', 'Morning');
INSERT INTO Schedule (scheduleID, doctorID, date, startTime, endTime, shift) VALUES ('SC0186', 'ST0004', '2025-07-16', '2025-07-16 14:00:00', '2025-07-16 20:00:00', 'Evening');
INSERT INTO Schedule (scheduleID, doctorID, date, startTime, endTime, shift) VALUES ('SC0187', 'ST0005', '2025-07-16', '2025-07-16 08:00:00', '2025-07-16 14:00:00', 'Morning');
INSERT INTO Schedule (scheduleID, doctorID, date, startTime, endTime, shift) VALUES ('SC0188', 'ST0005', '2025-07-16', '2025-07-16 14:00:00', '2025-07-16 20:00:00', 'Evening');
INSERT INTO Schedule (scheduleID, doctorID, date, startTime, endTime, shift) VALUES ('SC0189', 'ST0008', '2025-07-16', '2025-07-16 08:00:00', '2025-07-16 14:00:00', 'Morning');
INSERT INTO Schedule (scheduleID, doctorID, date, startTime, endTime, shift) VALUES ('SC0190', 'ST0008', '2025-07-16', '2025-07-16 14:00:00', '2025-07-16 20:00:00', 'Evening');
INSERT INTO Schedule (scheduleID, doctorID, date, startTime, endTime, shift) VALUES ('SC0191', 'ST0009', '2025-07-16', '2025-07-16 08:00:00', '2025-07-16 14:00:00', 'Morning');
INSERT INTO Schedule (scheduleID, doctorID, date, startTime, endTime, shift) VALUES ('SC0192', 'ST0009', '2025-07-16', '2025-07-16 14:00:00', '2025-07-16 20:00:00', 'Evening');
INSERT INTO Schedule (scheduleID, doctorID, date, startTime, endTime, shift) VALUES ('SC0193', 'ST0001', '2025-07-17', '2025-07-17 08:00:00', '2025-07-17 14:00:00', 'Morning');
INSERT INTO Schedule (scheduleID, doctorID, date, startTime, endTime, shift) VALUES ('SC0194', 'ST0001', '2025-07-17', '2025-07-17 14:00:00', '2025-07-17 20:00:00', 'Evening');
INSERT INTO Schedule (scheduleID, doctorID, date, startTime, endTime, shift) VALUES ('SC0195', 'ST0003', '2025-07-17', '2025-07-17 08:00:00', '2025-07-17 14:00:00', 'Morning');
INSERT INTO Schedule (scheduleID, doctorID, date, startTime, endTime, shift) VALUES ('SC0196', 'ST0003', '2025-07-17', '2025-07-17 14:00:00', '2025-07-17 20:00:00', 'Evening');
INSERT INTO Schedule (scheduleID, doctorID, date, startTime, endTime, shift) VALUES ('SC0197', 'ST0004', '2025-07-17', '2025-07-17 08:00:00', '2025-07-17 14:00:00', 'Morning');
INSERT INTO Schedule (scheduleID, doctorID, date, startTime, endTime, shift) VALUES ('SC0198', 'ST0004', '2025-07-17', '2025-07-17 14:00:00', '2025-07-17 20:00:00', 'Evening');
INSERT INTO Schedule (scheduleID, doctorID, date, startTime, endTime, shift) VALUES ('SC0199', 'ST0005', '2025-07-17', '2025-07-17 08:00:00', '2025-07-17 14:00:00', 'Morning');
INSERT INTO Schedule (scheduleID, doctorID, date, startTime, endTime, shift) VALUES ('SC0200', 'ST0005', '2025-07-17', '2025-07-17 14:00:00', '2025-07-17 20:00:00', 'Evening');
INSERT INTO Schedule (scheduleID, doctorID, date, startTime, endTime, shift) VALUES ('SC0201', 'ST0008', '2025-07-17', '2025-07-17 08:00:00', '2025-07-17 14:00:00', 'Morning');
INSERT INTO Schedule (scheduleID, doctorID, date, startTime, endTime, shift) VALUES ('SC0202', 'ST0008', '2025-07-17', '2025-07-17 14:00:00', '2025-07-17 20:00:00', 'Evening');
INSERT INTO Schedule (scheduleID, doctorID, date, startTime, endTime, shift) VALUES ('SC0203', 'ST0009', '2025-07-17', '2025-07-17 08:00:00', '2025-07-17 14:00:00', 'Morning');
INSERT INTO Schedule (scheduleID, doctorID, date, startTime, endTime, shift) VALUES ('SC0204', 'ST0009', '2025-07-17', '2025-07-17 14:00:00', '2025-07-17 20:00:00', 'Evening');
INSERT INTO Schedule (scheduleID, doctorID, date, startTime, endTime, shift) VALUES ('SC0205', 'ST0001', '2025-07-18', '2025-07-18 08:00:00', '2025-07-18 14:00:00', 'Morning');
INSERT INTO Schedule (scheduleID, doctorID, date, startTime, endTime, shift) VALUES ('SC0206', 'ST0001', '2025-07-18', '2025-07-18 14:00:00', '2025-07-18 20:00:00', 'Evening');
INSERT INTO Schedule (scheduleID, doctorID, date, startTime, endTime, shift) VALUES ('SC0207', 'ST0003', '2025-07-18', '2025-07-18 08:00:00', '2025-07-18 14:00:00', 'Morning');
INSERT INTO Schedule (scheduleID, doctorID, date, startTime, endTime, shift) VALUES ('SC0208', 'ST0003', '2025-07-18', '2025-07-18 14:00:00', '2025-07-18 20:00:00', 'Evening');
INSERT INTO Schedule (scheduleID, doctorID, date, startTime, endTime, shift) VALUES ('SC0209', 'ST0004', '2025-07-18', '2025-07-18 08:00:00', '2025-07-18 14:00:00', 'Morning');
INSERT INTO Schedule (scheduleID, doctorID, date, startTime, endTime, shift) VALUES ('SC0210', 'ST0004', '2025-07-18', '2025-07-18 14:00:00', '2025-07-18 20:00:00', 'Evening');
INSERT INTO Schedule (scheduleID, doctorID, date, startTime, endTime, shift) VALUES ('SC0211', 'ST0005', '2025-07-18', '2025-07-18 08:00:00', '2025-07-18 14:00:00', 'Morning');
INSERT INTO Schedule (scheduleID, doctorID, date, startTime, endTime, shift) VALUES ('SC0212', 'ST0005', '2025-07-18', '2025-07-18 14:00:00', '2025-07-18 20:00:00', 'Evening');
INSERT INTO Schedule (scheduleID, doctorID, date, startTime, endTime, shift) VALUES ('SC0213', 'ST0008', '2025-07-18', '2025-07-18 08:00:00', '2025-07-18 14:00:00', 'Morning');
INSERT INTO Schedule (scheduleID, doctorID, date, startTime, endTime, shift) VALUES ('SC0214', 'ST0008', '2025-07-18', '2025-07-18 14:00:00', '2025-07-18 20:00:00', 'Evening');
INSERT INTO Schedule (scheduleID, doctorID, date, startTime, endTime, shift) VALUES ('SC0215', 'ST0009', '2025-07-18', '2025-07-18 08:00:00', '2025-07-18 14:00:00', 'Morning');
INSERT INTO Schedule (scheduleID, doctorID, date, startTime, endTime, shift) VALUES ('SC0216', 'ST0009', '2025-07-18', '2025-07-18 14:00:00', '2025-07-18 20:00:00', 'Evening');
INSERT INTO Schedule (scheduleID, doctorID, date, startTime, endTime, shift) VALUES ('SC0217', 'ST0001', '2025-07-19', '2025-07-19 08:00:00', '2025-07-19 14:00:00', 'Morning');
INSERT INTO Schedule (scheduleID, doctorID, date, startTime, endTime, shift) VALUES ('SC0218', 'ST0001', '2025-07-19', '2025-07-19 14:00:00', '2025-07-19 20:00:00', 'Evening');
INSERT INTO Schedule (scheduleID, doctorID, date, startTime, endTime, shift) VALUES ('SC0219', 'ST0003', '2025-07-19', '2025-07-19 08:00:00', '2025-07-19 14:00:00', 'Morning');
INSERT INTO Schedule (scheduleID, doctorID, date, startTime, endTime, shift) VALUES ('SC0220', 'ST0003', '2025-07-19', '2025-07-19 14:00:00', '2025-07-19 20:00:00', 'Evening');
INSERT INTO Schedule (scheduleID, doctorID, date, startTime, endTime, shift) VALUES ('SC0221', 'ST0004', '2025-07-19', '2025-07-19 08:00:00', '2025-07-19 14:00:00', 'Morning');
INSERT INTO Schedule (scheduleID, doctorID, date, startTime, endTime, shift) VALUES ('SC0222', 'ST0004', '2025-07-19', '2025-07-19 14:00:00', '2025-07-19 20:00:00', 'Evening');
INSERT INTO Schedule (scheduleID, doctorID, date, startTime, endTime, shift) VALUES ('SC0223', 'ST0005', '2025-07-19', '2025-07-19 08:00:00', '2025-07-19 14:00:00', 'Morning');
INSERT INTO Schedule (scheduleID, doctorID, date, startTime, endTime, shift) VALUES ('SC0224', 'ST0005', '2025-07-19', '2025-07-19 14:00:00', '2025-07-19 20:00:00', 'Evening');
INSERT INTO Schedule (scheduleID, doctorID, date, startTime, endTime, shift) VALUES ('SC0225', 'ST0008', '2025-07-19', '2025-07-19 08:00:00', '2025-07-19 14:00:00', 'Morning');
INSERT INTO Schedule (scheduleID, doctorID, date, startTime, endTime, shift) VALUES ('SC0226', 'ST0008', '2025-07-19', '2025-07-19 14:00:00', '2025-07-19 20:00:00', 'Evening');
INSERT INTO Schedule (scheduleID, doctorID, date, startTime, endTime, shift) VALUES ('SC0227', 'ST0009', '2025-07-19', '2025-07-19 08:00:00', '2025-07-19 14:00:00', 'Morning');
INSERT INTO Schedule (scheduleID, doctorID, date, startTime, endTime, shift) VALUES ('SC0228', 'ST0009', '2025-07-19', '2025-07-19 14:00:00', '2025-07-19 20:00:00', 'Evening');
INSERT INTO Schedule (scheduleID, doctorID, date, startTime, endTime, shift) VALUES ('SC0229', 'ST0001', '2025-07-20', '2025-07-20 08:00:00', '2025-07-20 14:00:00', 'Morning');
INSERT INTO Schedule (scheduleID, doctorID, date, startTime, endTime, shift) VALUES ('SC0230', 'ST0001', '2025-07-20', '2025-07-20 14:00:00', '2025-07-20 20:00:00', 'Evening');
INSERT INTO Schedule (scheduleID, doctorID, date, startTime, endTime, shift) VALUES ('SC0231', 'ST0003', '2025-07-20', '2025-07-20 08:00:00', '2025-07-20 14:00:00', 'Morning');
INSERT INTO Schedule (scheduleID, doctorID, date, startTime, endTime, shift) VALUES ('SC0232', 'ST0003', '2025-07-20', '2025-07-20 14:00:00', '2025-07-20 20:00:00', 'Evening');
INSERT INTO Schedule (scheduleID, doctorID, date, startTime, endTime, shift) VALUES ('SC0233', 'ST0004', '2025-07-20', '2025-07-20 08:00:00', '2025-07-20 14:00:00', 'Morning');
INSERT INTO Schedule (scheduleID, doctorID, date, startTime, endTime, shift) VALUES ('SC0234', 'ST0004', '2025-07-20', '2025-07-20 14:00:00', '2025-07-20 20:00:00', 'Evening');
INSERT INTO Schedule (scheduleID, doctorID, date, startTime, endTime, shift) VALUES ('SC0235', 'ST0005', '2025-07-20', '2025-07-20 08:00:00', '2025-07-20 14:00:00', 'Morning');
INSERT INTO Schedule (scheduleID, doctorID, date, startTime, endTime, shift) VALUES ('SC0236', 'ST0005', '2025-07-20', '2025-07-20 14:00:00', '2025-07-20 20:00:00', 'Evening');
INSERT INTO Schedule (scheduleID, doctorID, date, startTime, endTime, shift) VALUES ('SC0237', 'ST0008', '2025-07-20', '2025-07-20 08:00:00', '2025-07-20 14:00:00', 'Morning');
INSERT INTO Schedule (scheduleID, doctorID, date, startTime, endTime, shift) VALUES ('SC0238', 'ST0008', '2025-07-20', '2025-07-20 14:00:00', '2025-07-20 20:00:00', 'Evening');
INSERT INTO Schedule (scheduleID, doctorID, date, startTime, endTime, shift) VALUES ('SC0239', 'ST0009', '2025-07-20', '2025-07-20 08:00:00', '2025-07-20 14:00:00', 'Morning');
INSERT INTO Schedule (scheduleID, doctorID, date, startTime, endTime, shift) VALUES ('SC0240', 'ST0009', '2025-07-20', '2025-07-20 14:00:00', '2025-07-20 20:00:00', 'Evening');
INSERT INTO Schedule (scheduleID, doctorID, date, startTime, endTime, shift) VALUES ('SC0241', 'ST0001', '2025-07-21', '2025-07-21 08:00:00', '2025-07-21 14:00:00', 'Morning');
INSERT INTO Schedule (scheduleID, doctorID, date, startTime, endTime, shift) VALUES ('SC0242', 'ST0001', '2025-07-21', '2025-07-21 14:00:00', '2025-07-21 20:00:00', 'Evening');
INSERT INTO Schedule (scheduleID, doctorID, date, startTime, endTime, shift) VALUES ('SC0243', 'ST0003', '2025-07-21', '2025-07-21 08:00:00', '2025-07-21 14:00:00', 'Morning');
INSERT INTO Schedule (scheduleID, doctorID, date, startTime, endTime, shift) VALUES ('SC0244', 'ST0003', '2025-07-21', '2025-07-21 14:00:00', '2025-07-21 20:00:00', 'Evening');
INSERT INTO Schedule (scheduleID, doctorID, date, startTime, endTime, shift) VALUES ('SC0245', 'ST0004', '2025-07-21', '2025-07-21 08:00:00', '2025-07-21 14:00:00', 'Morning');
INSERT INTO Schedule (scheduleID, doctorID, date, startTime, endTime, shift) VALUES ('SC0246', 'ST0004', '2025-07-21', '2025-07-21 14:00:00', '2025-07-21 20:00:00', 'Evening');
INSERT INTO Schedule (scheduleID, doctorID, date, startTime, endTime, shift) VALUES ('SC0247', 'ST0005', '2025-07-21', '2025-07-21 08:00:00', '2025-07-21 14:00:00', 'Morning');
INSERT INTO Schedule (scheduleID, doctorID, date, startTime, endTime, shift) VALUES ('SC0248', 'ST0005', '2025-07-21', '2025-07-21 14:00:00', '2025-07-21 20:00:00', 'Evening');
INSERT INTO Schedule (scheduleID, doctorID, date, startTime, endTime, shift) VALUES ('SC0249', 'ST0008', '2025-07-21', '2025-07-21 08:00:00', '2025-07-21 14:00:00', 'Morning');
INSERT INTO Schedule (scheduleID, doctorID, date, startTime, endTime, shift) VALUES ('SC0250', 'ST0008', '2025-07-21', '2025-07-21 14:00:00', '2025-07-21 20:00:00', 'Evening');
INSERT INTO Schedule (scheduleID, doctorID, date, startTime, endTime, shift) VALUES ('SC0251', 'ST0009', '2025-07-21', '2025-07-21 08:00:00', '2025-07-21 14:00:00', 'Morning');
INSERT INTO Schedule (scheduleID, doctorID, date, startTime, endTime, shift) VALUES ('SC0252', 'ST0009', '2025-07-21', '2025-07-21 14:00:00', '2025-07-21 20:00:00', 'Evening');
INSERT INTO Schedule (scheduleID, doctorID, date, startTime, endTime, shift) VALUES ('SC0253', 'ST0001', '2025-07-22', '2025-07-22 08:00:00', '2025-07-22 14:00:00', 'Morning');
INSERT INTO Schedule (scheduleID, doctorID, date, startTime, endTime, shift) VALUES ('SC0254', 'ST0001', '2025-07-22', '2025-07-22 14:00:00', '2025-07-22 20:00:00', 'Evening');
INSERT INTO Schedule (scheduleID, doctorID, date, startTime, endTime, shift) VALUES ('SC0255', 'ST0003', '2025-07-22', '2025-07-22 08:00:00', '2025-07-22 14:00:00', 'Morning');
INSERT INTO Schedule (scheduleID, doctorID, date, startTime, endTime, shift) VALUES ('SC0256', 'ST0003', '2025-07-22', '2025-07-22 14:00:00', '2025-07-22 20:00:00', 'Evening');
INSERT INTO Schedule (scheduleID, doctorID, date, startTime, endTime, shift) VALUES ('SC0257', 'ST0004', '2025-07-22', '2025-07-22 08:00:00', '2025-07-22 14:00:00', 'Morning');
INSERT INTO Schedule (scheduleID, doctorID, date, startTime, endTime, shift) VALUES ('SC0258', 'ST0004', '2025-07-22', '2025-07-22 14:00:00', '2025-07-22 20:00:00', 'Evening');
INSERT INTO Schedule (scheduleID, doctorID, date, startTime, endTime, shift) VALUES ('SC0259', 'ST0005', '2025-07-22', '2025-07-22 08:00:00', '2025-07-22 14:00:00', 'Morning');
INSERT INTO Schedule (scheduleID, doctorID, date, startTime, endTime, shift) VALUES ('SC0260', 'ST0005', '2025-07-22', '2025-07-22 14:00:00', '2025-07-22 20:00:00', 'Evening');
INSERT INTO Schedule (scheduleID, doctorID, date, startTime, endTime, shift) VALUES ('SC0261', 'ST0008', '2025-07-22', '2025-07-22 08:00:00', '2025-07-22 14:00:00', 'Morning');
INSERT INTO Schedule (scheduleID, doctorID, date, startTime, endTime, shift) VALUES ('SC0262', 'ST0008', '2025-07-22', '2025-07-22 14:00:00', '2025-07-22 20:00:00', 'Evening');
INSERT INTO Schedule (scheduleID, doctorID, date, startTime, endTime, shift) VALUES ('SC0263', 'ST0009', '2025-07-22', '2025-07-22 08:00:00', '2025-07-22 14:00:00', 'Morning');
INSERT INTO Schedule (scheduleID, doctorID, date, startTime, endTime, shift) VALUES ('SC0264', 'ST0009', '2025-07-22', '2025-07-22 14:00:00', '2025-07-22 20:00:00', 'Evening');
INSERT INTO Schedule (scheduleID, doctorID, date, startTime, endTime, shift) VALUES ('SC0265', 'ST0001', '2025-07-23', '2025-07-23 08:00:00', '2025-07-23 14:00:00', 'Morning');
INSERT INTO Schedule (scheduleID, doctorID, date, startTime, endTime, shift) VALUES ('SC0266', 'ST0001', '2025-07-23', '2025-07-23 14:00:00', '2025-07-23 20:00:00', 'Evening');
INSERT INTO Schedule (scheduleID, doctorID, date, startTime, endTime, shift) VALUES ('SC0267', 'ST0003', '2025-07-23', '2025-07-23 08:00:00', '2025-07-23 14:00:00', 'Morning');
INSERT INTO Schedule (scheduleID, doctorID, date, startTime, endTime, shift) VALUES ('SC0268', 'ST0003', '2025-07-23', '2025-07-23 14:00:00', '2025-07-23 20:00:00', 'Evening');
INSERT INTO Schedule (scheduleID, doctorID, date, startTime, endTime, shift) VALUES ('SC0269', 'ST0004', '2025-07-23', '2025-07-23 08:00:00', '2025-07-23 14:00:00', 'Morning');
INSERT INTO Schedule (scheduleID, doctorID, date, startTime, endTime, shift) VALUES ('SC0270', 'ST0004', '2025-07-23', '2025-07-23 14:00:00', '2025-07-23 20:00:00', 'Evening');
INSERT INTO Schedule (scheduleID, doctorID, date, startTime, endTime, shift) VALUES ('SC0271', 'ST0005', '2025-07-23', '2025-07-23 08:00:00', '2025-07-23 14:00:00', 'Morning');
INSERT INTO Schedule (scheduleID, doctorID, date, startTime, endTime, shift) VALUES ('SC0272', 'ST0005', '2025-07-23', '2025-07-23 14:00:00', '2025-07-23 20:00:00', 'Evening');
INSERT INTO Schedule (scheduleID, doctorID, date, startTime, endTime, shift) VALUES ('SC0273', 'ST0008', '2025-07-23', '2025-07-23 08:00:00', '2025-07-23 14:00:00', 'Morning');
INSERT INTO Schedule (scheduleID, doctorID, date, startTime, endTime, shift) VALUES ('SC0274', 'ST0008', '2025-07-23', '2025-07-23 14:00:00', '2025-07-23 20:00:00', 'Evening');
INSERT INTO Schedule (scheduleID, doctorID, date, startTime, endTime, shift) VALUES ('SC0275', 'ST0009', '2025-07-23', '2025-07-23 08:00:00', '2025-07-23 14:00:00', 'Morning');
INSERT INTO Schedule (scheduleID, doctorID, date, startTime, endTime, shift) VALUES ('SC0276', 'ST0009', '2025-07-23', '2025-07-23 14:00:00', '2025-07-23 20:00:00', 'Evening');
INSERT INTO Schedule (scheduleID, doctorID, date, startTime, endTime, shift) VALUES ('SC0277', 'ST0001', '2025-07-24', '2025-07-24 08:00:00', '2025-07-24 14:00:00', 'Morning');
INSERT INTO Schedule (scheduleID, doctorID, date, startTime, endTime, shift) VALUES ('SC0278', 'ST0001', '2025-07-24', '2025-07-24 14:00:00', '2025-07-24 20:00:00', 'Evening');
INSERT INTO Schedule (scheduleID, doctorID, date, startTime, endTime, shift) VALUES ('SC0279', 'ST0003', '2025-07-24', '2025-07-24 08:00:00', '2025-07-24 14:00:00', 'Morning');
INSERT INTO Schedule (scheduleID, doctorID, date, startTime, endTime, shift) VALUES ('SC0280', 'ST0003', '2025-07-24', '2025-07-24 14:00:00', '2025-07-24 20:00:00', 'Evening');
INSERT INTO Schedule (scheduleID, doctorID, date, startTime, endTime, shift) VALUES ('SC0281', 'ST0004', '2025-07-24', '2025-07-24 08:00:00', '2025-07-24 14:00:00', 'Morning');
INSERT INTO Schedule (scheduleID, doctorID, date, startTime, endTime, shift) VALUES ('SC0282', 'ST0004', '2025-07-24', '2025-07-24 14:00:00', '2025-07-24 20:00:00', 'Evening');
INSERT INTO Schedule (scheduleID, doctorID, date, startTime, endTime, shift) VALUES ('SC0283', 'ST0005', '2025-07-24', '2025-07-24 08:00:00', '2025-07-24 14:00:00', 'Morning');
INSERT INTO Schedule (scheduleID, doctorID, date, startTime, endTime, shift) VALUES ('SC0284', 'ST0005', '2025-07-24', '2025-07-24 14:00:00', '2025-07-24 20:00:00', 'Evening');
INSERT INTO Schedule (scheduleID, doctorID, date, startTime, endTime, shift) VALUES ('SC0285', 'ST0008', '2025-07-24', '2025-07-24 08:00:00', '2025-07-24 14:00:00', 'Morning');
INSERT INTO Schedule (scheduleID, doctorID, date, startTime, endTime, shift) VALUES ('SC0286', 'ST0008', '2025-07-24', '2025-07-24 14:00:00', '2025-07-24 20:00:00', 'Evening');
INSERT INTO Schedule (scheduleID, doctorID, date, startTime, endTime, shift) VALUES ('SC0287', 'ST0009', '2025-07-24', '2025-07-24 08:00:00', '2025-07-24 14:00:00', 'Morning');
INSERT INTO Schedule (scheduleID, doctorID, date, startTime, endTime, shift) VALUES ('SC0288', 'ST0009', '2025-07-24', '2025-07-24 14:00:00', '2025-07-24 20:00:00', 'Evening');
INSERT INTO Schedule (scheduleID, doctorID, date, startTime, endTime, shift) VALUES ('SC0289', 'ST0001', '2025-07-25', '2025-07-25 08:00:00', '2025-07-25 14:00:00', 'Morning');
INSERT INTO Schedule (scheduleID, doctorID, date, startTime, endTime, shift) VALUES ('SC0290', 'ST0001', '2025-07-25', '2025-07-25 14:00:00', '2025-07-25 20:00:00', 'Evening');
INSERT INTO Schedule (scheduleID, doctorID, date, startTime, endTime, shift) VALUES ('SC0291', 'ST0003', '2025-07-25', '2025-07-25 08:00:00', '2025-07-25 14:00:00', 'Morning');
INSERT INTO Schedule (scheduleID, doctorID, date, startTime, endTime, shift) VALUES ('SC0292', 'ST0003', '2025-07-25', '2025-07-25 14:00:00', '2025-07-25 20:00:00', 'Evening');
INSERT INTO Schedule (scheduleID, doctorID, date, startTime, endTime, shift) VALUES ('SC0293', 'ST0004', '2025-07-25', '2025-07-25 08:00:00', '2025-07-25 14:00:00', 'Morning');
INSERT INTO Schedule (scheduleID, doctorID, date, startTime, endTime, shift) VALUES ('SC0294', 'ST0004', '2025-07-25', '2025-07-25 14:00:00', '2025-07-25 20:00:00', 'Evening');
INSERT INTO Schedule (scheduleID, doctorID, date, startTime, endTime, shift) VALUES ('SC0295', 'ST0005', '2025-07-25', '2025-07-25 08:00:00', '2025-07-25 14:00:00', 'Morning');
INSERT INTO Schedule (scheduleID, doctorID, date, startTime, endTime, shift) VALUES ('SC0296', 'ST0005', '2025-07-25', '2025-07-25 14:00:00', '2025-07-25 20:00:00', 'Evening');
INSERT INTO Schedule (scheduleID, doctorID, date, startTime, endTime, shift) VALUES ('SC0297', 'ST0008', '2025-07-25', '2025-07-25 08:00:00', '2025-07-25 14:00:00', 'Morning');
INSERT INTO Schedule (scheduleID, doctorID, date, startTime, endTime, shift) VALUES ('SC0298', 'ST0008', '2025-07-25', '2025-07-25 14:00:00', '2025-07-25 20:00:00', 'Evening');
INSERT INTO Schedule (scheduleID, doctorID, date, startTime, endTime, shift) VALUES ('SC0299', 'ST0009', '2025-07-25', '2025-07-25 08:00:00', '2025-07-25 14:00:00', 'Morning');
INSERT INTO Schedule (scheduleID, doctorID, date, startTime, endTime, shift) VALUES ('SC0300', 'ST0009', '2025-07-25', '2025-07-25 14:00:00', '2025-07-25 20:00:00', 'Evening');
INSERT INTO Schedule (scheduleID, doctorID, date, startTime, endTime, shift) VALUES ('SC0301', 'ST0001', '2025-07-26', '2025-07-26 08:00:00', '2025-07-26 14:00:00', 'Morning');
INSERT INTO Schedule (scheduleID, doctorID, date, startTime, endTime, shift) VALUES ('SC0302', 'ST0001', '2025-07-26', '2025-07-26 14:00:00', '2025-07-26 20:00:00', 'Evening');
INSERT INTO Schedule (scheduleID, doctorID, date, startTime, endTime, shift) VALUES ('SC0303', 'ST0003', '2025-07-26', '2025-07-26 08:00:00', '2025-07-26 14:00:00', 'Morning');
INSERT INTO Schedule (scheduleID, doctorID, date, startTime, endTime, shift) VALUES ('SC0304', 'ST0003', '2025-07-26', '2025-07-26 14:00:00', '2025-07-26 20:00:00', 'Evening');
INSERT INTO Schedule (scheduleID, doctorID, date, startTime, endTime, shift) VALUES ('SC0305', 'ST0004', '2025-07-26', '2025-07-26 08:00:00', '2025-07-26 14:00:00', 'Morning');
INSERT INTO Schedule (scheduleID, doctorID, date, startTime, endTime, shift) VALUES ('SC0306', 'ST0004', '2025-07-26', '2025-07-26 14:00:00', '2025-07-26 20:00:00', 'Evening');
INSERT INTO Schedule (scheduleID, doctorID, date, startTime, endTime, shift) VALUES ('SC0307', 'ST0005', '2025-07-26', '2025-07-26 08:00:00', '2025-07-26 14:00:00', 'Morning');
INSERT INTO Schedule (scheduleID, doctorID, date, startTime, endTime, shift) VALUES ('SC0308', 'ST0005', '2025-07-26', '2025-07-26 14:00:00', '2025-07-26 20:00:00', 'Evening');
INSERT INTO Schedule (scheduleID, doctorID, date, startTime, endTime, shift) VALUES ('SC0309', 'ST0008', '2025-07-26', '2025-07-26 08:00:00', '2025-07-26 14:00:00', 'Morning');
INSERT INTO Schedule (scheduleID, doctorID, date, startTime, endTime, shift) VALUES ('SC0310', 'ST0008', '2025-07-26', '2025-07-26 14:00:00', '2025-07-26 20:00:00', 'Evening');
INSERT INTO Schedule (scheduleID, doctorID, date, startTime, endTime, shift) VALUES ('SC0311', 'ST0009', '2025-07-26', '2025-07-26 08:00:00', '2025-07-26 14:00:00', 'Morning');
INSERT INTO Schedule (scheduleID, doctorID, date, startTime, endTime, shift) VALUES ('SC0312', 'ST0009', '2025-07-26', '2025-07-26 14:00:00', '2025-07-26 20:00:00', 'Evening');
INSERT INTO Schedule (scheduleID, doctorID, date, startTime, endTime, shift) VALUES ('SC0313', 'ST0001', '2025-07-27', '2025-07-27 08:00:00', '2025-07-27 14:00:00', 'Morning');
INSERT INTO Schedule (scheduleID, doctorID, date, startTime, endTime, shift) VALUES ('SC0314', 'ST0001', '2025-07-27', '2025-07-27 14:00:00', '2025-07-27 20:00:00', 'Evening');
INSERT INTO Schedule (scheduleID, doctorID, date, startTime, endTime, shift) VALUES ('SC0315', 'ST0003', '2025-07-27', '2025-07-27 08:00:00', '2025-07-27 14:00:00', 'Morning');
INSERT INTO Schedule (scheduleID, doctorID, date, startTime, endTime, shift) VALUES ('SC0316', 'ST0003', '2025-07-27', '2025-07-27 14:00:00', '2025-07-27 20:00:00', 'Evening');
INSERT INTO Schedule (scheduleID, doctorID, date, startTime, endTime, shift) VALUES ('SC0317', 'ST0004', '2025-07-27', '2025-07-27 08:00:00', '2025-07-27 14:00:00', 'Morning');
INSERT INTO Schedule (scheduleID, doctorID, date, startTime, endTime, shift) VALUES ('SC0318', 'ST0004', '2025-07-27', '2025-07-27 14:00:00', '2025-07-27 20:00:00', 'Evening');
INSERT INTO Schedule (scheduleID, doctorID, date, startTime, endTime, shift) VALUES ('SC0319', 'ST0005', '2025-07-27', '2025-07-27 08:00:00', '2025-07-27 14:00:00', 'Morning');
INSERT INTO Schedule (scheduleID, doctorID, date, startTime, endTime, shift) VALUES ('SC0320', 'ST0005', '2025-07-27', '2025-07-27 14:00:00', '2025-07-27 20:00:00', 'Evening');
INSERT INTO Schedule (scheduleID, doctorID, date, startTime, endTime, shift) VALUES ('SC0321', 'ST0008', '2025-07-27', '2025-07-27 08:00:00', '2025-07-27 14:00:00', 'Morning');
INSERT INTO Schedule (scheduleID, doctorID, date, startTime, endTime, shift) VALUES ('SC0322', 'ST0008', '2025-07-27', '2025-07-27 14:00:00', '2025-07-27 20:00:00', 'Evening');
INSERT INTO Schedule (scheduleID, doctorID, date, startTime, endTime, shift) VALUES ('SC0323', 'ST0009', '2025-07-27', '2025-07-27 08:00:00', '2025-07-27 14:00:00', 'Morning');
INSERT INTO Schedule (scheduleID, doctorID, date, startTime, endTime, shift) VALUES ('SC0324', 'ST0009', '2025-07-27', '2025-07-27 14:00:00', '2025-07-27 20:00:00', 'Evening');
INSERT INTO Schedule (scheduleID, doctorID, date, startTime, endTime, shift) VALUES ('SC0325', 'ST0001', '2025-07-28', '2025-07-28 08:00:00', '2025-07-28 14:00:00', 'Morning');
INSERT INTO Schedule (scheduleID, doctorID, date, startTime, endTime, shift) VALUES ('SC0326', 'ST0001', '2025-07-28', '2025-07-28 14:00:00', '2025-07-28 20:00:00', 'Evening');
INSERT INTO Schedule (scheduleID, doctorID, date, startTime, endTime, shift) VALUES ('SC0327', 'ST0003', '2025-07-28', '2025-07-28 08:00:00', '2025-07-28 14:00:00', 'Morning');
INSERT INTO Schedule (scheduleID, doctorID, date, startTime, endTime, shift) VALUES ('SC0328', 'ST0003', '2025-07-28', '2025-07-28 14:00:00', '2025-07-28 20:00:00', 'Evening');
INSERT INTO Schedule (scheduleID, doctorID, date, startTime, endTime, shift) VALUES ('SC0329', 'ST0004', '2025-07-28', '2025-07-28 08:00:00', '2025-07-28 14:00:00', 'Morning');
INSERT INTO Schedule (scheduleID, doctorID, date, startTime, endTime, shift) VALUES ('SC0330', 'ST0004', '2025-07-28', '2025-07-28 14:00:00', '2025-07-28 20:00:00', 'Evening');
INSERT INTO Schedule (scheduleID, doctorID, date, startTime, endTime, shift) VALUES ('SC0331', 'ST0005', '2025-07-28', '2025-07-28 08:00:00', '2025-07-28 14:00:00', 'Morning');
INSERT INTO Schedule (scheduleID, doctorID, date, startTime, endTime, shift) VALUES ('SC0332', 'ST0005', '2025-07-28', '2025-07-28 14:00:00', '2025-07-28 20:00:00', 'Evening');
INSERT INTO Schedule (scheduleID, doctorID, date, startTime, endTime, shift) VALUES ('SC0333', 'ST0008', '2025-07-28', '2025-07-28 08:00:00', '2025-07-28 14:00:00', 'Morning');
INSERT INTO Schedule (scheduleID, doctorID, date, startTime, endTime, shift) VALUES ('SC0334', 'ST0008', '2025-07-28', '2025-07-28 14:00:00', '2025-07-28 20:00:00', 'Evening');
INSERT INTO Schedule (scheduleID, doctorID, date, startTime, endTime, shift) VALUES ('SC0335', 'ST0009', '2025-07-28', '2025-07-28 08:00:00', '2025-07-28 14:00:00', 'Morning');
INSERT INTO Schedule (scheduleID, doctorID, date, startTime, endTime, shift) VALUES ('SC0336', 'ST0009', '2025-07-28', '2025-07-28 14:00:00', '2025-07-28 20:00:00', 'Evening');
INSERT INTO Schedule (scheduleID, doctorID, date, startTime, endTime, shift) VALUES ('SC0337', 'ST0001', '2025-07-29', '2025-07-29 08:00:00', '2025-07-29 14:00:00', 'Morning');
INSERT INTO Schedule (scheduleID, doctorID, date, startTime, endTime, shift) VALUES ('SC0338', 'ST0001', '2025-07-29', '2025-07-29 14:00:00', '2025-07-29 20:00:00', 'Evening');
INSERT INTO Schedule (scheduleID, doctorID, date, startTime, endTime, shift) VALUES ('SC0339', 'ST0003', '2025-07-29', '2025-07-29 08:00:00', '2025-07-29 14:00:00', 'Morning');
INSERT INTO Schedule (scheduleID, doctorID, date, startTime, endTime, shift) VALUES ('SC0340', 'ST0003', '2025-07-29', '2025-07-29 14:00:00', '2025-07-29 20:00:00', 'Evening');
INSERT INTO Schedule (scheduleID, doctorID, date, startTime, endTime, shift) VALUES ('SC0341', 'ST0004', '2025-07-29', '2025-07-29 08:00:00', '2025-07-29 14:00:00', 'Morning');
INSERT INTO Schedule (scheduleID, doctorID, date, startTime, endTime, shift) VALUES ('SC0342', 'ST0004', '2025-07-29', '2025-07-29 14:00:00', '2025-07-29 20:00:00', 'Evening');
INSERT INTO Schedule (scheduleID, doctorID, date, startTime, endTime, shift) VALUES ('SC0343', 'ST0005', '2025-07-29', '2025-07-29 08:00:00', '2025-07-29 14:00:00', 'Morning');
INSERT INTO Schedule (scheduleID, doctorID, date, startTime, endTime, shift) VALUES ('SC0344', 'ST0005', '2025-07-29', '2025-07-29 14:00:00', '2025-07-29 20:00:00', 'Evening');
INSERT INTO Schedule (scheduleID, doctorID, date, startTime, endTime, shift) VALUES ('SC0345', 'ST0008', '2025-07-29', '2025-07-29 08:00:00', '2025-07-29 14:00:00', 'Morning');
INSERT INTO Schedule (scheduleID, doctorID, date, startTime, endTime, shift) VALUES ('SC0346', 'ST0008', '2025-07-29', '2025-07-29 14:00:00', '2025-07-29 20:00:00', 'Evening');
INSERT INTO Schedule (scheduleID, doctorID, date, startTime, endTime, shift) VALUES ('SC0347', 'ST0009', '2025-07-29', '2025-07-29 08:00:00', '2025-07-29 14:00:00', 'Morning');
INSERT INTO Schedule (scheduleID, doctorID, date, startTime, endTime, shift) VALUES ('SC0348', 'ST0009', '2025-07-29', '2025-07-29 14:00:00', '2025-07-29 20:00:00', 'Evening');
INSERT INTO Schedule (scheduleID, doctorID, date, startTime, endTime, shift) VALUES ('SC0349', 'ST0001', '2025-07-30', '2025-07-30 08:00:00', '2025-07-30 14:00:00', 'Morning');
INSERT INTO Schedule (scheduleID, doctorID, date, startTime, endTime, shift) VALUES ('SC0350', 'ST0001', '2025-07-30', '2025-07-30 14:00:00', '2025-07-30 20:00:00', 'Evening');
INSERT INTO Schedule (scheduleID, doctorID, date, startTime, endTime, shift) VALUES ('SC0351', 'ST0003', '2025-07-30', '2025-07-30 08:00:00', '2025-07-30 14:00:00', 'Morning');
INSERT INTO Schedule (scheduleID, doctorID, date, startTime, endTime, shift) VALUES ('SC0352', 'ST0003', '2025-07-30', '2025-07-30 14:00:00', '2025-07-30 20:00:00', 'Evening');
INSERT INTO Schedule (scheduleID, doctorID, date, startTime, endTime, shift) VALUES ('SC0353', 'ST0004', '2025-07-30', '2025-07-30 08:00:00', '2025-07-30 14:00:00', 'Morning');
INSERT INTO Schedule (scheduleID, doctorID, date, startTime, endTime, shift) VALUES ('SC0354', 'ST0004', '2025-07-30', '2025-07-30 14:00:00', '2025-07-30 20:00:00', 'Evening');
INSERT INTO Schedule (scheduleID, doctorID, date, startTime, endTime, shift) VALUES ('SC0355', 'ST0005', '2025-07-30', '2025-07-30 08:00:00', '2025-07-30 14:00:00', 'Morning');
INSERT INTO Schedule (scheduleID, doctorID, date, startTime, endTime, shift) VALUES ('SC0356', 'ST0005', '2025-07-30', '2025-07-30 14:00:00', '2025-07-30 20:00:00', 'Evening');
INSERT INTO Schedule (scheduleID, doctorID, date, startTime, endTime, shift) VALUES ('SC0357', 'ST0008', '2025-07-30', '2025-07-30 08:00:00', '2025-07-30 14:00:00', 'Morning');
INSERT INTO Schedule (scheduleID, doctorID, date, startTime, endTime, shift) VALUES ('SC0358', 'ST0008', '2025-07-30', '2025-07-30 14:00:00', '2025-07-30 20:00:00', 'Evening');
INSERT INTO Schedule (scheduleID, doctorID, date, startTime, endTime, shift) VALUES ('SC0359', 'ST0009', '2025-07-30', '2025-07-30 08:00:00', '2025-07-30 14:00:00', 'Morning');
INSERT INTO Schedule (scheduleID, doctorID, date, startTime, endTime, shift) VALUES ('SC0360', 'ST0009', '2025-07-30', '2025-07-30 14:00:00', '2025-07-30 20:00:00', 'Evening');
INSERT INTO Schedule (scheduleID, doctorID, date, startTime, endTime, shift) VALUES ('SC0361', 'ST0001', '2025-07-31', '2025-07-31 08:00:00', '2025-07-31 14:00:00', 'Morning');
INSERT INTO Schedule (scheduleID, doctorID, date, startTime, endTime, shift) VALUES ('SC0362', 'ST0001', '2025-07-31', '2025-07-31 14:00:00', '2025-07-31 20:00:00', 'Evening');
INSERT INTO Schedule (scheduleID, doctorID, date, startTime, endTime, shift) VALUES ('SC0363', 'ST0003', '2025-07-31', '2025-07-31 08:00:00', '2025-07-31 14:00:00', 'Morning');
INSERT INTO Schedule (scheduleID, doctorID, date, startTime, endTime, shift) VALUES ('SC0364', 'ST0003', '2025-07-31', '2025-07-31 14:00:00', '2025-07-31 20:00:00', 'Evening');
INSERT INTO Schedule (scheduleID, doctorID, date, startTime, endTime, shift) VALUES ('SC0365', 'ST0004', '2025-07-31', '2025-07-31 08:00:00', '2025-07-31 14:00:00', 'Morning');
INSERT INTO Schedule (scheduleID, doctorID, date, startTime, endTime, shift) VALUES ('SC0366', 'ST0004', '2025-07-31', '2025-07-31 14:00:00', '2025-07-31 20:00:00', 'Evening');
INSERT INTO Schedule (scheduleID, doctorID, date, startTime, endTime, shift) VALUES ('SC0367', 'ST0005', '2025-07-31', '2025-07-31 08:00:00', '2025-07-31 14:00:00', 'Morning');
INSERT INTO Schedule (scheduleID, doctorID, date, startTime, endTime, shift) VALUES ('SC0368', 'ST0005', '2025-07-31', '2025-07-31 14:00:00', '2025-07-31 20:00:00', 'Evening');
INSERT INTO Schedule (scheduleID, doctorID, date, startTime, endTime, shift) VALUES ('SC0369', 'ST0008', '2025-07-31', '2025-07-31 08:00:00', '2025-07-31 14:00:00', 'Morning');
INSERT INTO Schedule (scheduleID, doctorID, date, startTime, endTime, shift) VALUES ('SC0370', 'ST0008', '2025-07-31', '2025-07-31 14:00:00', '2025-07-31 20:00:00', 'Evening');
INSERT INTO Schedule (scheduleID, doctorID, date, startTime, endTime, shift) VALUES ('SC0371', 'ST0009', '2025-07-31', '2025-07-31 08:00:00', '2025-07-31 14:00:00', 'Morning');
INSERT INTO Schedule (scheduleID, doctorID, date, startTime, endTime, shift) VALUES ('SC0372', 'ST0009', '2025-07-31', '2025-07-31 14:00:00', '2025-07-31 20:00:00', 'Evening');
INSERT INTO Supplier (supplierId, supplierName, contactPerson, phoneNumber, email, address, bankName, accountNumber) VALUES ('SU0001', 'Booth, Matthews and Gonzales', 'Mark Chan', '686-666-0317x00695', 'jonesmatthew@example.org', 'Unit 6903 Box 6366, DPO AP 63574', 'OCBC', 'UPUA37171930427305');
INSERT INTO Supplier (supplierId, supplierName, contactPerson, phoneNumber, email, address, bankName, accountNumber) VALUES ('SU0002', 'Vargas and Sons', 'Mark Smith MD', '+1-654-935-7746x830', 'cgreer@example.org', '186 John Valley, Fletcherbury, NV 03546', 'CitiBank', 'IVVM51365777851540');
INSERT INTO Supplier (supplierId, supplierName, contactPerson, phoneNumber, email, address, bankName, accountNumber) VALUES ('SU0003', 'Gonzales-Cameron', 'Lisa Davis', '+1-387-377-1693', 'kristenlawson@example.org', '6169 Kristina Manors Suite 762, West Derrick, WV 91260', 'HSBC', 'RYLM81438178442515');
INSERT INTO Supplier (supplierId, supplierName, contactPerson, phoneNumber, email, address, bankName, accountNumber) VALUES ('SU0004', 'Mejia, Jensen and Young', 'Kristina Hill', '(835)454-3472x759', 'swalker@example.net', '487 Padilla Trafficway Suite 882, Gonzalezfurt, SC 82106', 'Bank of America', 'YPAY33427274615490');
INSERT INTO Supplier (supplierId, supplierName, contactPerson, phoneNumber, email, address, bankName, accountNumber) VALUES ('SU0005', 'Johnson, Acosta and Martinez', 'Brady Daniel', '304-381-3205', 'eugene98@example.net', '20701 Linda Mission, North Nicholasside, MN 36823', 'CitiBank', 'OYBU55129117163092');
INSERT INTO Orders (ordersID, medicineID, supplierID, staffID, orderDate, orderStatus, unitPrice, quantity, totalAmount, expiryDate, stock) VALUES ('OR0001', 'ME0015', 'SU0012', 'ST0005', '2024-09-06', 'Cancelled', 22.72, 25, 568.0, '2026-07-07', 25);
INSERT INTO Orders (ordersID, medicineID, supplierID, staffID, orderDate, orderStatus, unitPrice, quantity, totalAmount, expiryDate, stock) VALUES ('OR0002', 'ME0015', 'SU0002', 'ST0007', '2025-03-24', 'Pending', 64.52, 10, 645.2, '2025-11-15', 10);
INSERT INTO Orders (ordersID, medicineID, supplierID, staffID, orderDate, orderStatus, unitPrice, quantity, totalAmount, expiryDate, stock) VALUES ('OR0003', 'ME0004', 'SU0001', 'ST0003', '2025-07-01', 'Delivered', 20.26, 59, 1195.34, '2025-12-02', 59);
INSERT INTO Orders (ordersID, medicineID, supplierID, staffID, orderDate, orderStatus, unitPrice, quantity, totalAmount, expiryDate, stock) VALUES ('OR0004', 'ME0015', 'SU0018', 'ST0009', '2024-12-17', 'Shipped', 97.12, 45, 4370.4, '2026-08-04', 45);
INSERT INTO Orders (ordersID, medicineID, supplierID, staffID, orderDate, orderStatus, unitPrice, quantity, totalAmount, expiryDate, stock) VALUES ('OR0005', 'ME0010', 'SU0019', 'ST0009', '2024-10-15', 'Cancelled', 65.02, 62, 4031.24, '2025-05-10', 62);
INSERT INTO Orders (ordersID, medicineID, supplierID, staffID, orderDate, orderStatus, unitPrice, quantity, totalAmount, expiryDate, stock) VALUES ('OR0006', 'ME0004', 'SU0016', 'ST0005', '2024-10-15', 'Cancelled', 41.47, 82, 3400.54, '2026-04-23', 82);
INSERT INTO Orders (ordersID, medicineID, supplierID, staffID, orderDate, orderStatus, unitPrice, quantity, totalAmount, expiryDate, stock) VALUES ('OR0007', 'ME0002', 'SU0002', 'ST0006', '2025-04-09', 'Cancelled', 29.26, 54, 1580.04, '2026-02-25', 54);
INSERT INTO Orders (ordersID, medicineID, supplierID, staffID, orderDate, orderStatus, unitPrice, quantity, totalAmount, expiryDate, stock) VALUES ('OR0008', 'ME0007', 'SU0007', 'ST0008', '2025-08-01', 'Shipped', 80.57, 97, 7815.29, '2025-08-28', 97);
INSERT INTO Orders (ordersID, medicineID, supplierID, staffID, orderDate, orderStatus, unitPrice, quantity, totalAmount, expiryDate, stock) VALUES ('OR0009', 'ME0005', 'SU0008', 'ST0006', '2024-08-23', 'Delivered', 67.16, 17, 1141.72, '2026-01-20', 17);
INSERT INTO Orders (ordersID, medicineID, supplierID, staffID, orderDate, orderStatus, unitPrice, quantity, totalAmount, expiryDate, stock) VALUES ('OR0010', 'ME0006', 'SU0009', 'ST0005', '2025-06-20', 'Cancelled', 33.4, 62, 2070.8, '2025-08-07', 62);
INSERT INTO Orders (ordersID, medicineID, supplierID, staffID, orderDate, orderStatus, unitPrice, quantity, totalAmount, expiryDate, stock) VALUES ('OR0011', 'ME0006', 'SU0009', 'ST0003', '2025-03-07', 'Shipped', 62.65, 55, 3445.75, '2025-09-21', 55);
INSERT INTO Orders (ordersID, medicineID, supplierID, staffID, orderDate, orderStatus, unitPrice, quantity, totalAmount, expiryDate, stock) VALUES ('OR0012', 'ME0010', 'SU0008', 'ST0010', '2025-04-04', 'Delivered', 97.66, 60, 5859.6, '2026-02-13', 60);
INSERT INTO Orders (ordersID, medicineID, supplierID, staffID, orderDate, orderStatus, unitPrice, quantity, totalAmount, expiryDate, stock) VALUES ('OR0013', 'ME0003', 'SU0017', 'ST0010', '2024-11-26', 'Pending', 22.01, 77, 1694.77, '2026-07-14', 77);
INSERT INTO Orders (ordersID, medicineID, supplierID, staffID, orderDate, orderStatus, unitPrice, quantity, totalAmount, expiryDate, stock) VALUES ('OR0014', 'ME0013', 'SU0002', 'ST0001', '2025-03-16', 'Cancelled', 33.71, 74, 2494.54, '2025-04-17', 74);
INSERT INTO Orders (ordersID, medicineID, supplierID, staffID, orderDate, orderStatus, unitPrice, quantity, totalAmount, expiryDate, stock) VALUES ('OR0015', 'ME0009', 'SU0012', 'ST0008', '2024-09-02', 'Pending', 98.64, 86, 8483.04, '2025-10-10', 86);
INSERT INTO Orders (ordersID, medicineID, supplierID, staffID, orderDate, orderStatus, unitPrice, quantity, totalAmount, expiryDate, stock) VALUES ('OR0016', 'ME0003', 'SU0018', 'ST0009', '2025-05-29', 'Pending', 46.29, 56, 2592.24, '2026-04-13', 56);
INSERT INTO Orders (ordersID, medicineID, supplierID, staffID, orderDate, orderStatus, unitPrice, quantity, totalAmount, expiryDate, stock) VALUES ('OR0017', 'ME0015', 'SU0013', 'ST0003', '2025-01-01', 'Cancelled', 43.31, 72, 3118.32, '2026-05-21', 72);
INSERT INTO Orders (ordersID, medicineID, supplierID, staffID, orderDate, orderStatus, unitPrice, quantity, totalAmount, expiryDate, stock) VALUES ('OR0018', 'ME0006', 'SU0020', 'ST0007', '2024-12-13', 'Delivered', 73.57, 64, 4708.48, '2026-07-08', 64);
INSERT INTO Orders (ordersID, medicineID, supplierID, staffID, orderDate, orderStatus, unitPrice, quantity, totalAmount, expiryDate, stock) VALUES ('OR0019', 'ME0006', 'SU0002', 'ST0005', '2025-01-05', 'Pending', 30.49, 66, 2012.34, '2025-06-07', 66);
INSERT INTO Orders (ordersID, medicineID, supplierID, staffID, orderDate, orderStatus, unitPrice, quantity, totalAmount, expiryDate, stock) VALUES ('OR0020', 'ME0001', 'SU0008', 'ST0004', '2024-09-25', 'Shipped', 77.2, 14, 1080.8, '2025-10-02', 14);
