INSERT INTO Staff (staffID, firstName, lastName, gender, dateOfBirth, nationality, idType, idNumber, contactNumber, email, address, position, medicalLicenseNumber, password, employmentDate) VALUES ('ST0001', 'Stephanie', 'Mccarthy', 'Female', '1997-10-06', 'Grenada', 'Passport', '897-32-3336', '832-845-4127', 'owilliams@example.com', '953 Candice Glens Suite 903, Davisburgh, CT 90234', 'Doctor', 'MED355', 'Password123!', '2024-10-18');
INSERT INTO Staff (staffID, firstName, lastName, gender, dateOfBirth, nationality, idType, idNumber, contactNumber, email, address, position, medicalLicenseNumber, password, employmentDate) VALUES ('ST0002', 'Jason', 'Moore', 'Female', '1971-07-11', 'Bolivia', 'IC', '397-63-9733', '001-376-590-5060x25195', 'amy32@example.com', '567 Victoria Gateway, Port Josephberg, KY 07255', 'Admin', '', 'Password123!', '2017-10-25');
INSERT INTO Staff (staffID, firstName, lastName, gender, dateOfBirth, nationality, idType, idNumber, contactNumber, email, address, position, medicalLicenseNumber, password, employmentDate) VALUES ('ST0003', 'Shelly', 'Fleming', 'Female', '1986-06-21', 'Denmark', 'IC', '779-09-6922', '929.634.1462x461', 'espinozaandrea@example.org', '599 Lynn Meadows, Barbaraville, RI 22094', 'Admin', '', 'Password123!', '2018-01-30');
INSERT INTO Staff (staffID, firstName, lastName, gender, dateOfBirth, nationality, idType, idNumber, contactNumber, email, address, position, medicalLicenseNumber, password, employmentDate) VALUES ('ST0004', 'Dale', 'Miller', 'Male', '1965-11-16', 'Greece', 'Passport', '775-34-2756', '810-229-3684x045', 'katiedaniel@example.com', '712 Gardner Square Apt. 187, East Nicholasborough, AK 99396', 'Doctor', 'MED431', 'Password123!', '2019-02-13');
INSERT INTO Staff (staffID, firstName, lastName, gender, dateOfBirth, nationality, idType, idNumber, contactNumber, email, address, position, medicalLicenseNumber, password, employmentDate) VALUES ('ST0005', 'Cathy', 'Green', 'Male', '2001-05-22', 'Zambia', 'IC', '440-51-7786', '550.866.4059', 'smarquez@example.org', '03199 Crystal Plains Suite 838, Amandaborough, MH 89758', 'Admin', '', 'Password123!', '2017-05-27');
INSERT INTO Staff (staffID, firstName, lastName, gender, dateOfBirth, nationality, idType, idNumber, contactNumber, email, address, position, medicalLicenseNumber, password, employmentDate) VALUES ('ST0006', 'Annette', 'Welch', 'Male', '1959-08-13', 'Guinea-Bissau', 'IC', '679-72-1329', '(990)665-1237x81288', 'olsonamanda@example.net', '69858 Giles Points, Branchbury, AS 97153', 'Doctor', 'MED256', 'Password123!', '2023-01-19');
INSERT INTO Staff (staffID, firstName, lastName, gender, dateOfBirth, nationality, idType, idNumber, contactNumber, email, address, position, medicalLicenseNumber, password, employmentDate) VALUES ('ST0007', 'Nicholas', 'Adkins', 'Female', '1981-03-13', 'Vanuatu', 'IC', '221-40-8536', '9569359948', 'mary53@example.org', '6456 Heather Street Apt. 681, Juanhaven, AR 61898', 'Admin', '', 'Password123!', '2025-07-05');
INSERT INTO Staff (staffID, firstName, lastName, gender, dateOfBirth, nationality, idType, idNumber, contactNumber, email, address, position, medicalLicenseNumber, password, employmentDate) VALUES ('ST0008', 'Gregory', 'Johnson', 'Male', '1977-12-30', 'Guinea-Bissau', 'Passport', '800-24-5316', '373.269.3468', 'wendy42@example.com', '189 Karen Skyway, Brandonchester, DC 53358', 'Doctor', 'MED071', 'Password123!', '2016-10-13');
INSERT INTO Staff (staffID, firstName, lastName, gender, dateOfBirth, nationality, idType, idNumber, contactNumber, email, address, position, medicalLicenseNumber, password, employmentDate) VALUES ('ST0009', 'Abigail', 'Lowery', 'Male', '1963-12-18', 'Kiribati', 'Passport', '570-55-3295', '627.782.5676x5381', 'elliottjason@example.org', '92656 Carol Villages, Rubenport, DC 89102', 'Doctor', 'MED105', 'Password123!', '2018-02-21');
INSERT INTO Staff (staffID, firstName, lastName, gender, dateOfBirth, nationality, idType, idNumber, contactNumber, email, address, position, medicalLicenseNumber, password, employmentDate) VALUES ('ST0010', 'Damon', 'Moore', 'Female', '1979-02-11', 'Antigua and Barbuda', 'IC', '151-91-5446', '001-984-721-8204x74250', 'teresa68@example.net', '971 Banks Island, South Nataliehaven, KS 28797', 'Admin', '', 'Password123!', '2021-04-08');
INSERT INTO Patient (patientID, firstName, lastName, gender, dateOfBirth, age, nationality, idType, idNumber, studentId, contactNumber, email, address, emergencyContactName, emergencyContactNumber, allergies, bloodType) VALUES ('PT0001', 'Devon', 'Bell', 'Female', '1934-06-10', 91, 'Albania', 'IC', '771-39-1412', 'S00488', '010-3175861', 'tanyahayes@example.com', '6781 Velasquez Groves Apt. 057, South Briannaview, Malaysia', 'Holly Townsend', '012-2137320', 'Penicillin', 'O+');
INSERT INTO Patient (patientID, firstName, lastName, gender, dateOfBirth, age, nationality, idType, idNumber, studentId, contactNumber, email, address, emergencyContactName, emergencyContactNumber, allergies, bloodType) VALUES ('PT0002', 'Edward', 'Shelton', 'Female', '1926-04-03', 99, 'Ghana', 'Passport', '148-77-7186', 'S06243', '010-6053968', 'dakota66@example.net', '72277 Brown Harbors, Sandovalhaven, Malaysia', 'Suzanne Jensen', '011-9763890', 'Pollen', 'B-');
INSERT INTO Patient (patientID, firstName, lastName, gender, dateOfBirth, age, nationality, idType, idNumber, studentId, contactNumber, email, address, emergencyContactName, emergencyContactNumber, allergies, bloodType) VALUES ('PT0003', 'Sarah', 'Walker', 'Female', '1967-02-20', 58, 'Lithuania', 'IC', '263-26-6437', 'S08187', '014-6969244', 'rtaylor@example.org', '422 Davenport Road Suite 373, Jennifershire, Malaysia', 'Christina Cook', '018-2932051', 'Penicillin', 'O-');
INSERT INTO Patient (patientID, firstName, lastName, gender, dateOfBirth, age, nationality, idType, idNumber, studentId, contactNumber, email, address, emergencyContactName, emergencyContactNumber, allergies, bloodType) VALUES ('PT0004', 'Cynthia', 'Jackson', 'Female', '1945-06-24', 80, 'Nauru', 'Passport', '697-10-2173', 'S03186', '011-6154794', 'aaron79@example.com', '9571 Patricia Dam, Susanton, Malaysia', 'John Davis', '018-6957181', 'Peanuts', 'AB+');
INSERT INTO Patient (patientID, firstName, lastName, gender, dateOfBirth, age, nationality, idType, idNumber, studentId, contactNumber, email, address, emergencyContactName, emergencyContactNumber, allergies, bloodType) VALUES ('PT0005', 'Jenny', 'Williams', 'Male', '1973-06-02', 52, 'Canada', 'Passport', '417-44-7830', 'S01827', '014-1709330', 'waustin@example.net', '7591 Danielle Prairie, Ramseychester, Malaysia', 'Andrea Brown', '017-5725372', 'None', 'A-');
INSERT INTO Patient (patientID, firstName, lastName, gender, dateOfBirth, age, nationality, idType, idNumber, studentId, contactNumber, email, address, emergencyContactName, emergencyContactNumber, allergies, bloodType) VALUES ('PT0006', 'Jason', 'Lyons', 'Male', '1998-06-10', 27, 'Libyan Arab Jamahiriya', 'Passport', '853-01-4633', 'S00666', '010-7138525', 'floressheri@example.org', '2319 Bauer Canyon Suite 258, Ruizstad, Malaysia', 'Jason Dominguez', '017-6383755', 'Pollen', 'B-');
INSERT INTO Patient (patientID, firstName, lastName, gender, dateOfBirth, age, nationality, idType, idNumber, studentId, contactNumber, email, address, emergencyContactName, emergencyContactNumber, allergies, bloodType) VALUES ('PT0007', 'Richard', 'Hernandez', 'Female', '2017-09-20', 7, 'Western Sahara', 'Passport', '272-55-1582', 'S03415', '011-6281011', 'michellehernandez@example.org', '836 Christine Overpass Apt. 888, Webbfort, Malaysia', 'Jennifer Anderson', '018-2291547', 'Latex', 'AB+');
INSERT INTO Patient (patientID, firstName, lastName, gender, dateOfBirth, age, nationality, idType, idNumber, studentId, contactNumber, email, address, emergencyContactName, emergencyContactNumber, allergies, bloodType) VALUES ('PT0008', 'Stacy', 'Anderson', 'Female', '2023-10-09', 1, 'Cocos (Keeling) Islands', 'Passport', '884-78-4389', 'S07791', '018-5704918', 'jamie46@example.org', '7016 Kayla Creek, Douglasville, Malaysia', 'Kathleen Cooper', '017-3728932', 'None', 'A-');
INSERT INTO Patient (patientID, firstName, lastName, gender, dateOfBirth, age, nationality, idType, idNumber, studentId, contactNumber, email, address, emergencyContactName, emergencyContactNumber, allergies, bloodType) VALUES ('PT0009', 'William', 'Smith', 'Male', '1970-02-22', 55, 'Pakistan', 'IC', '411-54-3279', 'S08858', '019-9953248', 'dustingomez@example.com', '42302 Sara Cliff Suite 251, Port Martin, Malaysia', 'Amy Gordon', '016-2365180', 'Peanuts', 'B+');
INSERT INTO Patient (patientID, firstName, lastName, gender, dateOfBirth, age, nationality, idType, idNumber, studentId, contactNumber, email, address, emergencyContactName, emergencyContactNumber, allergies, bloodType) VALUES ('PT0010', 'Christine', 'Rodriguez', 'Male', '1956-03-26', 69, 'Central African Republic', 'IC', '263-34-4175', 'S05230', '014-4420153', 'garciaisabel@example.org', '24091 Gabriel Underpass, Sarahchester, Malaysia', 'Adam Buchanan', '010-9015774', 'Pollen', 'A-');
INSERT INTO Patient (patientID, firstName, lastName, gender, dateOfBirth, age, nationality, idType, idNumber, studentId, contactNumber, email, address, emergencyContactName, emergencyContactNumber, allergies, bloodType) VALUES ('PT0011', 'Gerald', 'Craig', 'Male', '1980-07-06', 45, 'Gibraltar', 'IC', '732-94-7101', 'S00667', '016-2833058', 'dbennett@example.net', '625 Alexander Villages Apt. 378, New Amy, Malaysia', 'Elizabeth Edwards', '011-5123808', 'None', 'AB-');
INSERT INTO Patient (patientID, firstName, lastName, gender, dateOfBirth, age, nationality, idType, idNumber, studentId, contactNumber, email, address, emergencyContactName, emergencyContactNumber, allergies, bloodType) VALUES ('PT0012', 'Sara', 'Baker', 'Male', '1926-10-31', 98, 'Guadeloupe', 'IC', '286-71-8132', 'S08994', '015-9970003', 'tylermcintosh@example.org', '7146 Randy Burgs Suite 369, South Cherylbury, Malaysia', 'Kimberly Little', '017-3172799', 'Pollen', 'B+');
INSERT INTO Patient (patientID, firstName, lastName, gender, dateOfBirth, age, nationality, idType, idNumber, studentId, contactNumber, email, address, emergencyContactName, emergencyContactNumber, allergies, bloodType) VALUES ('PT0013', 'Michael', 'Rios', 'Female', '2000-12-16', 24, 'Austria', 'IC', '038-78-0202', 'S01816', '012-8965847', 'ihughes@example.com', '30709 Jennifer Vista, Lake Janice, Malaysia', 'Rebecca Snow', '012-5148705', 'Latex', 'AB-');
INSERT INTO Patient (patientID, firstName, lastName, gender, dateOfBirth, age, nationality, idType, idNumber, studentId, contactNumber, email, address, emergencyContactName, emergencyContactNumber, allergies, bloodType) VALUES ('PT0014', 'Brandi', 'Lamb', 'Female', '1928-06-03', 97, 'Serbia', 'Passport', '467-86-2227', 'S09546', '017-6091185', 'pwalker@example.com', '03203 Mills Bridge, Lake Timfurt, Malaysia', 'Patrick Rojas', '018-1346569', 'Penicillin', 'AB+');
INSERT INTO Patient (patientID, firstName, lastName, gender, dateOfBirth, age, nationality, idType, idNumber, studentId, contactNumber, email, address, emergencyContactName, emergencyContactNumber, allergies, bloodType) VALUES ('PT0015', 'Jennifer', 'Stevens', 'Male', '1934-02-14', 91, 'Iran', 'IC', '521-06-6286', 'S07592', '014-8029635', 'dixoncameron@example.net', '13284 Justin Viaduct Suite 058, Bartonhaven, Malaysia', 'Steven Marks', '018-9477792', 'Latex', 'O-');
INSERT INTO Patient (patientID, firstName, lastName, gender, dateOfBirth, age, nationality, idType, idNumber, studentId, contactNumber, email, address, emergencyContactName, emergencyContactNumber, allergies, bloodType) VALUES ('PT0016', 'Corey', 'Flores', 'Male', '1928-10-30', 96, 'Poland', 'IC', '061-85-2068', 'S05420', '012-4927924', 'webbsusan@example.com', '660 Pamela Courts, Jacksonberg, Malaysia', 'Kim Carson', '016-1940082', 'Pollen', 'A-');
INSERT INTO Patient (patientID, firstName, lastName, gender, dateOfBirth, age, nationality, idType, idNumber, studentId, contactNumber, email, address, emergencyContactName, emergencyContactNumber, allergies, bloodType) VALUES ('PT0017', 'Jennifer', 'Martinez', 'Female', '1968-01-20', 57, 'Bolivia', 'Passport', '217-84-4132', 'S09561', '017-7002522', 'kelly34@example.org', '01708 Paul Flat Suite 785, New Jason, Malaysia', 'Lisa Cook', '012-8841971', 'Penicillin', 'O+');
INSERT INTO Patient (patientID, firstName, lastName, gender, dateOfBirth, age, nationality, idType, idNumber, studentId, contactNumber, email, address, emergencyContactName, emergencyContactNumber, allergies, bloodType) VALUES ('PT0018', 'Robert', 'Meyer', 'Male', '1997-07-10', 28, 'Slovakia (Slovak Republic)', 'Passport', '020-72-7148', 'S03993', '019-4129889', 'hardinpatrick@example.com', '5512 Yesenia Vista Suite 674, North Roger, Malaysia', 'Jeffrey Mills', '017-5016172', 'Penicillin', 'O+');
INSERT INTO Patient (patientID, firstName, lastName, gender, dateOfBirth, age, nationality, idType, idNumber, studentId, contactNumber, email, address, emergencyContactName, emergencyContactNumber, allergies, bloodType) VALUES ('PT0019', 'William', 'Herrera', 'Male', '1961-05-08', 64, 'Armenia', 'Passport', '275-22-5637', 'S06979', '016-6830399', 'timothyherrera@example.net', '70136 Rodriguez Square Suite 058, Port Jillstad, Malaysia', 'Ryan Johnson', '014-8410686', 'Penicillin', 'AB+');
INSERT INTO Patient (patientID, firstName, lastName, gender, dateOfBirth, age, nationality, idType, idNumber, studentId, contactNumber, email, address, emergencyContactName, emergencyContactNumber, allergies, bloodType) VALUES ('PT0020', 'Rachel', 'Wilson', 'Male', '1929-01-27', 96, 'Guyana', 'IC', '224-23-3076', 'S01909', '015-7385770', 'dorothygomez@example.com', '4322 Johnson Green, Devonberg, Malaysia', 'Rodney Washington', '011-7188935', 'Pollen', 'AB+');
INSERT INTO Appointment (appointmentID, patientID, appointmentTime, status) VALUES ('AP0001', 'PT0003', '2025-06-16 13:33:14.607259', 'Scheduled');
INSERT INTO Appointment (appointmentID, patientID, appointmentTime, status) VALUES ('AP0002', 'PT0005', '2024-07-25 20:38:35.362292', 'Scheduled');
INSERT INTO Appointment (appointmentID, patientID, appointmentTime, status) VALUES ('AP0003', 'PT0014', '2024-08-08 23:46:25.169575', 'Scheduled');
INSERT INTO Appointment (appointmentID, patientID, appointmentTime, status) VALUES ('AP0004', 'PT0017', '2025-02-23 04:23:30.056982', 'Completed');
INSERT INTO Appointment (appointmentID, patientID, appointmentTime, status) VALUES ('AP0005', 'PT0016', '2024-10-11 01:58:13.600107', 'Scheduled');
INSERT INTO Appointment (appointmentID, patientID, appointmentTime, status) VALUES ('AP0006', 'PT0019', '2024-08-17 16:26:06.839249', 'Cancelled');
INSERT INTO Appointment (appointmentID, patientID, appointmentTime, status) VALUES ('AP0007', 'PT0002', '2024-09-27 20:48:01.962849', 'Completed');
INSERT INTO Appointment (appointmentID, patientID, appointmentTime, status) VALUES ('AP0008', 'PT0020', '2025-06-04 13:56:42.345310', 'Cancelled');
INSERT INTO Appointment (appointmentID, patientID, appointmentTime, status) VALUES ('AP0009', 'PT0001', '2025-05-03 20:42:06.601871', 'Scheduled');
INSERT INTO Appointment (appointmentID, patientID, appointmentTime, status) VALUES ('AP0010', 'PT0011', '2024-10-02 18:59:41.189495', 'Scheduled');
INSERT INTO Appointment (appointmentID, patientID, appointmentTime, status) VALUES ('AP0011', 'PT0003', '2025-02-13 00:11:02.907118', 'Scheduled');
INSERT INTO Appointment (appointmentID, patientID, appointmentTime, status) VALUES ('AP0012', 'PT0006', '2025-07-17 03:01:10.710116', 'Cancelled');
INSERT INTO Appointment (appointmentID, patientID, appointmentTime, status) VALUES ('AP0013', 'PT0012', '2024-09-27 02:16:37.073789', 'Scheduled');
INSERT INTO Appointment (appointmentID, patientID, appointmentTime, status) VALUES ('AP0014', 'PT0002', '2025-05-02 18:31:22.396543', 'Scheduled');
INSERT INTO Appointment (appointmentID, patientID, appointmentTime, status) VALUES ('AP0015', 'PT0007', '2025-02-21 08:23:04.710622', 'Cancelled');
INSERT INTO Appointment (appointmentID, patientID, appointmentTime, status) VALUES ('AP0016', 'PT0016', '2025-04-01 07:34:27.015501', 'Completed');
INSERT INTO Appointment (appointmentID, patientID, appointmentTime, status) VALUES ('AP0017', 'PT0011', '2025-02-28 16:27:45.236429', 'Cancelled');
INSERT INTO Appointment (appointmentID, patientID, appointmentTime, status) VALUES ('AP0018', 'PT0015', '2025-04-14 05:33:36.992599', 'Cancelled');
INSERT INTO Appointment (appointmentID, patientID, appointmentTime, status) VALUES ('AP0019', 'PT0003', '2024-09-02 01:34:16.742630', 'Completed');
INSERT INTO Appointment (appointmentID, patientID, appointmentTime, status) VALUES ('AP0020', 'PT0020', '2025-03-04 04:45:24.836691', 'Cancelled');
INSERT INTO Appointment (appointmentID, patientID, appointmentTime, status) VALUES ('AP0021', 'PT0007', '2025-04-27 12:34:59.742548', 'Scheduled');
INSERT INTO Appointment (appointmentID, patientID, appointmentTime, status) VALUES ('AP0022', 'PT0013', '2025-03-06 16:42:52.067811', 'Completed');
INSERT INTO Appointment (appointmentID, patientID, appointmentTime, status) VALUES ('AP0023', 'PT0020', '2024-11-03 11:15:55.799278', 'Cancelled');
INSERT INTO Appointment (appointmentID, patientID, appointmentTime, status) VALUES ('AP0024', 'PT0002', '2025-05-07 03:03:55.286954', 'Cancelled');
INSERT INTO Appointment (appointmentID, patientID, appointmentTime, status) VALUES ('AP0025', 'PT0016', '2025-04-20 16:50:51.086293', 'Scheduled');
INSERT INTO Appointment (appointmentID, patientID, appointmentTime, status) VALUES ('AP0026', 'PT0012', '2024-12-20 03:40:33.685055', 'Scheduled');
INSERT INTO Appointment (appointmentID, patientID, appointmentTime, status) VALUES ('AP0027', 'PT0013', '2025-05-18 09:35:26.509125', 'Scheduled');
INSERT INTO Appointment (appointmentID, patientID, appointmentTime, status) VALUES ('AP0028', 'PT0008', '2024-08-02 18:29:35.705335', 'Scheduled');
INSERT INTO Appointment (appointmentID, patientID, appointmentTime, status) VALUES ('AP0029', 'PT0016', '2025-06-28 06:37:23.817757', 'Cancelled');
INSERT INTO Appointment (appointmentID, patientID, appointmentTime, status) VALUES ('AP0030', 'PT0002', '2024-08-24 21:47:29.267891', 'Completed');
INSERT INTO Appointment (appointmentID, patientID, appointmentTime, status) VALUES ('AP0031', 'PT0009', '2024-10-21 11:21:10.199103', 'Completed');
INSERT INTO Appointment (appointmentID, patientID, appointmentTime, status) VALUES ('AP0032', 'PT0016', '2024-12-11 15:40:08.830884', 'Completed');
INSERT INTO Appointment (appointmentID, patientID, appointmentTime, status) VALUES ('AP0033', 'PT0018', '2025-01-04 06:16:50.165442', 'Scheduled');
INSERT INTO Appointment (appointmentID, patientID, appointmentTime, status) VALUES ('AP0034', 'PT0007', '2025-02-27 16:45:06.674510', 'Cancelled');
INSERT INTO Appointment (appointmentID, patientID, appointmentTime, status) VALUES ('AP0035', 'PT0020', '2025-05-21 17:06:21.002602', 'Cancelled');
INSERT INTO Appointment (appointmentID, patientID, appointmentTime, status) VALUES ('AP0036', 'PT0002', '2025-06-12 12:30:46.633593', 'Cancelled');
INSERT INTO Appointment (appointmentID, patientID, appointmentTime, status) VALUES ('AP0037', 'PT0016', '2025-05-15 17:55:31.823264', 'Cancelled');
INSERT INTO Appointment (appointmentID, patientID, appointmentTime, status) VALUES ('AP0038', 'PT0002', '2024-08-25 12:04:34.163484', 'Scheduled');
INSERT INTO Appointment (appointmentID, patientID, appointmentTime, status) VALUES ('AP0039', 'PT0015', '2025-01-12 05:03:56.056130', 'Scheduled');
INSERT INTO Appointment (appointmentID, patientID, appointmentTime, status) VALUES ('AP0040', 'PT0020', '2025-07-03 07:35:28.931663', 'Scheduled');
INSERT INTO Appointment (appointmentID, patientID, appointmentTime, status) VALUES ('AP0041', 'PT0006', '2024-07-26 05:15:16.704675', 'Cancelled');
INSERT INTO Appointment (appointmentID, patientID, appointmentTime, status) VALUES ('AP0042', 'PT0020', '2025-04-22 02:28:09.770586', 'Cancelled');
INSERT INTO Appointment (appointmentID, patientID, appointmentTime, status) VALUES ('AP0043', 'PT0003', '2025-06-03 00:12:48.182825', 'Scheduled');
INSERT INTO Appointment (appointmentID, patientID, appointmentTime, status) VALUES ('AP0044', 'PT0008', '2025-03-02 00:14:00.905256', 'Cancelled');
INSERT INTO Appointment (appointmentID, patientID, appointmentTime, status) VALUES ('AP0045', 'PT0008', '2024-08-05 21:33:14.901379', 'Cancelled');
INSERT INTO Appointment (appointmentID, patientID, appointmentTime, status) VALUES ('AP0046', 'PT0001', '2024-09-07 08:06:20.457516', 'Cancelled');
INSERT INTO Appointment (appointmentID, patientID, appointmentTime, status) VALUES ('AP0047', 'PT0020', '2025-04-15 04:19:30.621043', 'Completed');
INSERT INTO Appointment (appointmentID, patientID, appointmentTime, status) VALUES ('AP0048', 'PT0007', '2025-03-11 14:55:56.088139', 'Cancelled');
INSERT INTO Appointment (appointmentID, patientID, appointmentTime, status) VALUES ('AP0049', 'PT0001', '2025-05-31 10:36:31.276178', 'Completed');
INSERT INTO Appointment (appointmentID, patientID, appointmentTime, status) VALUES ('AP0050', 'PT0002', '2025-04-11 19:16:05.465150', 'Scheduled');
INSERT INTO Consultation (consultationID, patientID, doctorID, staffID, billID, symptoms, diagnosis, consultationDate, checkInTime, isFollowUpRequired, followUpDate, status, mcID, startDate, endDate) VALUES ('MC0001', 'PT0012', 'ST0001', 'STF0005', 'BI0008', 'Fever', 'Flu', '2025-01-08', '2025-01-08 12:00:00', False, NULL, 'Scheduled', 'MC-0003', '2025-01-08', '2025-01-10');
INSERT INTO Consultation (consultationID, patientID, doctorID, staffID, billID, symptoms, diagnosis, consultationDate, checkInTime, isFollowUpRequired, followUpDate, status, mcID, startDate, endDate) VALUES ('MC0002', 'PT0015', 'ST0001', 'STF0006', 'BI0005', 'Cough', 'Cold', '2024-10-15', '2024-10-15 13:00:00', True, '2024-11-05', 'Completed', 'MC-0006', '2024-10-15', '2024-10-18');
INSERT INTO Consultation (consultationID, patientID, doctorID, staffID, billID, symptoms, diagnosis, consultationDate, checkInTime, isFollowUpRequired, followUpDate, status, mcID, startDate, endDate) VALUES ('MC0003', 'PT0007', 'ST0004', 'STF0007', 'BI0004', 'Headache', 'Hypertension', '2025-02-06', '2025-02-06 13:00:00', False, NULL, 'Scheduled', 'MC-0006', '2025-02-06', '2025-02-11');
INSERT INTO Consultation (consultationID, patientID, doctorID, staffID, billID, symptoms, diagnosis, consultationDate, checkInTime, isFollowUpRequired, followUpDate, status, mcID, startDate, endDate) VALUES ('MC0004', 'PT0020', 'ST0006', 'STF0001', 'BI0005', 'Nausea', 'Hypertension', '2025-07-14', '2025-07-14 10:00:00', True, '2025-08-11', 'Scheduled', 'MC-0004', '2025-07-14', '2025-07-18');
INSERT INTO Consultation (consultationID, patientID, doctorID, staffID, billID, symptoms, diagnosis, consultationDate, checkInTime, isFollowUpRequired, followUpDate, status, mcID, startDate, endDate) VALUES ('MC0005', 'PT0007', 'ST0009', 'STF0009', 'BI0002', 'Nausea', 'Hypertension', '2025-04-25', '2025-04-25 08:00:00', True, '2025-05-02', 'Scheduled', 'MC-0002', '2025-04-25', '2025-04-26');
INSERT INTO Consultation (consultationID, patientID, doctorID, staffID, billID, symptoms, diagnosis, consultationDate, checkInTime, isFollowUpRequired, followUpDate, status, mcID, startDate, endDate) VALUES ('MC0006', 'PT0008', 'ST0009', 'STF0008', 'BI0007', 'Headache', 'Hypertension', '2024-12-04', '2024-12-04 11:00:00', False, NULL, 'Completed', 'MC-0001', '2024-12-04', '2024-12-05');
INSERT INTO Consultation (consultationID, patientID, doctorID, staffID, billID, symptoms, diagnosis, consultationDate, checkInTime, isFollowUpRequired, followUpDate, status, mcID, startDate, endDate) VALUES ('MC0007', 'PT0018', 'ST0006', 'STF0002', 'BI0010', 'Headache', 'Diabetes', '2025-02-09', '2025-02-09 09:00:00', True, '2025-02-11', 'Cancelled', 'MC-0001', '2025-02-09', '2025-02-13');
INSERT INTO Consultation (consultationID, patientID, doctorID, staffID, billID, symptoms, diagnosis, consultationDate, checkInTime, isFollowUpRequired, followUpDate, status, mcID, startDate, endDate) VALUES ('MC0008', 'PT0020', 'ST0006', 'STF0004', 'BI0006', 'Nausea', 'Cold', '2025-07-20', '2025-07-20 08:00:00', True, '2025-07-24', 'Scheduled', 'MC-0008', '2025-07-20', '2025-07-25');
INSERT INTO Consultation (consultationID, patientID, doctorID, staffID, billID, symptoms, diagnosis, consultationDate, checkInTime, isFollowUpRequired, followUpDate, status, mcID, startDate, endDate) VALUES ('MC0009', 'PT0019', 'ST0001', 'STF0007', 'BI0009', 'Cough', 'Diabetes', '2025-06-23', '2025-06-23 12:00:00', True, '2025-07-06', 'Completed', 'MC-0008', '2025-06-23', '2025-06-27');
INSERT INTO Consultation (consultationID, patientID, doctorID, staffID, billID, symptoms, diagnosis, consultationDate, checkInTime, isFollowUpRequired, followUpDate, status, mcID, startDate, endDate) VALUES ('MC0010', 'PT0013', 'ST0001', 'STF0008', 'BI0006', 'Nausea', 'Cold', '2025-01-15', '2025-01-15 15:00:00', True, '2025-01-28', 'Completed', 'MC-0007', '2025-01-15', '2025-01-20');
INSERT INTO Consultation (consultationID, patientID, doctorID, staffID, billID, symptoms, diagnosis, consultationDate, checkInTime, isFollowUpRequired, followUpDate, status, mcID, startDate, endDate) VALUES ('MC0011', 'PT0006', 'ST0004', 'STF0010', 'BI0010', 'Nausea', 'Healthy', '2024-11-16', '2024-11-16 14:00:00', True, '2024-11-18', 'Completed', 'MC-0006', '2024-11-16', '2024-11-21');
INSERT INTO Consultation (consultationID, patientID, doctorID, staffID, billID, symptoms, diagnosis, consultationDate, checkInTime, isFollowUpRequired, followUpDate, status, mcID, startDate, endDate) VALUES ('MC0012', 'PT0007', 'ST0008', 'STF0009', 'BI0009', 'Fever', 'Hypertension', '2024-12-06', '2024-12-06 14:00:00', True, '2024-12-22', 'Scheduled', 'MC-0007', '2024-12-06', '2024-12-08');
INSERT INTO Consultation (consultationID, patientID, doctorID, staffID, billID, symptoms, diagnosis, consultationDate, checkInTime, isFollowUpRequired, followUpDate, status, mcID, startDate, endDate) VALUES ('MC0013', 'PT0012', 'ST0009', 'STF0004', 'BI0006', 'Nausea', 'Healthy', '2025-02-11', '2025-02-11 15:00:00', True, '2025-02-15', 'Cancelled', 'MC-0004', '2025-02-11', '2025-02-13');
INSERT INTO Consultation (consultationID, patientID, doctorID, staffID, billID, symptoms, diagnosis, consultationDate, checkInTime, isFollowUpRequired, followUpDate, status, mcID, startDate, endDate) VALUES ('MC0014', 'PT0003', 'ST0008', 'STF0007', 'BI0003', 'Cough', 'Healthy', '2024-08-09', '2024-08-09 08:00:00', False, NULL, 'Scheduled', 'MC-0004', '2024-08-09', '2024-08-10');
INSERT INTO Consultation (consultationID, patientID, doctorID, staffID, billID, symptoms, diagnosis, consultationDate, checkInTime, isFollowUpRequired, followUpDate, status, mcID, startDate, endDate) VALUES ('MC0015', 'PT0019', 'ST0006', 'STF0001', 'BI0008', 'Back pain', 'Diabetes', '2025-06-28', '2025-06-28 12:00:00', False, NULL, 'Cancelled', 'MC-0003', '2025-06-28', '2025-06-30');
INSERT INTO Consultation (consultationID, patientID, doctorID, staffID, billID, symptoms, diagnosis, consultationDate, checkInTime, isFollowUpRequired, followUpDate, status, mcID, startDate, endDate) VALUES ('MC0016', 'PT0004', 'ST0006', 'STF0001', 'BI0007', 'Nausea', 'Diabetes', '2025-04-26', '2025-04-26 09:00:00', True, '2025-05-24', 'Cancelled', 'MC-0004', '2025-04-26', '2025-04-27');
INSERT INTO Consultation (consultationID, patientID, doctorID, staffID, billID, symptoms, diagnosis, consultationDate, checkInTime, isFollowUpRequired, followUpDate, status, mcID, startDate, endDate) VALUES ('MC0017', 'PT0014', 'ST0008', 'STF0003', 'BI0002', 'Headache', 'Diabetes', '2025-06-02', '2025-06-02 09:00:00', False, NULL, 'Scheduled', 'MC-0003', '2025-06-02', '2025-06-05');
INSERT INTO Consultation (consultationID, patientID, doctorID, staffID, billID, symptoms, diagnosis, consultationDate, checkInTime, isFollowUpRequired, followUpDate, status, mcID, startDate, endDate) VALUES ('MC0018', 'PT0013', 'ST0001', 'STF0009', 'BI0010', 'Cough', 'Flu', '2024-09-27', '2024-09-27 13:00:00', False, NULL, 'Cancelled', 'MC-0001', '2024-09-27', '2024-09-30');
INSERT INTO Consultation (consultationID, patientID, doctorID, staffID, billID, symptoms, diagnosis, consultationDate, checkInTime, isFollowUpRequired, followUpDate, status, mcID, startDate, endDate) VALUES ('MC0019', 'PT0013', 'ST0001', 'STF0010', 'BI0008', 'Cough', 'Cold', '2024-11-19', '2024-11-19 16:00:00', False, NULL, 'Scheduled', 'MC-0006', '2024-11-19', '2024-11-23');
INSERT INTO Consultation (consultationID, patientID, doctorID, staffID, billID, symptoms, diagnosis, consultationDate, checkInTime, isFollowUpRequired, followUpDate, status, mcID, startDate, endDate) VALUES ('MC0020', 'PT0004', 'ST0009', 'STF0007', 'BI0010', 'Fever', 'Hypertension', '2025-04-02', '2025-04-02 11:00:00', True, '2025-04-12', 'Cancelled', 'MC-0009', '2025-04-02', '2025-04-05');
INSERT INTO Consultation (consultationID, patientID, doctorID, staffID, billID, symptoms, diagnosis, consultationDate, checkInTime, isFollowUpRequired, followUpDate, status, mcID, startDate, endDate) VALUES ('MC0021', 'PT0020', 'ST0008', 'STF0007', 'BI0006', 'Cough', 'Diabetes', '2025-06-15', '2025-06-15 10:00:00', True, '2025-07-04', 'Scheduled', 'MC-0004', '2025-06-15', '2025-06-18');
INSERT INTO Consultation (consultationID, patientID, doctorID, staffID, billID, symptoms, diagnosis, consultationDate, checkInTime, isFollowUpRequired, followUpDate, status, mcID, startDate, endDate) VALUES ('MC0022', 'PT0014', 'ST0006', 'STF0009', 'BI0010', 'Headache', 'Flu', '2025-06-09', '2025-06-09 12:00:00', True, '2025-06-23', 'Scheduled', 'MC-0003', '2025-06-09', '2025-06-12');
INSERT INTO Consultation (consultationID, patientID, doctorID, staffID, billID, symptoms, diagnosis, consultationDate, checkInTime, isFollowUpRequired, followUpDate, status, mcID, startDate, endDate) VALUES ('MC0023', 'PT0006', 'ST0008', 'STF0004', 'BI0007', 'Headache', 'Hypertension', '2025-02-26', '2025-02-26 14:00:00', True, '2025-03-27', 'Cancelled', 'MC-0007', '2025-02-26', '2025-03-01');
INSERT INTO Consultation (consultationID, patientID, doctorID, staffID, billID, symptoms, diagnosis, consultationDate, checkInTime, isFollowUpRequired, followUpDate, status, mcID, startDate, endDate) VALUES ('MC0024', 'PT0012', 'ST0009', 'STF0009', 'BI0002', 'Fever', 'Hypertension', '2025-06-07', '2025-06-07 08:00:00', True, '2025-06-22', 'Cancelled', 'MC-0002', '2025-06-07', '2025-06-10');
INSERT INTO Consultation (consultationID, patientID, doctorID, staffID, billID, symptoms, diagnosis, consultationDate, checkInTime, isFollowUpRequired, followUpDate, status, mcID, startDate, endDate) VALUES ('MC0025', 'PT0014', 'ST0006', 'STF0009', 'BI0003', 'Cough', 'Hypertension', '2024-12-14', '2024-12-14 08:00:00', True, '2024-12-16', 'Completed', 'MC-0002', '2024-12-14', '2024-12-19');
INSERT INTO Consultation (consultationID, patientID, doctorID, staffID, billID, symptoms, diagnosis, consultationDate, checkInTime, isFollowUpRequired, followUpDate, status, mcID, startDate, endDate) VALUES ('MC0026', 'PT0013', 'ST0008', 'STF0006', 'BI0003', 'Nausea', 'Hypertension', '2024-12-14', '2024-12-14 08:00:00', False, NULL, 'Cancelled', 'MC-0001', '2024-12-14', '2024-12-16');
INSERT INTO Consultation (consultationID, patientID, doctorID, staffID, billID, symptoms, diagnosis, consultationDate, checkInTime, isFollowUpRequired, followUpDate, status, mcID, startDate, endDate) VALUES ('MC0027', 'PT0007', 'ST0001', 'STF0009', 'BI0009', 'Headache', 'Flu', '2024-09-18', '2024-09-18 16:00:00', False, NULL, 'Completed', 'MC-0005', '2024-09-18', '2024-09-20');
INSERT INTO Consultation (consultationID, patientID, doctorID, staffID, billID, symptoms, diagnosis, consultationDate, checkInTime, isFollowUpRequired, followUpDate, status, mcID, startDate, endDate) VALUES ('MC0028', 'PT0007', 'ST0001', 'STF0003', 'BI0009', 'Nausea', 'Flu', '2025-06-22', '2025-06-22 14:00:00', False, NULL, 'Cancelled', 'MC-0002', '2025-06-22', '2025-06-25');
INSERT INTO Consultation (consultationID, patientID, doctorID, staffID, billID, symptoms, diagnosis, consultationDate, checkInTime, isFollowUpRequired, followUpDate, status, mcID, startDate, endDate) VALUES ('MC0029', 'PT0008', 'ST0008', 'STF0005', 'BI0005', 'Back pain', 'Hypertension', '2024-08-21', '2024-08-21 11:00:00', False, NULL, 'Scheduled', 'MC-0001', '2024-08-21', '2024-08-22');
INSERT INTO Consultation (consultationID, patientID, doctorID, staffID, billID, symptoms, diagnosis, consultationDate, checkInTime, isFollowUpRequired, followUpDate, status, mcID, startDate, endDate) VALUES ('MC0030', 'PT0011', 'ST0008', 'STF0007', 'BI0004', 'Nausea', 'Cold', '2025-03-06', '2025-03-06 12:00:00', False, NULL, 'Scheduled', 'MC-0006', '2025-03-06', '2025-03-11');
INSERT INTO Consultation (consultationID, patientID, doctorID, staffID, billID, symptoms, diagnosis, consultationDate, checkInTime, isFollowUpRequired, followUpDate, status, mcID, startDate, endDate) VALUES ('MC0031', 'PT0008', 'ST0001', 'STF0004', 'BI0002', 'Cough', 'Cold', '2024-11-11', '2024-11-11 09:00:00', True, '2024-12-09', 'Scheduled', 'MC-0010', '2024-11-11', '2024-11-14');
INSERT INTO Consultation (consultationID, patientID, doctorID, staffID, billID, symptoms, diagnosis, consultationDate, checkInTime, isFollowUpRequired, followUpDate, status, mcID, startDate, endDate) VALUES ('MC0032', 'PT0001', 'ST0006', 'STF0010', 'BI0006', 'Nausea', 'Flu', '2025-05-29', '2025-05-29 12:00:00', True, '2025-06-12', 'Cancelled', 'MC-0006', '2025-05-29', '2025-05-30');
INSERT INTO Consultation (consultationID, patientID, doctorID, staffID, billID, symptoms, diagnosis, consultationDate, checkInTime, isFollowUpRequired, followUpDate, status, mcID, startDate, endDate) VALUES ('MC0033', 'PT0006', 'ST0008', 'STF0004', 'BI0007', 'Fever', 'Diabetes', '2025-05-03', '2025-05-03 14:00:00', False, NULL, 'Completed', 'MC-0006', '2025-05-03', '2025-05-05');
INSERT INTO Consultation (consultationID, patientID, doctorID, staffID, billID, symptoms, diagnosis, consultationDate, checkInTime, isFollowUpRequired, followUpDate, status, mcID, startDate, endDate) VALUES ('MC0034', 'PT0015', 'ST0008', 'STF0003', 'BI0009', 'Cough', 'Diabetes', '2025-01-16', '2025-01-16 11:00:00', True, '2025-01-21', 'Completed', 'MC-0008', '2025-01-16', '2025-01-21');
INSERT INTO Consultation (consultationID, patientID, doctorID, staffID, billID, symptoms, diagnosis, consultationDate, checkInTime, isFollowUpRequired, followUpDate, status, mcID, startDate, endDate) VALUES ('MC0035', 'PT0016', 'ST0004', 'STF0007', 'BI0008', 'Headache', 'Cold', '2025-05-14', '2025-05-14 16:00:00', True, '2025-06-03', 'Scheduled', 'MC-0006', '2025-05-14', '2025-05-19');
INSERT INTO Consultation (consultationID, patientID, doctorID, staffID, billID, symptoms, diagnosis, consultationDate, checkInTime, isFollowUpRequired, followUpDate, status, mcID, startDate, endDate) VALUES ('MC0036', 'PT0002', 'ST0008', 'STF0002', 'BI0008', 'Back pain', 'Hypertension', '2024-08-20', '2024-08-20 09:00:00', False, NULL, 'Cancelled', 'MC-0002', '2024-08-20', '2024-08-21');
INSERT INTO Consultation (consultationID, patientID, doctorID, staffID, billID, symptoms, diagnosis, consultationDate, checkInTime, isFollowUpRequired, followUpDate, status, mcID, startDate, endDate) VALUES ('MC0037', 'PT0019', 'ST0008', 'STF0005', 'BI0003', 'Nausea', 'Diabetes', '2025-07-01', '2025-07-01 09:00:00', False, NULL, 'Cancelled', 'MC-0009', '2025-07-01', '2025-07-03');
INSERT INTO Consultation (consultationID, patientID, doctorID, staffID, billID, symptoms, diagnosis, consultationDate, checkInTime, isFollowUpRequired, followUpDate, status, mcID, startDate, endDate) VALUES ('MC0038', 'PT0013', 'ST0001', 'STF0004', 'BI0003', 'Nausea', 'Diabetes', '2025-05-02', '2025-05-02 11:00:00', False, NULL, 'Cancelled', 'MC-0001', '2025-05-02', '2025-05-05');
INSERT INTO Consultation (consultationID, patientID, doctorID, staffID, billID, symptoms, diagnosis, consultationDate, checkInTime, isFollowUpRequired, followUpDate, status, mcID, startDate, endDate) VALUES ('MC0039', 'PT0001', 'ST0004', 'STF0008', 'BI0010', 'Cough', 'Cold', '2025-07-21', '2025-07-21 13:00:00', False, NULL, 'Cancelled', 'MC-0004', '2025-07-21', '2025-07-23');
INSERT INTO Consultation (consultationID, patientID, doctorID, staffID, billID, symptoms, diagnosis, consultationDate, checkInTime, isFollowUpRequired, followUpDate, status, mcID, startDate, endDate) VALUES ('MC0040', 'PT0006', 'ST0006', 'STF0010', 'BI0005', 'Nausea', 'Healthy', '2024-10-22', '2024-10-22 12:00:00', True, '2024-11-09', 'Scheduled', 'MC-0002', '2024-10-22', '2024-10-23');
INSERT INTO Medicine (medicineID, medicineName, description, totalStock, reorderLevel, sellingPrice) VALUES ('ME0001', 'DespiteMed', 'Training prepare eight compare.', 129, 29, 73.04);
INSERT INTO Medicine (medicineID, medicineName, description, totalStock, reorderLevel, sellingPrice) VALUES ('ME0002', 'AttorneyMed', 'And effect debate crime talk eat detail.', 186, 22, 96.17);
INSERT INTO Medicine (medicineID, medicineName, description, totalStock, reorderLevel, sellingPrice) VALUES ('ME0003', 'IfMed', 'Institution consumer make question wide role election.', 99, 13, 36.63);
INSERT INTO Medicine (medicineID, medicineName, description, totalStock, reorderLevel, sellingPrice) VALUES ('ME0004', 'MouthMed', 'Oil get continue poor fire leave.', 129, 24, 94.26);
INSERT INTO Medicine (medicineID, medicineName, description, totalStock, reorderLevel, sellingPrice) VALUES ('ME0005', 'DeepMed', 'Ask someone meeting guess anything job card.', 174, 18, 90.23);
INSERT INTO Medicine (medicineID, medicineName, description, totalStock, reorderLevel, sellingPrice) VALUES ('ME0006', 'WordMed', 'Today month full box.', 198, 13, 29.78);
INSERT INTO Medicine (medicineID, medicineName, description, totalStock, reorderLevel, sellingPrice) VALUES ('ME0007', 'PerhapsMed', 'Who traditional item serve wish could head risk.', 164, 17, 93.36);
INSERT INTO Medicine (medicineID, medicineName, description, totalStock, reorderLevel, sellingPrice) VALUES ('ME0008', 'StructureMed', 'Century hundred though wonder young point west thing.', 117, 29, 87.06);
INSERT INTO Medicine (medicineID, medicineName, description, totalStock, reorderLevel, sellingPrice) VALUES ('ME0009', 'PhysicalMed', 'Agency food series professor.', 92, 22, 66.28);
INSERT INTO Medicine (medicineID, medicineName, description, totalStock, reorderLevel, sellingPrice) VALUES ('ME0010', 'SimplyMed', 'Get grow despite interview force send purpose.', 147, 30, 14.29);
INSERT INTO Medicine (medicineID, medicineName, description, totalStock, reorderLevel, sellingPrice) VALUES ('ME0011', 'FriendMed', 'Same nor house appear talk worker management necessary.', 149, 11, 75.11);
INSERT INTO Medicine (medicineID, medicineName, description, totalStock, reorderLevel, sellingPrice) VALUES ('ME0012', 'HearMed', 'Example control knowledge power.', 119, 18, 63.42);
INSERT INTO Medicine (medicineID, medicineName, description, totalStock, reorderLevel, sellingPrice) VALUES ('ME0013', 'ThisMed', 'Born hand traditional probably fight once.', 186, 29, 44.11);
INSERT INTO Medicine (medicineID, medicineName, description, totalStock, reorderLevel, sellingPrice) VALUES ('ME0014', 'OwnerMed', 'College stay to find.', 57, 19, 6.75);
INSERT INTO Medicine (medicineID, medicineName, description, totalStock, reorderLevel, sellingPrice) VALUES ('ME0015', 'ThroughoutMed', 'Player pressure begin my.', 194, 21, 68.41);
INSERT INTO Prescription (prescriptionID, consultationID, medicineID, description, dosage, instruction, servingPerDay, price, dosageUnit) VALUES ('PR0001', 'MC0035', 'ME0007', 'Experience professional carry around production who know heavy.', 3, 2, 4, 42.65, 'capsule');
INSERT INTO Prescription (prescriptionID, consultationID, medicineID, description, dosage, instruction, servingPerDay, price, dosageUnit) VALUES ('PR0002', 'MC0017', 'ME0003', 'Under ask choose fact might court some.', 2, 3, 3, 28.97, 'capsule');
INSERT INTO Prescription (prescriptionID, consultationID, medicineID, description, dosage, instruction, servingPerDay, price, dosageUnit) VALUES ('PR0003', 'MC0020', 'ME0002', 'Few himself bad plan stock.', 1, 5, 2, 41.49, 'mg');
INSERT INTO Prescription (prescriptionID, consultationID, medicineID, description, dosage, instruction, servingPerDay, price, dosageUnit) VALUES ('PR0004', 'MC0020', 'ME0004', 'Show understand garden key instead best ground.', 3, 2, 1, 9.88, 'ml');
INSERT INTO Prescription (prescriptionID, consultationID, medicineID, description, dosage, instruction, servingPerDay, price, dosageUnit) VALUES ('PR0005', 'MC0021', 'ME0013', 'Member rather eat left.', 1, 3, 1, 48.67, 'mg');
INSERT INTO Prescription (prescriptionID, consultationID, medicineID, description, dosage, instruction, servingPerDay, price, dosageUnit) VALUES ('PR0006', 'MC0006', 'ME0009', 'Check door ability.', 2, 4, 3, 30.73, 'capsule');
INSERT INTO Prescription (prescriptionID, consultationID, medicineID, description, dosage, instruction, servingPerDay, price, dosageUnit) VALUES ('PR0007', 'MC0002', 'ME0014', 'Similar listen trade start scene.', 2, 5, 1, 27.97, 'ml');
INSERT INTO Prescription (prescriptionID, consultationID, medicineID, description, dosage, instruction, servingPerDay, price, dosageUnit) VALUES ('PR0008', 'MC0018', 'ME0008', 'Especially old evidence campaign.', 2, 1, 2, 32.56, 'mg');
INSERT INTO Prescription (prescriptionID, consultationID, medicineID, description, dosage, instruction, servingPerDay, price, dosageUnit) VALUES ('PR0009', 'MC0001', 'ME0015', 'Style prove require trouble water society.', 3, 1, 1, 26.4, 'mg');
INSERT INTO Prescription (prescriptionID, consultationID, medicineID, description, dosage, instruction, servingPerDay, price, dosageUnit) VALUES ('PR0010', 'MC0029', 'ME0011', 'Measure mind whose buy care food amount important.', 3, 4, 4, 10.18, 'tablet');
INSERT INTO Prescription (prescriptionID, consultationID, medicineID, description, dosage, instruction, servingPerDay, price, dosageUnit) VALUES ('PR0011', 'MC0007', 'ME0003', 'Somebody late election direction.', 2, 1, 4, 49.93, 'capsule');
INSERT INTO Prescription (prescriptionID, consultationID, medicineID, description, dosage, instruction, servingPerDay, price, dosageUnit) VALUES ('PR0012', 'MC0017', 'ME0001', 'Mean check pressure.', 2, 4, 3, 41.24, 'mg');
INSERT INTO Prescription (prescriptionID, consultationID, medicineID, description, dosage, instruction, servingPerDay, price, dosageUnit) VALUES ('PR0013', 'MC0003', 'ME0007', 'Himself important run trial face camera American.', 1, 2, 3, 33.05, 'mg');
INSERT INTO Prescription (prescriptionID, consultationID, medicineID, description, dosage, instruction, servingPerDay, price, dosageUnit) VALUES ('PR0014', 'MC0015', 'ME0001', 'Century learn hit individual much plant increase.', 2, 4, 1, 30.02, 'mg');
INSERT INTO Prescription (prescriptionID, consultationID, medicineID, description, dosage, instruction, servingPerDay, price, dosageUnit) VALUES ('PR0015', 'MC0022', 'ME0005', 'Choose food behavior learn.', 3, 4, 1, 35.54, 'ml');
INSERT INTO Prescription (prescriptionID, consultationID, medicineID, description, dosage, instruction, servingPerDay, price, dosageUnit) VALUES ('PR0016', 'MC0012', 'ME0015', 'Method few every relate.', 2, 4, 2, 31.33, 'mg');
INSERT INTO Prescription (prescriptionID, consultationID, medicineID, description, dosage, instruction, servingPerDay, price, dosageUnit) VALUES ('PR0017', 'MC0010', 'ME0014', 'Protect trip test music.', 1, 1, 2, 25.15, 'mg');
INSERT INTO Prescription (prescriptionID, consultationID, medicineID, description, dosage, instruction, servingPerDay, price, dosageUnit) VALUES ('PR0018', 'MC0015', 'ME0010', 'Behavior through state.', 1, 3, 2, 22.31, 'mg');
INSERT INTO Prescription (prescriptionID, consultationID, medicineID, description, dosage, instruction, servingPerDay, price, dosageUnit) VALUES ('PR0019', 'MC0014', 'ME0001', 'Bag radio short eight guess.', 3, 4, 1, 35.58, 'mg');
INSERT INTO Prescription (prescriptionID, consultationID, medicineID, description, dosage, instruction, servingPerDay, price, dosageUnit) VALUES ('PR0020', 'MC0006', 'ME0004', 'Many nearly organization mother.', 3, 1, 4, 19.69, 'capsule');
INSERT INTO Prescription (prescriptionID, consultationID, medicineID, description, dosage, instruction, servingPerDay, price, dosageUnit) VALUES ('PR0021', 'MC0031', 'ME0014', 'Benefit yeah while common enjoy game take.', 2, 1, 3, 25.19, 'tablet');
INSERT INTO Prescription (prescriptionID, consultationID, medicineID, description, dosage, instruction, servingPerDay, price, dosageUnit) VALUES ('PR0022', 'MC0017', 'ME0014', 'Lawyer government woman.', 2, 4, 3, 13.38, 'capsule');
INSERT INTO Prescription (prescriptionID, consultationID, medicineID, description, dosage, instruction, servingPerDay, price, dosageUnit) VALUES ('PR0023', 'MC0032', 'ME0014', 'Way fire decide main enjoy.', 1, 2, 3, 22.49, 'capsule');
INSERT INTO Prescription (prescriptionID, consultationID, medicineID, description, dosage, instruction, servingPerDay, price, dosageUnit) VALUES ('PR0024', 'MC0014', 'ME0012', 'Family young last lead claim film quality fire.', 1, 3, 1, 30.95, 'tablet');
INSERT INTO Prescription (prescriptionID, consultationID, medicineID, description, dosage, instruction, servingPerDay, price, dosageUnit) VALUES ('PR0025', 'MC0010', 'ME0007', 'Man play piece south.', 1, 3, 3, 6.18, 'tablet');
INSERT INTO Prescription (prescriptionID, consultationID, medicineID, description, dosage, instruction, servingPerDay, price, dosageUnit) VALUES ('PR0026', 'MC0032', 'ME0004', 'Drive after perform soldier teacher more director official.', 3, 1, 2, 29.94, 'tablet');
INSERT INTO Prescription (prescriptionID, consultationID, medicineID, description, dosage, instruction, servingPerDay, price, dosageUnit) VALUES ('PR0027', 'MC0008', 'ME0011', 'Information as large approach son think.', 2, 1, 4, 33.08, 'ml');
INSERT INTO Prescription (prescriptionID, consultationID, medicineID, description, dosage, instruction, servingPerDay, price, dosageUnit) VALUES ('PR0028', 'MC0012', 'ME0010', 'Most computer point senior what parent allow.', 1, 5, 3, 42.7, 'ml');
INSERT INTO Prescription (prescriptionID, consultationID, medicineID, description, dosage, instruction, servingPerDay, price, dosageUnit) VALUES ('PR0029', 'MC0034', 'ME0014', 'Way image art might early.', 1, 1, 2, 16.8, 'mg');
INSERT INTO Prescription (prescriptionID, consultationID, medicineID, description, dosage, instruction, servingPerDay, price, dosageUnit) VALUES ('PR0030', 'MC0007', 'ME0007', 'Series soldier where region.', 1, 4, 4, 26.45, 'ml');
INSERT INTO Prescription (prescriptionID, consultationID, medicineID, description, dosage, instruction, servingPerDay, price, dosageUnit) VALUES ('PR0031', 'MC0005', 'ME0003', 'Today section moment budget ready sport.', 1, 2, 1, 25.34, 'ml');
INSERT INTO Prescription (prescriptionID, consultationID, medicineID, description, dosage, instruction, servingPerDay, price, dosageUnit) VALUES ('PR0032', 'MC0020', 'ME0011', 'Shake instead government far pretty doctor.', 1, 1, 4, 12.58, 'tablet');
INSERT INTO Prescription (prescriptionID, consultationID, medicineID, description, dosage, instruction, servingPerDay, price, dosageUnit) VALUES ('PR0033', 'MC0030', 'ME0006', 'Response book police morning politics develop ball.', 2, 3, 3, 49.0, 'mg');
INSERT INTO Prescription (prescriptionID, consultationID, medicineID, description, dosage, instruction, servingPerDay, price, dosageUnit) VALUES ('PR0034', 'MC0014', 'ME0010', 'Attention star attack myself bed.', 2, 1, 4, 17.26, 'tablet');
INSERT INTO Prescription (prescriptionID, consultationID, medicineID, description, dosage, instruction, servingPerDay, price, dosageUnit) VALUES ('PR0035', 'MC0034', 'ME0010', 'Brother yet alone mission artist.', 2, 4, 2, 24.34, 'tablet');
INSERT INTO Prescription (prescriptionID, consultationID, medicineID, description, dosage, instruction, servingPerDay, price, dosageUnit) VALUES ('PR0036', 'MC0016', 'ME0007', 'Building process pass design explain.', 1, 3, 3, 5.4, 'tablet');
INSERT INTO Prescription (prescriptionID, consultationID, medicineID, description, dosage, instruction, servingPerDay, price, dosageUnit) VALUES ('PR0037', 'MC0034', 'ME0007', 'Turn little commercial admit voice dark late.', 1, 5, 3, 47.87, 'capsule');
INSERT INTO Prescription (prescriptionID, consultationID, medicineID, description, dosage, instruction, servingPerDay, price, dosageUnit) VALUES ('PR0038', 'MC0015', 'ME0012', 'Policy check hot population whole.', 1, 2, 2, 46.5, 'mg');
INSERT INTO Prescription (prescriptionID, consultationID, medicineID, description, dosage, instruction, servingPerDay, price, dosageUnit) VALUES ('PR0039', 'MC0001', 'ME0004', 'Player decision option set your rest population.', 1, 4, 2, 39.17, 'mg');
INSERT INTO Prescription (prescriptionID, consultationID, medicineID, description, dosage, instruction, servingPerDay, price, dosageUnit) VALUES ('PR0040', 'MC0006', 'ME0006', 'Rise social interesting resource local no staff.', 2, 2, 3, 45.62, 'ml');
INSERT INTO Prescription (prescriptionID, consultationID, medicineID, description, dosage, instruction, servingPerDay, price, dosageUnit) VALUES ('PR0041', 'MC0009', 'ME0004', 'Thank area indicate dog hard despite hard.', 2, 5, 4, 7.09, 'mg');
INSERT INTO Prescription (prescriptionID, consultationID, medicineID, description, dosage, instruction, servingPerDay, price, dosageUnit) VALUES ('PR0042', 'MC0040', 'ME0001', 'Agency join per already every writer.', 2, 4, 4, 11.83, 'capsule');
INSERT INTO Prescription (prescriptionID, consultationID, medicineID, description, dosage, instruction, servingPerDay, price, dosageUnit) VALUES ('PR0043', 'MC0016', 'ME0003', 'Best whom economy material wonder.', 1, 1, 1, 9.39, 'ml');
INSERT INTO Prescription (prescriptionID, consultationID, medicineID, description, dosage, instruction, servingPerDay, price, dosageUnit) VALUES ('PR0044', 'MC0040', 'ME0012', 'Class close event mean fact professional ten.', 1, 2, 3, 14.09, 'ml');
INSERT INTO Prescription (prescriptionID, consultationID, medicineID, description, dosage, instruction, servingPerDay, price, dosageUnit) VALUES ('PR0045', 'MC0002', 'ME0003', 'Father market various individual traditional whatever for.', 2, 3, 4, 9.78, 'mg');
INSERT INTO Prescription (prescriptionID, consultationID, medicineID, description, dosage, instruction, servingPerDay, price, dosageUnit) VALUES ('PR0046', 'MC0023', 'ME0011', 'Family office investment join.', 1, 4, 1, 32.54, 'ml');
INSERT INTO Prescription (prescriptionID, consultationID, medicineID, description, dosage, instruction, servingPerDay, price, dosageUnit) VALUES ('PR0047', 'MC0015', 'ME0002', 'Improve account rule enough idea well.', 1, 5, 4, 5.68, 'tablet');
INSERT INTO Prescription (prescriptionID, consultationID, medicineID, description, dosage, instruction, servingPerDay, price, dosageUnit) VALUES ('PR0048', 'MC0003', 'ME0005', 'Whether economic employee significant agreement.', 2, 3, 3, 37.05, 'capsule');
INSERT INTO Prescription (prescriptionID, consultationID, medicineID, description, dosage, instruction, servingPerDay, price, dosageUnit) VALUES ('PR0049', 'MC0013', 'ME0005', 'Prove movement approach phone choose.', 3, 2, 3, 28.06, 'mg');
INSERT INTO Prescription (prescriptionID, consultationID, medicineID, description, dosage, instruction, servingPerDay, price, dosageUnit) VALUES ('PR0050', 'MC0029', 'ME0014', 'Stop individual outside turn method suddenly.', 2, 2, 2, 13.09, 'ml');
INSERT INTO Prescription (prescriptionID, consultationID, medicineID, description, dosage, instruction, servingPerDay, price, dosageUnit) VALUES ('PR0051', 'MC0016', 'ME0005', 'Suffer cup believe us.', 3, 5, 4, 12.61, 'tablet');
INSERT INTO Prescription (prescriptionID, consultationID, medicineID, description, dosage, instruction, servingPerDay, price, dosageUnit) VALUES ('PR0052', 'MC0023', 'ME0005', 'Understand concern idea clear yard son sell.', 3, 1, 4, 24.84, 'ml');
INSERT INTO Prescription (prescriptionID, consultationID, medicineID, description, dosage, instruction, servingPerDay, price, dosageUnit) VALUES ('PR0053', 'MC0019', 'ME0002', 'Behavior anything wait major science crime.', 3, 1, 1, 36.44, 'capsule');
INSERT INTO Prescription (prescriptionID, consultationID, medicineID, description, dosage, instruction, servingPerDay, price, dosageUnit) VALUES ('PR0054', 'MC0022', 'ME0015', 'Writer quickly language impact represent laugh whatever.', 1, 5, 1, 20.69, 'mg');
INSERT INTO Prescription (prescriptionID, consultationID, medicineID, description, dosage, instruction, servingPerDay, price, dosageUnit) VALUES ('PR0055', 'MC0020', 'ME0011', 'Great push family society man some.', 3, 3, 1, 32.36, 'ml');
INSERT INTO Prescription (prescriptionID, consultationID, medicineID, description, dosage, instruction, servingPerDay, price, dosageUnit) VALUES ('PR0056', 'MC0015', 'ME0006', 'Executive film there use.', 3, 4, 4, 49.26, 'ml');
INSERT INTO Prescription (prescriptionID, consultationID, medicineID, description, dosage, instruction, servingPerDay, price, dosageUnit) VALUES ('PR0057', 'MC0034', 'ME0013', 'Join pull protect ever tree collection.', 3, 3, 1, 14.83, 'capsule');
INSERT INTO Prescription (prescriptionID, consultationID, medicineID, description, dosage, instruction, servingPerDay, price, dosageUnit) VALUES ('PR0058', 'MC0016', 'ME0001', 'Up detail ever north only air different.', 2, 4, 1, 39.1, 'mg');
INSERT INTO Prescription (prescriptionID, consultationID, medicineID, description, dosage, instruction, servingPerDay, price, dosageUnit) VALUES ('PR0059', 'MC0026', 'ME0008', 'Hospital quite treat rise position it research.', 2, 3, 2, 42.75, 'tablet');
INSERT INTO Prescription (prescriptionID, consultationID, medicineID, description, dosage, instruction, servingPerDay, price, dosageUnit) VALUES ('PR0060', 'MC0011', 'ME0002', 'Medical who enough test.', 3, 1, 2, 17.91, 'capsule');
INSERT INTO Bill (billID, totalAmount, paymentMethod) VALUES ('BI0001', 143.21, 'Insurance');
INSERT INTO Bill (billID, totalAmount, paymentMethod) VALUES ('BI0002', 151.34, 'Credit Card');
INSERT INTO Bill (billID, totalAmount, paymentMethod) VALUES ('BI0003', 132.03, 'Credit Card');
INSERT INTO Bill (billID, totalAmount, paymentMethod) VALUES ('BI0004', 74.58, 'Insurance');
INSERT INTO Bill (billID, totalAmount, paymentMethod) VALUES ('BI0005', 93.83, 'Cash');
INSERT INTO Bill (billID, totalAmount, paymentMethod) VALUES ('BI0006', 162.72, 'Cash');
INSERT INTO Bill (billID, totalAmount, paymentMethod) VALUES ('BI0007', 157.75, 'Cash');
INSERT INTO Bill (billID, totalAmount, paymentMethod) VALUES ('BI0008', 175.88, 'Insurance');
INSERT INTO Bill (billID, totalAmount, paymentMethod) VALUES ('BI0009', 74.14, 'Insurance');
INSERT INTO Bill (billID, totalAmount, paymentMethod) VALUES ('BI0010', 182.1, 'Insurance');
INSERT INTO Bill (billID, totalAmount, paymentMethod) VALUES ('BI0011', 26.13, 'Credit Card');
INSERT INTO Bill (billID, totalAmount, paymentMethod) VALUES ('BI0012', 60.48, 'Cash');
INSERT INTO Bill (billID, totalAmount, paymentMethod) VALUES ('BI0013', 86.18, 'Credit Card');
INSERT INTO Bill (billID, totalAmount, paymentMethod) VALUES ('BI0014', 50.91, 'Debit Card');
INSERT INTO Bill (billID, totalAmount, paymentMethod) VALUES ('BI0015', 123.19, 'Cash');
INSERT INTO Bill (billID, totalAmount, paymentMethod) VALUES ('BI0016', 165.46, 'Cash');
INSERT INTO Bill (billID, totalAmount, paymentMethod) VALUES ('BI0017', 181.07, 'Debit Card');
INSERT INTO Bill (billID, totalAmount, paymentMethod) VALUES ('BI0018', 42.18, 'Debit Card');
INSERT INTO Bill (billID, totalAmount, paymentMethod) VALUES ('BI0019', 187.94, 'Cash');
INSERT INTO Bill (billID, totalAmount, paymentMethod) VALUES ('BI0020', 23.15, 'Credit Card');
INSERT INTO Bill (billID, totalAmount, paymentMethod) VALUES ('BI0021', 141.06, 'Insurance');
INSERT INTO Bill (billID, totalAmount, paymentMethod) VALUES ('BI0022', 112.55, 'Cash');
INSERT INTO Bill (billID, totalAmount, paymentMethod) VALUES ('BI0023', 107.13, 'Credit Card');
INSERT INTO Bill (billID, totalAmount, paymentMethod) VALUES ('BI0024', 150.46, 'Debit Card');
INSERT INTO Bill (billID, totalAmount, paymentMethod) VALUES ('BI0025', 108.91, 'Cash');
INSERT INTO Bill (billID, totalAmount, paymentMethod) VALUES ('BI0026', 143.84, 'Credit Card');
INSERT INTO Bill (billID, totalAmount, paymentMethod) VALUES ('BI0027', 92.04, 'Debit Card');
INSERT INTO Bill (billID, totalAmount, paymentMethod) VALUES ('BI0028', 55.73, 'Cash');
INSERT INTO Bill (billID, totalAmount, paymentMethod) VALUES ('BI0029', 97.74, 'Credit Card');
INSERT INTO Bill (billID, totalAmount, paymentMethod) VALUES ('BI0030', 41.69, 'Cash');
INSERT INTO Bill (billID, totalAmount, paymentMethod) VALUES ('BI0031', 60.27, 'Debit Card');
INSERT INTO Bill (billID, totalAmount, paymentMethod) VALUES ('BI0032', 134.0, 'Debit Card');
INSERT INTO Bill (billID, totalAmount, paymentMethod) VALUES ('BI0033', 49.08, 'Insurance');
INSERT INTO Bill (billID, totalAmount, paymentMethod) VALUES ('BI0034', 63.73, 'Debit Card');
INSERT INTO Bill (billID, totalAmount, paymentMethod) VALUES ('BI0035', 136.4, 'Debit Card');
INSERT INTO Bill (billID, totalAmount, paymentMethod) VALUES ('BI0036', 101.27, 'Debit Card');
INSERT INTO Bill (billID, totalAmount, paymentMethod) VALUES ('BI0037', 42.56, 'Cash');
INSERT INTO Bill (billID, totalAmount, paymentMethod) VALUES ('BI0038', 165.86, 'Debit Card');
INSERT INTO Bill (billID, totalAmount, paymentMethod) VALUES ('BI0039', 112.78, 'Cash');
INSERT INTO Bill (billID, totalAmount, paymentMethod) VALUES ('BI0040', 69.7, 'Insurance');
INSERT INTO Schedule (scheduleID, doctorID, date, startTime, endTime) VALUES ('SC0001', 'ST0001', '2025-07-01', '2025-07-01 08:00:00', '2025-07-01 20:00:00');
INSERT INTO Schedule (scheduleID, doctorID, date, startTime, endTime) VALUES ('SC0002', 'ST0004', '2025-07-01', '2025-07-01 08:00:00', '2025-07-01 20:00:00');
INSERT INTO Schedule (scheduleID, doctorID, date, startTime, endTime) VALUES ('SC0003', 'ST0006', '2025-07-01', '2025-07-01 08:00:00', '2025-07-01 20:00:00');
INSERT INTO Schedule (scheduleID, doctorID, date, startTime, endTime) VALUES ('SC0004', 'ST0008', '2025-07-01', '2025-07-01 08:00:00', '2025-07-01 20:00:00');
INSERT INTO Schedule (scheduleID, doctorID, date, startTime, endTime) VALUES ('SC0005', 'ST0009', '2025-07-01', '2025-07-01 08:00:00', '2025-07-01 20:00:00');
INSERT INTO Schedule (scheduleID, doctorID, date, startTime, endTime) VALUES ('SC0006', 'ST0001', '2025-07-02', '2025-07-02 08:00:00', '2025-07-02 20:00:00');
INSERT INTO Schedule (scheduleID, doctorID, date, startTime, endTime) VALUES ('SC0007', 'ST0004', '2025-07-02', '2025-07-02 08:00:00', '2025-07-02 20:00:00');
INSERT INTO Schedule (scheduleID, doctorID, date, startTime, endTime) VALUES ('SC0008', 'ST0006', '2025-07-02', '2025-07-02 08:00:00', '2025-07-02 20:00:00');
INSERT INTO Schedule (scheduleID, doctorID, date, startTime, endTime) VALUES ('SC0009', 'ST0008', '2025-07-02', '2025-07-02 08:00:00', '2025-07-02 20:00:00');
INSERT INTO Schedule (scheduleID, doctorID, date, startTime, endTime) VALUES ('SC0010', 'ST0009', '2025-07-02', '2025-07-02 08:00:00', '2025-07-02 20:00:00');
INSERT INTO Schedule (scheduleID, doctorID, date, startTime, endTime) VALUES ('SC0011', 'ST0001', '2025-07-03', '2025-07-03 08:00:00', '2025-07-03 20:00:00');
INSERT INTO Schedule (scheduleID, doctorID, date, startTime, endTime) VALUES ('SC0012', 'ST0004', '2025-07-03', '2025-07-03 08:00:00', '2025-07-03 20:00:00');
INSERT INTO Schedule (scheduleID, doctorID, date, startTime, endTime) VALUES ('SC0013', 'ST0006', '2025-07-03', '2025-07-03 08:00:00', '2025-07-03 20:00:00');
INSERT INTO Schedule (scheduleID, doctorID, date, startTime, endTime) VALUES ('SC0014', 'ST0008', '2025-07-03', '2025-07-03 08:00:00', '2025-07-03 20:00:00');
INSERT INTO Schedule (scheduleID, doctorID, date, startTime, endTime) VALUES ('SC0015', 'ST0009', '2025-07-03', '2025-07-03 08:00:00', '2025-07-03 20:00:00');
INSERT INTO Schedule (scheduleID, doctorID, date, startTime, endTime) VALUES ('SC0016', 'ST0001', '2025-07-04', '2025-07-04 08:00:00', '2025-07-04 20:00:00');
INSERT INTO Schedule (scheduleID, doctorID, date, startTime, endTime) VALUES ('SC0017', 'ST0004', '2025-07-04', '2025-07-04 08:00:00', '2025-07-04 20:00:00');
INSERT INTO Schedule (scheduleID, doctorID, date, startTime, endTime) VALUES ('SC0018', 'ST0006', '2025-07-04', '2025-07-04 08:00:00', '2025-07-04 20:00:00');
INSERT INTO Schedule (scheduleID, doctorID, date, startTime, endTime) VALUES ('SC0019', 'ST0008', '2025-07-04', '2025-07-04 08:00:00', '2025-07-04 20:00:00');
INSERT INTO Schedule (scheduleID, doctorID, date, startTime, endTime) VALUES ('SC0020', 'ST0009', '2025-07-04', '2025-07-04 08:00:00', '2025-07-04 20:00:00');
INSERT INTO Schedule (scheduleID, doctorID, date, startTime, endTime) VALUES ('SC0021', 'ST0001', '2025-07-05', '2025-07-05 08:00:00', '2025-07-05 20:00:00');
INSERT INTO Schedule (scheduleID, doctorID, date, startTime, endTime) VALUES ('SC0022', 'ST0004', '2025-07-05', '2025-07-05 08:00:00', '2025-07-05 20:00:00');
INSERT INTO Schedule (scheduleID, doctorID, date, startTime, endTime) VALUES ('SC0023', 'ST0006', '2025-07-05', '2025-07-05 08:00:00', '2025-07-05 20:00:00');
INSERT INTO Schedule (scheduleID, doctorID, date, startTime, endTime) VALUES ('SC0024', 'ST0008', '2025-07-05', '2025-07-05 08:00:00', '2025-07-05 20:00:00');
INSERT INTO Schedule (scheduleID, doctorID, date, startTime, endTime) VALUES ('SC0025', 'ST0009', '2025-07-05', '2025-07-05 08:00:00', '2025-07-05 20:00:00');
INSERT INTO Schedule (scheduleID, doctorID, date, startTime, endTime) VALUES ('SC0026', 'ST0001', '2025-07-06', '2025-07-06 08:00:00', '2025-07-06 20:00:00');
INSERT INTO Schedule (scheduleID, doctorID, date, startTime, endTime) VALUES ('SC0027', 'ST0004', '2025-07-06', '2025-07-06 08:00:00', '2025-07-06 20:00:00');
INSERT INTO Schedule (scheduleID, doctorID, date, startTime, endTime) VALUES ('SC0028', 'ST0006', '2025-07-06', '2025-07-06 08:00:00', '2025-07-06 20:00:00');
INSERT INTO Schedule (scheduleID, doctorID, date, startTime, endTime) VALUES ('SC0029', 'ST0008', '2025-07-06', '2025-07-06 08:00:00', '2025-07-06 20:00:00');
INSERT INTO Schedule (scheduleID, doctorID, date, startTime, endTime) VALUES ('SC0030', 'ST0009', '2025-07-06', '2025-07-06 08:00:00', '2025-07-06 20:00:00');
INSERT INTO Schedule (scheduleID, doctorID, date, startTime, endTime) VALUES ('SC0031', 'ST0001', '2025-07-07', '2025-07-07 08:00:00', '2025-07-07 20:00:00');
INSERT INTO Schedule (scheduleID, doctorID, date, startTime, endTime) VALUES ('SC0032', 'ST0004', '2025-07-07', '2025-07-07 08:00:00', '2025-07-07 20:00:00');
INSERT INTO Schedule (scheduleID, doctorID, date, startTime, endTime) VALUES ('SC0033', 'ST0006', '2025-07-07', '2025-07-07 08:00:00', '2025-07-07 20:00:00');
INSERT INTO Schedule (scheduleID, doctorID, date, startTime, endTime) VALUES ('SC0034', 'ST0008', '2025-07-07', '2025-07-07 08:00:00', '2025-07-07 20:00:00');
INSERT INTO Schedule (scheduleID, doctorID, date, startTime, endTime) VALUES ('SC0035', 'ST0009', '2025-07-07', '2025-07-07 08:00:00', '2025-07-07 20:00:00');
INSERT INTO Schedule (scheduleID, doctorID, date, startTime, endTime) VALUES ('SC0036', 'ST0001', '2025-07-08', '2025-07-08 08:00:00', '2025-07-08 20:00:00');
INSERT INTO Schedule (scheduleID, doctorID, date, startTime, endTime) VALUES ('SC0037', 'ST0004', '2025-07-08', '2025-07-08 08:00:00', '2025-07-08 20:00:00');
INSERT INTO Schedule (scheduleID, doctorID, date, startTime, endTime) VALUES ('SC0038', 'ST0006', '2025-07-08', '2025-07-08 08:00:00', '2025-07-08 20:00:00');
INSERT INTO Schedule (scheduleID, doctorID, date, startTime, endTime) VALUES ('SC0039', 'ST0008', '2025-07-08', '2025-07-08 08:00:00', '2025-07-08 20:00:00');
INSERT INTO Schedule (scheduleID, doctorID, date, startTime, endTime) VALUES ('SC0040', 'ST0009', '2025-07-08', '2025-07-08 08:00:00', '2025-07-08 20:00:00');
INSERT INTO Schedule (scheduleID, doctorID, date, startTime, endTime) VALUES ('SC0041', 'ST0001', '2025-07-09', '2025-07-09 08:00:00', '2025-07-09 20:00:00');
INSERT INTO Schedule (scheduleID, doctorID, date, startTime, endTime) VALUES ('SC0042', 'ST0004', '2025-07-09', '2025-07-09 08:00:00', '2025-07-09 20:00:00');
INSERT INTO Schedule (scheduleID, doctorID, date, startTime, endTime) VALUES ('SC0043', 'ST0006', '2025-07-09', '2025-07-09 08:00:00', '2025-07-09 20:00:00');
INSERT INTO Schedule (scheduleID, doctorID, date, startTime, endTime) VALUES ('SC0044', 'ST0008', '2025-07-09', '2025-07-09 08:00:00', '2025-07-09 20:00:00');
INSERT INTO Schedule (scheduleID, doctorID, date, startTime, endTime) VALUES ('SC0045', 'ST0009', '2025-07-09', '2025-07-09 08:00:00', '2025-07-09 20:00:00');
INSERT INTO Schedule (scheduleID, doctorID, date, startTime, endTime) VALUES ('SC0046', 'ST0001', '2025-07-10', '2025-07-10 08:00:00', '2025-07-10 20:00:00');
INSERT INTO Schedule (scheduleID, doctorID, date, startTime, endTime) VALUES ('SC0047', 'ST0004', '2025-07-10', '2025-07-10 08:00:00', '2025-07-10 20:00:00');
INSERT INTO Schedule (scheduleID, doctorID, date, startTime, endTime) VALUES ('SC0048', 'ST0006', '2025-07-10', '2025-07-10 08:00:00', '2025-07-10 20:00:00');
INSERT INTO Schedule (scheduleID, doctorID, date, startTime, endTime) VALUES ('SC0049', 'ST0008', '2025-07-10', '2025-07-10 08:00:00', '2025-07-10 20:00:00');
INSERT INTO Schedule (scheduleID, doctorID, date, startTime, endTime) VALUES ('SC0050', 'ST0009', '2025-07-10', '2025-07-10 08:00:00', '2025-07-10 20:00:00');
INSERT INTO Schedule (scheduleID, doctorID, date, startTime, endTime) VALUES ('SC0051', 'ST0001', '2025-07-11', '2025-07-11 08:00:00', '2025-07-11 20:00:00');
INSERT INTO Schedule (scheduleID, doctorID, date, startTime, endTime) VALUES ('SC0052', 'ST0004', '2025-07-11', '2025-07-11 08:00:00', '2025-07-11 20:00:00');
INSERT INTO Schedule (scheduleID, doctorID, date, startTime, endTime) VALUES ('SC0053', 'ST0006', '2025-07-11', '2025-07-11 08:00:00', '2025-07-11 20:00:00');
INSERT INTO Schedule (scheduleID, doctorID, date, startTime, endTime) VALUES ('SC0054', 'ST0008', '2025-07-11', '2025-07-11 08:00:00', '2025-07-11 20:00:00');
INSERT INTO Schedule (scheduleID, doctorID, date, startTime, endTime) VALUES ('SC0055', 'ST0009', '2025-07-11', '2025-07-11 08:00:00', '2025-07-11 20:00:00');
INSERT INTO Schedule (scheduleID, doctorID, date, startTime, endTime) VALUES ('SC0056', 'ST0001', '2025-07-12', '2025-07-12 08:00:00', '2025-07-12 20:00:00');
INSERT INTO Schedule (scheduleID, doctorID, date, startTime, endTime) VALUES ('SC0057', 'ST0004', '2025-07-12', '2025-07-12 08:00:00', '2025-07-12 20:00:00');
INSERT INTO Schedule (scheduleID, doctorID, date, startTime, endTime) VALUES ('SC0058', 'ST0006', '2025-07-12', '2025-07-12 08:00:00', '2025-07-12 20:00:00');
INSERT INTO Schedule (scheduleID, doctorID, date, startTime, endTime) VALUES ('SC0059', 'ST0008', '2025-07-12', '2025-07-12 08:00:00', '2025-07-12 20:00:00');
INSERT INTO Schedule (scheduleID, doctorID, date, startTime, endTime) VALUES ('SC0060', 'ST0009', '2025-07-12', '2025-07-12 08:00:00', '2025-07-12 20:00:00');
INSERT INTO Schedule (scheduleID, doctorID, date, startTime, endTime) VALUES ('SC0061', 'ST0001', '2025-07-13', '2025-07-13 08:00:00', '2025-07-13 20:00:00');
INSERT INTO Schedule (scheduleID, doctorID, date, startTime, endTime) VALUES ('SC0062', 'ST0004', '2025-07-13', '2025-07-13 08:00:00', '2025-07-13 20:00:00');
INSERT INTO Schedule (scheduleID, doctorID, date, startTime, endTime) VALUES ('SC0063', 'ST0006', '2025-07-13', '2025-07-13 08:00:00', '2025-07-13 20:00:00');
INSERT INTO Schedule (scheduleID, doctorID, date, startTime, endTime) VALUES ('SC0064', 'ST0008', '2025-07-13', '2025-07-13 08:00:00', '2025-07-13 20:00:00');
INSERT INTO Schedule (scheduleID, doctorID, date, startTime, endTime) VALUES ('SC0065', 'ST0009', '2025-07-13', '2025-07-13 08:00:00', '2025-07-13 20:00:00');
INSERT INTO Schedule (scheduleID, doctorID, date, startTime, endTime) VALUES ('SC0066', 'ST0001', '2025-07-14', '2025-07-14 08:00:00', '2025-07-14 20:00:00');
INSERT INTO Schedule (scheduleID, doctorID, date, startTime, endTime) VALUES ('SC0067', 'ST0004', '2025-07-14', '2025-07-14 08:00:00', '2025-07-14 20:00:00');
INSERT INTO Schedule (scheduleID, doctorID, date, startTime, endTime) VALUES ('SC0068', 'ST0006', '2025-07-14', '2025-07-14 08:00:00', '2025-07-14 20:00:00');
INSERT INTO Schedule (scheduleID, doctorID, date, startTime, endTime) VALUES ('SC0069', 'ST0008', '2025-07-14', '2025-07-14 08:00:00', '2025-07-14 20:00:00');
INSERT INTO Schedule (scheduleID, doctorID, date, startTime, endTime) VALUES ('SC0070', 'ST0009', '2025-07-14', '2025-07-14 08:00:00', '2025-07-14 20:00:00');
INSERT INTO Schedule (scheduleID, doctorID, date, startTime, endTime) VALUES ('SC0071', 'ST0001', '2025-07-15', '2025-07-15 08:00:00', '2025-07-15 20:00:00');
INSERT INTO Schedule (scheduleID, doctorID, date, startTime, endTime) VALUES ('SC0072', 'ST0004', '2025-07-15', '2025-07-15 08:00:00', '2025-07-15 20:00:00');
INSERT INTO Schedule (scheduleID, doctorID, date, startTime, endTime) VALUES ('SC0073', 'ST0006', '2025-07-15', '2025-07-15 08:00:00', '2025-07-15 20:00:00');
INSERT INTO Schedule (scheduleID, doctorID, date, startTime, endTime) VALUES ('SC0074', 'ST0008', '2025-07-15', '2025-07-15 08:00:00', '2025-07-15 20:00:00');
INSERT INTO Schedule (scheduleID, doctorID, date, startTime, endTime) VALUES ('SC0075', 'ST0009', '2025-07-15', '2025-07-15 08:00:00', '2025-07-15 20:00:00');
INSERT INTO Schedule (scheduleID, doctorID, date, startTime, endTime) VALUES ('SC0076', 'ST0001', '2025-07-16', '2025-07-16 08:00:00', '2025-07-16 20:00:00');
INSERT INTO Schedule (scheduleID, doctorID, date, startTime, endTime) VALUES ('SC0077', 'ST0004', '2025-07-16', '2025-07-16 08:00:00', '2025-07-16 20:00:00');
INSERT INTO Schedule (scheduleID, doctorID, date, startTime, endTime) VALUES ('SC0078', 'ST0006', '2025-07-16', '2025-07-16 08:00:00', '2025-07-16 20:00:00');
INSERT INTO Schedule (scheduleID, doctorID, date, startTime, endTime) VALUES ('SC0079', 'ST0008', '2025-07-16', '2025-07-16 08:00:00', '2025-07-16 20:00:00');
INSERT INTO Schedule (scheduleID, doctorID, date, startTime, endTime) VALUES ('SC0080', 'ST0009', '2025-07-16', '2025-07-16 08:00:00', '2025-07-16 20:00:00');
INSERT INTO Schedule (scheduleID, doctorID, date, startTime, endTime) VALUES ('SC0081', 'ST0001', '2025-07-17', '2025-07-17 08:00:00', '2025-07-17 20:00:00');
INSERT INTO Schedule (scheduleID, doctorID, date, startTime, endTime) VALUES ('SC0082', 'ST0004', '2025-07-17', '2025-07-17 08:00:00', '2025-07-17 20:00:00');
INSERT INTO Schedule (scheduleID, doctorID, date, startTime, endTime) VALUES ('SC0083', 'ST0006', '2025-07-17', '2025-07-17 08:00:00', '2025-07-17 20:00:00');
INSERT INTO Schedule (scheduleID, doctorID, date, startTime, endTime) VALUES ('SC0084', 'ST0008', '2025-07-17', '2025-07-17 08:00:00', '2025-07-17 20:00:00');
INSERT INTO Schedule (scheduleID, doctorID, date, startTime, endTime) VALUES ('SC0085', 'ST0009', '2025-07-17', '2025-07-17 08:00:00', '2025-07-17 20:00:00');
INSERT INTO Schedule (scheduleID, doctorID, date, startTime, endTime) VALUES ('SC0086', 'ST0001', '2025-07-18', '2025-07-18 08:00:00', '2025-07-18 20:00:00');
INSERT INTO Schedule (scheduleID, doctorID, date, startTime, endTime) VALUES ('SC0087', 'ST0004', '2025-07-18', '2025-07-18 08:00:00', '2025-07-18 20:00:00');
INSERT INTO Schedule (scheduleID, doctorID, date, startTime, endTime) VALUES ('SC0088', 'ST0006', '2025-07-18', '2025-07-18 08:00:00', '2025-07-18 20:00:00');
INSERT INTO Schedule (scheduleID, doctorID, date, startTime, endTime) VALUES ('SC0089', 'ST0008', '2025-07-18', '2025-07-18 08:00:00', '2025-07-18 20:00:00');
INSERT INTO Schedule (scheduleID, doctorID, date, startTime, endTime) VALUES ('SC0090', 'ST0009', '2025-07-18', '2025-07-18 08:00:00', '2025-07-18 20:00:00');
INSERT INTO Schedule (scheduleID, doctorID, date, startTime, endTime) VALUES ('SC0091', 'ST0001', '2025-07-19', '2025-07-19 08:00:00', '2025-07-19 20:00:00');
INSERT INTO Schedule (scheduleID, doctorID, date, startTime, endTime) VALUES ('SC0092', 'ST0004', '2025-07-19', '2025-07-19 08:00:00', '2025-07-19 20:00:00');
INSERT INTO Schedule (scheduleID, doctorID, date, startTime, endTime) VALUES ('SC0093', 'ST0006', '2025-07-19', '2025-07-19 08:00:00', '2025-07-19 20:00:00');
INSERT INTO Schedule (scheduleID, doctorID, date, startTime, endTime) VALUES ('SC0094', 'ST0008', '2025-07-19', '2025-07-19 08:00:00', '2025-07-19 20:00:00');
INSERT INTO Schedule (scheduleID, doctorID, date, startTime, endTime) VALUES ('SC0095', 'ST0009', '2025-07-19', '2025-07-19 08:00:00', '2025-07-19 20:00:00');
INSERT INTO Schedule (scheduleID, doctorID, date, startTime, endTime) VALUES ('SC0096', 'ST0001', '2025-07-20', '2025-07-20 08:00:00', '2025-07-20 20:00:00');
INSERT INTO Schedule (scheduleID, doctorID, date, startTime, endTime) VALUES ('SC0097', 'ST0004', '2025-07-20', '2025-07-20 08:00:00', '2025-07-20 20:00:00');
INSERT INTO Schedule (scheduleID, doctorID, date, startTime, endTime) VALUES ('SC0098', 'ST0006', '2025-07-20', '2025-07-20 08:00:00', '2025-07-20 20:00:00');
INSERT INTO Schedule (scheduleID, doctorID, date, startTime, endTime) VALUES ('SC0099', 'ST0008', '2025-07-20', '2025-07-20 08:00:00', '2025-07-20 20:00:00');
INSERT INTO Schedule (scheduleID, doctorID, date, startTime, endTime) VALUES ('SC0100', 'ST0009', '2025-07-20', '2025-07-20 08:00:00', '2025-07-20 20:00:00');
INSERT INTO Schedule (scheduleID, doctorID, date, startTime, endTime) VALUES ('SC0101', 'ST0001', '2025-07-21', '2025-07-21 08:00:00', '2025-07-21 20:00:00');
INSERT INTO Schedule (scheduleID, doctorID, date, startTime, endTime) VALUES ('SC0102', 'ST0004', '2025-07-21', '2025-07-21 08:00:00', '2025-07-21 20:00:00');
INSERT INTO Schedule (scheduleID, doctorID, date, startTime, endTime) VALUES ('SC0103', 'ST0006', '2025-07-21', '2025-07-21 08:00:00', '2025-07-21 20:00:00');
INSERT INTO Schedule (scheduleID, doctorID, date, startTime, endTime) VALUES ('SC0104', 'ST0008', '2025-07-21', '2025-07-21 08:00:00', '2025-07-21 20:00:00');
INSERT INTO Schedule (scheduleID, doctorID, date, startTime, endTime) VALUES ('SC0105', 'ST0009', '2025-07-21', '2025-07-21 08:00:00', '2025-07-21 20:00:00');
INSERT INTO Schedule (scheduleID, doctorID, date, startTime, endTime) VALUES ('SC0106', 'ST0001', '2025-07-22', '2025-07-22 08:00:00', '2025-07-22 20:00:00');
INSERT INTO Schedule (scheduleID, doctorID, date, startTime, endTime) VALUES ('SC0107', 'ST0004', '2025-07-22', '2025-07-22 08:00:00', '2025-07-22 20:00:00');
INSERT INTO Schedule (scheduleID, doctorID, date, startTime, endTime) VALUES ('SC0108', 'ST0006', '2025-07-22', '2025-07-22 08:00:00', '2025-07-22 20:00:00');
INSERT INTO Schedule (scheduleID, doctorID, date, startTime, endTime) VALUES ('SC0109', 'ST0008', '2025-07-22', '2025-07-22 08:00:00', '2025-07-22 20:00:00');
INSERT INTO Schedule (scheduleID, doctorID, date, startTime, endTime) VALUES ('SC0110', 'ST0009', '2025-07-22', '2025-07-22 08:00:00', '2025-07-22 20:00:00');
INSERT INTO Schedule (scheduleID, doctorID, date, startTime, endTime) VALUES ('SC0111', 'ST0001', '2025-07-23', '2025-07-23 08:00:00', '2025-07-23 20:00:00');
INSERT INTO Schedule (scheduleID, doctorID, date, startTime, endTime) VALUES ('SC0112', 'ST0004', '2025-07-23', '2025-07-23 08:00:00', '2025-07-23 20:00:00');
INSERT INTO Schedule (scheduleID, doctorID, date, startTime, endTime) VALUES ('SC0113', 'ST0006', '2025-07-23', '2025-07-23 08:00:00', '2025-07-23 20:00:00');
INSERT INTO Schedule (scheduleID, doctorID, date, startTime, endTime) VALUES ('SC0114', 'ST0008', '2025-07-23', '2025-07-23 08:00:00', '2025-07-23 20:00:00');
INSERT INTO Schedule (scheduleID, doctorID, date, startTime, endTime) VALUES ('SC0115', 'ST0009', '2025-07-23', '2025-07-23 08:00:00', '2025-07-23 20:00:00');
INSERT INTO Schedule (scheduleID, doctorID, date, startTime, endTime) VALUES ('SC0116', 'ST0001', '2025-07-24', '2025-07-24 08:00:00', '2025-07-24 20:00:00');
INSERT INTO Schedule (scheduleID, doctorID, date, startTime, endTime) VALUES ('SC0117', 'ST0004', '2025-07-24', '2025-07-24 08:00:00', '2025-07-24 20:00:00');
INSERT INTO Schedule (scheduleID, doctorID, date, startTime, endTime) VALUES ('SC0118', 'ST0006', '2025-07-24', '2025-07-24 08:00:00', '2025-07-24 20:00:00');
INSERT INTO Schedule (scheduleID, doctorID, date, startTime, endTime) VALUES ('SC0119', 'ST0008', '2025-07-24', '2025-07-24 08:00:00', '2025-07-24 20:00:00');
INSERT INTO Schedule (scheduleID, doctorID, date, startTime, endTime) VALUES ('SC0120', 'ST0009', '2025-07-24', '2025-07-24 08:00:00', '2025-07-24 20:00:00');
INSERT INTO Schedule (scheduleID, doctorID, date, startTime, endTime) VALUES ('SC0121', 'ST0001', '2025-07-25', '2025-07-25 08:00:00', '2025-07-25 20:00:00');
INSERT INTO Schedule (scheduleID, doctorID, date, startTime, endTime) VALUES ('SC0122', 'ST0004', '2025-07-25', '2025-07-25 08:00:00', '2025-07-25 20:00:00');
INSERT INTO Schedule (scheduleID, doctorID, date, startTime, endTime) VALUES ('SC0123', 'ST0006', '2025-07-25', '2025-07-25 08:00:00', '2025-07-25 20:00:00');
INSERT INTO Schedule (scheduleID, doctorID, date, startTime, endTime) VALUES ('SC0124', 'ST0008', '2025-07-25', '2025-07-25 08:00:00', '2025-07-25 20:00:00');
INSERT INTO Schedule (scheduleID, doctorID, date, startTime, endTime) VALUES ('SC0125', 'ST0009', '2025-07-25', '2025-07-25 08:00:00', '2025-07-25 20:00:00');
INSERT INTO Schedule (scheduleID, doctorID, date, startTime, endTime) VALUES ('SC0126', 'ST0001', '2025-07-26', '2025-07-26 08:00:00', '2025-07-26 20:00:00');
INSERT INTO Schedule (scheduleID, doctorID, date, startTime, endTime) VALUES ('SC0127', 'ST0004', '2025-07-26', '2025-07-26 08:00:00', '2025-07-26 20:00:00');
INSERT INTO Schedule (scheduleID, doctorID, date, startTime, endTime) VALUES ('SC0128', 'ST0006', '2025-07-26', '2025-07-26 08:00:00', '2025-07-26 20:00:00');
INSERT INTO Schedule (scheduleID, doctorID, date, startTime, endTime) VALUES ('SC0129', 'ST0008', '2025-07-26', '2025-07-26 08:00:00', '2025-07-26 20:00:00');
INSERT INTO Schedule (scheduleID, doctorID, date, startTime, endTime) VALUES ('SC0130', 'ST0009', '2025-07-26', '2025-07-26 08:00:00', '2025-07-26 20:00:00');
INSERT INTO Schedule (scheduleID, doctorID, date, startTime, endTime) VALUES ('SC0131', 'ST0001', '2025-07-27', '2025-07-27 08:00:00', '2025-07-27 20:00:00');
INSERT INTO Schedule (scheduleID, doctorID, date, startTime, endTime) VALUES ('SC0132', 'ST0004', '2025-07-27', '2025-07-27 08:00:00', '2025-07-27 20:00:00');
INSERT INTO Schedule (scheduleID, doctorID, date, startTime, endTime) VALUES ('SC0133', 'ST0006', '2025-07-27', '2025-07-27 08:00:00', '2025-07-27 20:00:00');
INSERT INTO Schedule (scheduleID, doctorID, date, startTime, endTime) VALUES ('SC0134', 'ST0008', '2025-07-27', '2025-07-27 08:00:00', '2025-07-27 20:00:00');
INSERT INTO Schedule (scheduleID, doctorID, date, startTime, endTime) VALUES ('SC0135', 'ST0009', '2025-07-27', '2025-07-27 08:00:00', '2025-07-27 20:00:00');
INSERT INTO Schedule (scheduleID, doctorID, date, startTime, endTime) VALUES ('SC0136', 'ST0001', '2025-07-28', '2025-07-28 08:00:00', '2025-07-28 20:00:00');
INSERT INTO Schedule (scheduleID, doctorID, date, startTime, endTime) VALUES ('SC0137', 'ST0004', '2025-07-28', '2025-07-28 08:00:00', '2025-07-28 20:00:00');
INSERT INTO Schedule (scheduleID, doctorID, date, startTime, endTime) VALUES ('SC0138', 'ST0006', '2025-07-28', '2025-07-28 08:00:00', '2025-07-28 20:00:00');
INSERT INTO Schedule (scheduleID, doctorID, date, startTime, endTime) VALUES ('SC0139', 'ST0008', '2025-07-28', '2025-07-28 08:00:00', '2025-07-28 20:00:00');
INSERT INTO Schedule (scheduleID, doctorID, date, startTime, endTime) VALUES ('SC0140', 'ST0009', '2025-07-28', '2025-07-28 08:00:00', '2025-07-28 20:00:00');
INSERT INTO Schedule (scheduleID, doctorID, date, startTime, endTime) VALUES ('SC0141', 'ST0001', '2025-07-29', '2025-07-29 08:00:00', '2025-07-29 20:00:00');
INSERT INTO Schedule (scheduleID, doctorID, date, startTime, endTime) VALUES ('SC0142', 'ST0004', '2025-07-29', '2025-07-29 08:00:00', '2025-07-29 20:00:00');
INSERT INTO Schedule (scheduleID, doctorID, date, startTime, endTime) VALUES ('SC0143', 'ST0006', '2025-07-29', '2025-07-29 08:00:00', '2025-07-29 20:00:00');
INSERT INTO Schedule (scheduleID, doctorID, date, startTime, endTime) VALUES ('SC0144', 'ST0008', '2025-07-29', '2025-07-29 08:00:00', '2025-07-29 20:00:00');
INSERT INTO Schedule (scheduleID, doctorID, date, startTime, endTime) VALUES ('SC0145', 'ST0009', '2025-07-29', '2025-07-29 08:00:00', '2025-07-29 20:00:00');
INSERT INTO Schedule (scheduleID, doctorID, date, startTime, endTime) VALUES ('SC0146', 'ST0001', '2025-07-30', '2025-07-30 08:00:00', '2025-07-30 20:00:00');
INSERT INTO Schedule (scheduleID, doctorID, date, startTime, endTime) VALUES ('SC0147', 'ST0004', '2025-07-30', '2025-07-30 08:00:00', '2025-07-30 20:00:00');
INSERT INTO Schedule (scheduleID, doctorID, date, startTime, endTime) VALUES ('SC0148', 'ST0006', '2025-07-30', '2025-07-30 08:00:00', '2025-07-30 20:00:00');
INSERT INTO Schedule (scheduleID, doctorID, date, startTime, endTime) VALUES ('SC0149', 'ST0008', '2025-07-30', '2025-07-30 08:00:00', '2025-07-30 20:00:00');
INSERT INTO Schedule (scheduleID, doctorID, date, startTime, endTime) VALUES ('SC0150', 'ST0009', '2025-07-30', '2025-07-30 08:00:00', '2025-07-30 20:00:00');
INSERT INTO Schedule (scheduleID, doctorID, date, startTime, endTime) VALUES ('SC0151', 'ST0001', '2025-07-31', '2025-07-31 08:00:00', '2025-07-31 20:00:00');
INSERT INTO Schedule (scheduleID, doctorID, date, startTime, endTime) VALUES ('SC0152', 'ST0004', '2025-07-31', '2025-07-31 08:00:00', '2025-07-31 20:00:00');
INSERT INTO Schedule (scheduleID, doctorID, date, startTime, endTime) VALUES ('SC0153', 'ST0006', '2025-07-31', '2025-07-31 08:00:00', '2025-07-31 20:00:00');
INSERT INTO Schedule (scheduleID, doctorID, date, startTime, endTime) VALUES ('SC0154', 'ST0008', '2025-07-31', '2025-07-31 08:00:00', '2025-07-31 20:00:00');
INSERT INTO Schedule (scheduleID, doctorID, date, startTime, endTime) VALUES ('SC0155', 'ST0009', '2025-07-31', '2025-07-31 08:00:00', '2025-07-31 20:00:00');
INSERT INTO Supplier (supplierId, supplierName, contactPerson, phoneNumber, email, address, bankName, accountNumber) VALUES ('SU0001', 'Martinez, Cunningham and Henry', 'Brian Guzman MD', '619.436.4542x557', 'jdunn@example.net', '2498 Susan Cape Suite 556, Brandonshire, MD 59841', 'Maybank', 'XAUM85543711707003');
INSERT INTO Supplier (supplierId, supplierName, contactPerson, phoneNumber, email, address, bankName, accountNumber) VALUES ('SU0002', 'Roberts Ltd', 'Nathan Palmer', '+1-631-498-0830x5230', 'russellmary@example.net', '615 Brown Place, Brookeberg, NY 22877', 'OCBC', 'FUQH01889227834602');
INSERT INTO Supplier (supplierId, supplierName, contactPerson, phoneNumber, email, address, bankName, accountNumber) VALUES ('SU0003', 'Smith-Ward', 'Jessica Collins', '522-434-2437x32523', 'stephanie97@example.org', '70087 Lawrence Branch, Chasetown, MT 32837', 'Bank of America', 'DNFE86057879917723');
INSERT INTO Supplier (supplierId, supplierName, contactPerson, phoneNumber, email, address, bankName, accountNumber) VALUES ('SU0004', 'Rice, Hatfield and Pena', 'Joshua Bradley', '001-613-612-2512', 'gregoryluna@example.org', '7592 Ellis Dale, North Ashleyberg, WV 36844', 'HSBC', 'PZBF71105906439970');
INSERT INTO Supplier (supplierId, supplierName, contactPerson, phoneNumber, email, address, bankName, accountNumber) VALUES ('SU0005', 'Wade Ltd', 'Gregory Estrada', '001-219-539-8755x366', 'elizabeth61@example.com', '368 Cynthia Hollow, Ryanshire, MS 56714', 'HSBC', 'GWCZ49379928165171');
INSERT INTO Orders (ordersID, medicineID, supplierID, staffID, orderDate, orderStatus, unitPrice, quantity, totalAmount, expiryDate, stock) VALUES ('OR0001', 'ME0005', 'SU0006', 'ST0003', '2025-07-15', 'Shipped', 87.17, 76, 6624.92, '2026-06-30', 76);
INSERT INTO Orders (ordersID, medicineID, supplierID, staffID, orderDate, orderStatus, unitPrice, quantity, totalAmount, expiryDate, stock) VALUES ('OR0002', 'ME0012', 'SU0011', 'ST0010', '2025-02-10', 'Pending', 61.69, 55, 3392.95, '2026-03-03', 55);
INSERT INTO Orders (ordersID, medicineID, supplierID, staffID, orderDate, orderStatus, unitPrice, quantity, totalAmount, expiryDate, stock) VALUES ('OR0003', 'ME0002', 'SU0012', 'ST0003', '2025-05-28', 'Delivered', 30.5, 81, 2470.5, '2025-10-17', 81);
INSERT INTO Orders (ordersID, medicineID, supplierID, staffID, orderDate, orderStatus, unitPrice, quantity, totalAmount, expiryDate, stock) VALUES ('OR0004', 'ME0004', 'SU0015', 'ST0005', '2024-10-22', 'Cancelled', 21.6, 59, 1274.4, '2025-01-22', 59);
INSERT INTO Orders (ordersID, medicineID, supplierID, staffID, orderDate, orderStatus, unitPrice, quantity, totalAmount, expiryDate, stock) VALUES ('OR0005', 'ME0010', 'SU0020', 'ST0008', '2025-05-22', 'Delivered', 54.66, 37, 2022.42, '2025-09-10', 37);
INSERT INTO Orders (ordersID, medicineID, supplierID, staffID, orderDate, orderStatus, unitPrice, quantity, totalAmount, expiryDate, stock) VALUES ('OR0006', 'ME0013', 'SU0011', 'ST0003', '2024-12-21', 'Pending', 33.02, 10, 330.2, '2025-09-25', 10);
INSERT INTO Orders (ordersID, medicineID, supplierID, staffID, orderDate, orderStatus, unitPrice, quantity, totalAmount, expiryDate, stock) VALUES ('OR0007', 'ME0005', 'SU0005', 'ST0007', '2024-10-13', 'Cancelled', 64.81, 71, 4601.51, '2026-02-13', 71);
INSERT INTO Orders (ordersID, medicineID, supplierID, staffID, orderDate, orderStatus, unitPrice, quantity, totalAmount, expiryDate, stock) VALUES ('OR0008', 'ME0013', 'SU0016', 'ST0001', '2024-11-19', 'Delivered', 99.13, 17, 1685.21, '2026-07-19', 17);
INSERT INTO Orders (ordersID, medicineID, supplierID, staffID, orderDate, orderStatus, unitPrice, quantity, totalAmount, expiryDate, stock) VALUES ('OR0009', 'ME0004', 'SU0009', 'ST0006', '2024-12-31', 'Pending', 18.0, 51, 918.0, '2025-02-02', 51);
INSERT INTO Orders (ordersID, medicineID, supplierID, staffID, orderDate, orderStatus, unitPrice, quantity, totalAmount, expiryDate, stock) VALUES ('OR0010', 'ME0006', 'SU0001', 'ST0001', '2025-03-22', 'Pending', 92.57, 87, 8053.59, '2025-05-18', 87);
INSERT INTO Orders (ordersID, medicineID, supplierID, staffID, orderDate, orderStatus, unitPrice, quantity, totalAmount, expiryDate, stock) VALUES ('OR0011', 'ME0005', 'SU0002', 'ST0002', '2025-01-16', 'Pending', 31.77, 49, 1556.73, '2026-06-15', 49);
INSERT INTO Orders (ordersID, medicineID, supplierID, staffID, orderDate, orderStatus, unitPrice, quantity, totalAmount, expiryDate, stock) VALUES ('OR0012', 'ME0013', 'SU0016', 'ST0002', '2025-03-14', 'Cancelled', 11.88, 32, 380.16, '2025-11-15', 32);
INSERT INTO Orders (ordersID, medicineID, supplierID, staffID, orderDate, orderStatus, unitPrice, quantity, totalAmount, expiryDate, stock) VALUES ('OR0013', 'ME0007', 'SU0012', 'ST0010', '2025-07-22', 'Cancelled', 10.09, 53, 534.77, '2026-03-23', 53);
INSERT INTO Orders (ordersID, medicineID, supplierID, staffID, orderDate, orderStatus, unitPrice, quantity, totalAmount, expiryDate, stock) VALUES ('OR0014', 'ME0013', 'SU0014', 'ST0010', '2024-10-06', 'Pending', 75.42, 58, 4374.36, '2025-08-09', 58);
INSERT INTO Orders (ordersID, medicineID, supplierID, staffID, orderDate, orderStatus, unitPrice, quantity, totalAmount, expiryDate, stock) VALUES ('OR0015', 'ME0002', 'SU0015', 'ST0009', '2024-09-05', 'Cancelled', 87.56, 20, 1751.2, '2024-10-18', 20);
INSERT INTO Orders (ordersID, medicineID, supplierID, staffID, orderDate, orderStatus, unitPrice, quantity, totalAmount, expiryDate, stock) VALUES ('OR0016', 'ME0012', 'SU0019', 'ST0008', '2024-10-20', 'Cancelled', 77.0, 48, 3696.0, '2026-04-24', 48);
INSERT INTO Orders (ordersID, medicineID, supplierID, staffID, orderDate, orderStatus, unitPrice, quantity, totalAmount, expiryDate, stock) VALUES ('OR0017', 'ME0001', 'SU0017', 'ST0002', '2025-07-21', 'Shipped', 36.57, 11, 402.27, '2026-04-11', 11);
INSERT INTO Orders (ordersID, medicineID, supplierID, staffID, orderDate, orderStatus, unitPrice, quantity, totalAmount, expiryDate, stock) VALUES ('OR0018', 'ME0008', 'SU0014', 'ST0009', '2025-03-05', 'Pending', 67.27, 78, 5247.06, '2025-04-17', 78);
INSERT INTO Orders (ordersID, medicineID, supplierID, staffID, orderDate, orderStatus, unitPrice, quantity, totalAmount, expiryDate, stock) VALUES ('OR0019', 'ME0008', 'SU0008', 'ST0005', '2025-05-28', 'Pending', 42.74, 86, 3675.64, '2026-05-06', 86);
INSERT INTO Orders (ordersID, medicineID, supplierID, staffID, orderDate, orderStatus, unitPrice, quantity, totalAmount, expiryDate, stock) VALUES ('OR0020', 'ME0008', 'SU0009', 'ST0006', '2025-01-06', 'Delivered', 82.89, 35, 2901.15, '2026-03-22', 35);
