INSERT INTO Staff (staffID, firstName, lastName, gender, dateOfBirth, nationality, idType, idNumber, contactNumber, email, address, position, medicalLicenseNumber, password, employmentDate) VALUES ('ST0001', 'Tiffany', 'Adkins', 'Female', '1990-06-15', 'Poland', 'IC', '344-02-3341', '018-9653314', 'kaitlin75@example.org', 'PSC 3812, Box 7831, APO AA 10394', 'Doctor', 'MED734', 'Password123!', '2017-06-29');
INSERT INTO Staff (staffID, firstName, lastName, gender, dateOfBirth, nationality, idType, idNumber, contactNumber, email, address, position, medicalLicenseNumber, password, employmentDate) VALUES ('ST0002', 'Nicole', 'Bailey', 'Male', '1961-11-22', 'Bangladesh', 'IC', '355-45-4945', '018-7791226', 'arnoldsara@example.org', '882 Lee Field Apt. 266, Jessicaton, DE 98386', 'Admin', '', 'Password123!', '2021-09-16');
INSERT INTO Staff (staffID, firstName, lastName, gender, dateOfBirth, nationality, idType, idNumber, contactNumber, email, address, position, medicalLicenseNumber, password, employmentDate) VALUES ('ST0003', 'Suzanne', 'Miller', 'Male', '1972-07-07', 'El Salvador', 'IC', '603-56-4262', '017-2596504', 'middletonchristian@example.com', 'Unit 5228 Box 4947, DPO AA 12356', 'Doctor', 'MED523', 'Password123!', '2020-08-08');
INSERT INTO Staff (staffID, firstName, lastName, gender, dateOfBirth, nationality, idType, idNumber, contactNumber, email, address, position, medicalLicenseNumber, password, employmentDate) VALUES ('ST0004', 'Michael', 'Fisher', 'Male', '1965-02-20', 'Solomon Islands', 'Passport', '214-29-3936', '019-4516498', 'rossshawn@example.com', '16111 Robert Shore, East Jacob, KY 02327', 'Doctor', 'MED144', 'Password123!', '2020-05-27');
INSERT INTO Staff (staffID, firstName, lastName, gender, dateOfBirth, nationality, idType, idNumber, contactNumber, email, address, position, medicalLicenseNumber, password, employmentDate) VALUES ('ST0005', 'Wayne', 'Barnett', 'Male', '1993-07-12', 'Romania', 'IC', '337-05-9650', '014-6262239', 'amorris@example.com', '37850 Justin Radial Apt. 323, Charlesport, HI 96442', 'Admin', '', 'Password123!', '2020-11-03');
INSERT INTO Staff (staffID, firstName, lastName, gender, dateOfBirth, nationality, idType, idNumber, contactNumber, email, address, position, medicalLicenseNumber, password, employmentDate) VALUES ('ST0006', 'Carlos', 'Lewis', 'Female', '1996-04-07', 'Australia', 'IC', '125-95-0064', '013-7929666', 'brownjanet@example.org', '214 Hodge Estate, North Vanessa, OR 11780', 'Doctor', 'MED938', 'Password123!', '2015-10-03');
INSERT INTO Staff (staffID, firstName, lastName, gender, dateOfBirth, nationality, idType, idNumber, contactNumber, email, address, position, medicalLicenseNumber, password, employmentDate) VALUES ('ST0007', 'Randy', 'Medina', 'Male', '1982-06-09', 'Bolivia', 'IC', '650-03-2546', '019-7009253', 'walterrodgers@example.org', '845 Nash Mountains, North Rachaelchester, MS 05246', 'Admin', '', 'Password123!', '2020-07-13');
INSERT INTO Staff (staffID, firstName, lastName, gender, dateOfBirth, nationality, idType, idNumber, contactNumber, email, address, position, medicalLicenseNumber, password, employmentDate) VALUES ('ST0008', 'Michael', 'Robles', 'Female', '2003-03-11', 'Bouvet Island (Bouvetoya)', 'Passport', '173-37-5676', '018-7243972', 'amy92@example.com', '2611 Matthew Square, North Shannon, RI 62310', 'Admin', '', 'Password123!', '2020-02-12');
INSERT INTO Staff (staffID, firstName, lastName, gender, dateOfBirth, nationality, idType, idNumber, contactNumber, email, address, position, medicalLicenseNumber, password, employmentDate) VALUES ('ST0009', 'Matthew', 'Benson', 'Male', '1991-05-01', 'Ukraine', 'Passport', '225-24-0147', '017-3601468', 'kevindelgado@example.com', '4873 Ortiz Pines Suite 971, Connieside, PR 53734', 'Doctor', 'MED361', 'Password123!', '2025-02-21');
INSERT INTO Staff (staffID, firstName, lastName, gender, dateOfBirth, nationality, idType, idNumber, contactNumber, email, address, position, medicalLicenseNumber, password, employmentDate) VALUES ('ST0010', 'Barbara', 'Gibbs', 'Female', '1967-02-20', 'Belgium', 'Passport', '024-91-5293', '016-7672815', 'adavenport@example.com', '6656 Kathleen Flats, East Michelleburgh, OR 35439', 'Doctor', 'MED950', 'Password123!', '2022-06-14');
INSERT INTO Patient (patientID, firstName, lastName, gender, dateOfBirth, age, nationality, idType, idNumber, studentId, contactNumber, email, address, emergencyContactName, emergencyContactNumber, allergies, bloodType, password) VALUES ('PA0001', 'Catherine', 'Bryant', 'Female', '2000-12-26', 24, 'Svalbard & Jan Mayen Islands', 'Passport', '887-77-2011', 'S04427', '017-9410819', 'donnawhite@example.net', '77456 Mary Fork, East Elizabethstad, Malaysia', 'Jessica King', '017-9418285', 'Peanuts', 'B+', '5#2hlHzt');
INSERT INTO Patient (patientID, firstName, lastName, gender, dateOfBirth, age, nationality, idType, idNumber, studentId, contactNumber, email, address, emergencyContactName, emergencyContactNumber, allergies, bloodType, password) VALUES ('PA0002', 'Gary', 'Clark', 'Female', '1980-09-02', 44, 'Taiwan', 'Passport', '861-37-6172', 'S05333', '010-2688218', 'pacosta@example.com', '29674 Reilly Freeway, Steinberg, Malaysia', 'Amanda Thomas', '011-1282481', 'Penicillin', 'B+', 'o#c9XHrj');
INSERT INTO Patient (patientID, firstName, lastName, gender, dateOfBirth, age, nationality, idType, idNumber, studentId, contactNumber, email, address, emergencyContactName, emergencyContactNumber, allergies, bloodType, password) VALUES ('PA0003', 'James', 'Wallace', 'Male', '2004-11-05', 20, 'Thailand', 'IC', '279-61-4779', 'S03161', '019-2401027', 'matthew39@example.net', '829 Cassandra Forks, New Kyle, Malaysia', 'Janet Foster', '010-9698293', 'None', 'AB+', ')!7f4Qyc');
INSERT INTO Patient (patientID, firstName, lastName, gender, dateOfBirth, age, nationality, idType, idNumber, studentId, contactNumber, email, address, emergencyContactName, emergencyContactNumber, allergies, bloodType, password) VALUES ('PA0004', 'Samantha', 'Conley', 'Male', '2006-04-05', 19, 'Honduras', 'Passport', '614-15-9990', 'S00251', '012-2646829', 'porterrebecca@example.org', '805 Wyatt Port, South Michellemouth, Malaysia', 'Katherine Harris', '011-2045244', 'Penicillin', 'AB+', ')(N28I(e');
INSERT INTO Patient (patientID, firstName, lastName, gender, dateOfBirth, age, nationality, idType, idNumber, studentId, contactNumber, email, address, emergencyContactName, emergencyContactNumber, allergies, bloodType, password) VALUES ('PA0005', 'Jennifer', 'Finley', 'Male', '1996-09-01', 28, 'Christmas Island', 'IC', '327-72-7219', 'S08184', '013-6936941', 'jasminebaker@example.net', '176 Warren Streets Suite 287, Wagnerberg, Malaysia', 'Gregg Morgan', '019-2241767', 'Latex', 'B-', '&60(suHs');
INSERT INTO Patient (patientID, firstName, lastName, gender, dateOfBirth, age, nationality, idType, idNumber, studentId, contactNumber, email, address, emergencyContactName, emergencyContactNumber, allergies, bloodType, password) VALUES ('PA0006', 'Peter', 'Chavez', 'Female', '1987-04-01', 38, 'Thailand', 'Passport', '627-45-7684', 'S00303', '018-7403006', 'mreynolds@example.com', '461 Brandon Vista Suite 630, Nicholastown, Malaysia', 'Michael Rhodes', '018-3344751', 'Latex', 'AB+', '$*6Poh6c');
INSERT INTO Patient (patientID, firstName, lastName, gender, dateOfBirth, age, nationality, idType, idNumber, studentId, contactNumber, email, address, emergencyContactName, emergencyContactNumber, allergies, bloodType, password) VALUES ('PA0007', 'Cynthia', 'Cummings', 'Male', '1989-08-07', 36, 'United Arab Emirates', 'Passport', '856-90-0612', 'S05635', '010-7762226', 'melissarobinson@example.com', '44528 Cynthia Brooks, East Alexanderborough, Malaysia', 'James Huber', '017-7730142', 'Penicillin', 'O-', 'n(7Z!RFb');
INSERT INTO Patient (patientID, firstName, lastName, gender, dateOfBirth, age, nationality, idType, idNumber, studentId, contactNumber, email, address, emergencyContactName, emergencyContactNumber, allergies, bloodType, password) VALUES ('PA0008', 'Shannon', 'Nguyen', 'Female', '1989-09-10', 35, 'Cote d''Ivoire', 'Passport', '432-27-8526', 'S05289', '016-3051082', 'meghanalvarado@example.com', '1380 Barry Knolls Suite 939, Lake Juan, Malaysia', 'Steven Vasquez', '013-9779620', 'Pollen', 'A-', '@4QZJWGx');
INSERT INTO Patient (patientID, firstName, lastName, gender, dateOfBirth, age, nationality, idType, idNumber, studentId, contactNumber, email, address, emergencyContactName, emergencyContactNumber, allergies, bloodType, password) VALUES ('PA0009', 'Cassandra', 'Montoya', 'Female', '1977-05-20', 48, 'Costa Rica', 'IC', '431-21-6291', 'S01724', '016-9160335', 'joneskayla@example.com', '0312 Anna Stravenue, West Brenda, Malaysia', 'Heather Leach', '016-1871963', 'Penicillin', 'AB-', 't*R2)C8t');
INSERT INTO Patient (patientID, firstName, lastName, gender, dateOfBirth, age, nationality, idType, idNumber, studentId, contactNumber, email, address, emergencyContactName, emergencyContactNumber, allergies, bloodType, password) VALUES ('PA0010', 'Anthony', 'Kerr', 'Female', '2006-02-08', 19, 'Northern Mariana Islands', 'Passport', '050-22-6488', 'S05814', '013-9461503', 'michellebird@example.net', '484 Pamela Plains, North Cindy, Malaysia', 'Lacey Phillips', '013-8128566', 'Penicillin', 'B-', '^t9x9Dec');
INSERT INTO Patient (patientID, firstName, lastName, gender, dateOfBirth, age, nationality, idType, idNumber, studentId, contactNumber, email, address, emergencyContactName, emergencyContactNumber, allergies, bloodType, password) VALUES ('PA0011', 'Selena', 'Nichols', 'Male', '1989-10-07', 35, 'Equatorial Guinea', 'IC', '836-96-7994', 'S01995', '017-2867622', 'kaufmanmargaret@example.com', '867 Cody Branch Suite 467, Andrewside, Malaysia', 'Miranda Gardner', '019-4520536', 'Latex', 'O-', '!n2Pf7ZH');
INSERT INTO Patient (patientID, firstName, lastName, gender, dateOfBirth, age, nationality, idType, idNumber, studentId, contactNumber, email, address, emergencyContactName, emergencyContactNumber, allergies, bloodType, password) VALUES ('PA0012', 'Michelle', 'Farley', 'Male', '1983-08-16', 42, 'Cote d''Ivoire', 'IC', '118-51-9352', 'S03128', '017-4704283', 'ptaylor@example.net', '449 Thomas Canyon Apt. 121, Jeremymouth, Malaysia', 'Kristen Stevens', '019-7993772', 'Pollen', 'A+', 't!0oIS2j');
INSERT INTO Patient (patientID, firstName, lastName, gender, dateOfBirth, age, nationality, idType, idNumber, studentId, contactNumber, email, address, emergencyContactName, emergencyContactNumber, allergies, bloodType, password) VALUES ('PA0013', 'Rebecca', 'Barber', 'Female', '1998-01-06', 27, 'Canada', 'IC', '623-25-4518', 'S00155', '014-9093495', 'panthony@example.net', '9486 Diana Mill Apt. 249, West William, Malaysia', 'Tiffany Freeman', '010-1924559', 'Latex', 'O-', '_9LfRO75');
INSERT INTO Patient (patientID, firstName, lastName, gender, dateOfBirth, age, nationality, idType, idNumber, studentId, contactNumber, email, address, emergencyContactName, emergencyContactNumber, allergies, bloodType, password) VALUES ('PA0014', 'Natasha', 'Morse', 'Male', '1997-05-21', 28, 'Marshall Islands', 'IC', '897-49-8016', 'S07925', '011-1519600', 'natkins@example.com', '681 Ward Motorway Apt. 400, North Lindaburgh, Malaysia', 'Destiny Gonzalez', '016-5400441', 'Peanuts', 'O+', '$(NDl5Ys');
INSERT INTO Patient (patientID, firstName, lastName, gender, dateOfBirth, age, nationality, idType, idNumber, studentId, contactNumber, email, address, emergencyContactName, emergencyContactNumber, allergies, bloodType, password) VALUES ('PA0015', 'William', 'Green', 'Female', '2002-04-21', 23, 'Guam', 'IC', '758-96-5517', 'S07302', '018-4030835', 'taylorjames@example.org', '5669 George Common, East Johnburgh, Malaysia', 'Veronica Mcintosh', '013-3576682', 'None', 'B+', 'D$97Nb4y');
INSERT INTO Patient (patientID, firstName, lastName, gender, dateOfBirth, age, nationality, idType, idNumber, studentId, contactNumber, email, address, emergencyContactName, emergencyContactNumber, allergies, bloodType, password) VALUES ('PA0016', 'Christine', 'Patterson', 'Female', '2004-03-08', 21, 'South Africa', 'IC', '651-50-1163', 'S05310', '019-5602413', 'gomeztodd@example.com', '96527 Weaver Oval, Kimberlyfort, Malaysia', 'Valerie Harper', '013-5090957', 'Pollen', 'AB-', 'Xm&+4zGh');
INSERT INTO Patient (patientID, firstName, lastName, gender, dateOfBirth, age, nationality, idType, idNumber, studentId, contactNumber, email, address, emergencyContactName, emergencyContactNumber, allergies, bloodType, password) VALUES ('PA0017', 'Ryan', 'Jensen', 'Female', '1999-12-16', 25, 'Eritrea', 'IC', '453-15-7244', 'S01036', '017-5851146', 'russellanderson@example.com', '115 Smith Gateway, Rodriguezland, Malaysia', 'Debbie Stokes', '010-7469309', 'Penicillin', 'B+', 'Gr@x9Dbi');
INSERT INTO Patient (patientID, firstName, lastName, gender, dateOfBirth, age, nationality, idType, idNumber, studentId, contactNumber, email, address, emergencyContactName, emergencyContactNumber, allergies, bloodType, password) VALUES ('PA0018', 'Raymond', 'Ramirez', 'Male', '1999-12-04', 25, 'Serbia', 'Passport', '823-09-4581', 'S00881', '018-5833976', 'reeddonna@example.com', '424 Lozano Mission, Fullerton, Malaysia', 'Tina Blackburn', '016-3767856', 'Penicillin', 'B-', '8*)&9Wtw');
INSERT INTO Patient (patientID, firstName, lastName, gender, dateOfBirth, age, nationality, idType, idNumber, studentId, contactNumber, email, address, emergencyContactName, emergencyContactNumber, allergies, bloodType, password) VALUES ('PA0019', 'Danielle', 'Guzman', 'Male', '1985-10-10', 39, 'French Polynesia', 'Passport', '445-76-3501', 'S04254', '010-4897742', 'thomas77@example.com', '57834 Marissa Rapids, South Steve, Malaysia', 'Marissa Koch', '018-9696517', 'Latex', 'B-', '$P63Ybzp');
INSERT INTO Patient (patientID, firstName, lastName, gender, dateOfBirth, age, nationality, idType, idNumber, studentId, contactNumber, email, address, emergencyContactName, emergencyContactNumber, allergies, bloodType, password) VALUES ('PA0020', 'Carla', 'Neal', 'Male', '1995-09-10', 29, 'Timor-Leste', 'IC', '558-37-4323', 'S06864', '013-8132586', 'jacksonmatthew@example.org', '216 Grant Points Apt. 919, North Joe, Malaysia', 'James Brooks', '019-5503612', 'Latex', 'AB+', 'G$H4Jows');
INSERT INTO Appointment (appointmentID, patientID, appointmentTime, status, description) VALUES ('AP0001', 'PA0017', '2025-08-01 12:00:00', 'No show', 'Blood test review');
INSERT INTO Appointment (appointmentID, patientID, appointmentTime, status, description) VALUES ('AP0002', 'PA0015', '2025-08-01 16:00:00', 'No show', 'Prescription refill');
INSERT INTO Appointment (appointmentID, patientID, appointmentTime, status, description) VALUES ('AP0003', 'PA0010', '2025-08-02 15:00:00', 'Cancelled', 'Prescription refill');
INSERT INTO Appointment (appointmentID, patientID, appointmentTime, status, description) VALUES ('AP0004', 'PA0013', '2025-08-02 19:00:00', 'Cancelled', 'Flu symptoms');
INSERT INTO Appointment (appointmentID, patientID, appointmentTime, status, description) VALUES ('AP0005', 'PA0006', '2025-08-03 11:00:00', 'Checked-in', 'Routine check-up');
INSERT INTO Appointment (appointmentID, patientID, appointmentTime, status, description) VALUES ('AP0006', 'PA0015', '2025-08-03 10:30:00', 'No show', 'General consultation');
INSERT INTO Appointment (appointmentID, patientID, appointmentTime, status, description) VALUES ('AP0007', 'PA0007', '2025-08-04 16:30:00', 'Cancelled', 'Prescription refill');
INSERT INTO Appointment (appointmentID, patientID, appointmentTime, status, description) VALUES ('AP0008', 'PA0018', '2025-08-04 11:30:00', 'Cancelled', 'General consultation');
INSERT INTO Appointment (appointmentID, patientID, appointmentTime, status, description) VALUES ('AP0009', 'PA0012', '2025-08-05 11:30:00', 'Checked-in', 'General consultation');
INSERT INTO Appointment (appointmentID, patientID, appointmentTime, status, description) VALUES ('AP0010', 'PA0010', '2025-08-05 08:30:00', 'No show', 'Flu symptoms');
INSERT INTO Appointment (appointmentID, patientID, appointmentTime, status, description) VALUES ('AP0011', 'PA0010', '2025-08-05 13:00:00', 'Cancelled', 'Routine check-up');
INSERT INTO Appointment (appointmentID, patientID, appointmentTime, status, description) VALUES ('AP0012', 'PA0020', '2025-08-05 18:30:00', 'No show', 'Follow-up visit');
INSERT INTO Appointment (appointmentID, patientID, appointmentTime, status, description) VALUES ('AP0013', 'PA0008', '2025-08-06 13:00:00', 'No show', 'Follow-up visit');
INSERT INTO Appointment (appointmentID, patientID, appointmentTime, status, description) VALUES ('AP0014', 'PA0017', '2025-08-06 14:00:00', 'Cancelled', 'Prescription refill');
INSERT INTO Appointment (appointmentID, patientID, appointmentTime, status, description) VALUES ('AP0015', 'PA0012', '2025-08-06 17:00:00', 'Checked-in', 'General consultation');
INSERT INTO Appointment (appointmentID, patientID, appointmentTime, status, description) VALUES ('AP0016', 'PA0011', '2025-08-07 11:00:00', 'No show', 'Blood test review');
INSERT INTO Appointment (appointmentID, patientID, appointmentTime, status, description) VALUES ('AP0017', 'PA0002', '2025-08-07 09:00:00', 'No show', 'General consultation');
INSERT INTO Appointment (appointmentID, patientID, appointmentTime, status, description) VALUES ('AP0018', 'PA0004', '2025-08-08 13:30:00', 'Checked-in', 'Prescription refill');
INSERT INTO Appointment (appointmentID, patientID, appointmentTime, status, description) VALUES ('AP0019', 'PA0014', '2025-08-08 15:00:00', 'No show', 'Routine check-up');
INSERT INTO Appointment (appointmentID, patientID, appointmentTime, status, description) VALUES ('AP0020', 'PA0013', '2025-08-08 19:00:00', 'Cancelled', 'Flu symptoms');
INSERT INTO Appointment (appointmentID, patientID, appointmentTime, status, description) VALUES ('AP0021', 'PA0003', '2025-08-08 15:30:00', 'No show', 'Routine check-up');
INSERT INTO Appointment (appointmentID, patientID, appointmentTime, status, description) VALUES ('AP0022', 'PA0012', '2025-08-09 09:30:00', 'Cancelled', 'Flu symptoms');
INSERT INTO Appointment (appointmentID, patientID, appointmentTime, status, description) VALUES ('AP0023', 'PA0013', '2025-08-09 08:30:00', 'Cancelled', 'Routine check-up');
INSERT INTO Appointment (appointmentID, patientID, appointmentTime, status, description) VALUES ('AP0024', 'PA0005', '2025-08-09 09:00:00', 'Cancelled', 'General consultation');
INSERT INTO Appointment (appointmentID, patientID, appointmentTime, status, description) VALUES ('AP0025', 'PA0006', '2025-08-09 17:00:00', 'Checked-in', 'Flu symptoms');
INSERT INTO Appointment (appointmentID, patientID, appointmentTime, status, description) VALUES ('AP0026', 'PA0014', '2025-08-10 15:30:00', 'Cancelled', 'Blood test review');
INSERT INTO Appointment (appointmentID, patientID, appointmentTime, status, description) VALUES ('AP0027', 'PA0016', '2025-08-10 19:00:00', 'Cancelled', 'General consultation');
INSERT INTO Appointment (appointmentID, patientID, appointmentTime, status, description) VALUES ('AP0028', 'PA0001', '2025-08-11 09:00:00', 'Checked-in', 'Flu symptoms');
INSERT INTO Appointment (appointmentID, patientID, appointmentTime, status, description) VALUES ('AP0029', 'PA0004', '2025-08-11 12:30:00', 'Cancelled', 'General consultation');
INSERT INTO Appointment (appointmentID, patientID, appointmentTime, status, description) VALUES ('AP0030', 'PA0020', '2025-08-11 08:30:00', 'Cancelled', 'Flu symptoms');
INSERT INTO Appointment (appointmentID, patientID, appointmentTime, status, description) VALUES ('AP0031', 'PA0016', '2025-08-11 15:00:00', 'Checked-in', 'Prescription refill');
INSERT INTO Appointment (appointmentID, patientID, appointmentTime, status, description) VALUES ('AP0032', 'PA0001', '2025-08-12 15:00:00', 'No show', 'Back pain assessment');
INSERT INTO Appointment (appointmentID, patientID, appointmentTime, status, description) VALUES ('AP0033', 'PA0001', '2025-08-12 09:00:00', 'Checked-in', 'Flu symptoms');
INSERT INTO Appointment (appointmentID, patientID, appointmentTime, status, description) VALUES ('AP0034', 'PA0009', '2025-08-12 14:30:00', 'No show', 'Back pain assessment');
INSERT INTO Appointment (appointmentID, patientID, appointmentTime, status, description) VALUES ('AP0035', 'PA0010', '2025-08-12 19:00:00', 'No show', 'Post-op review');
INSERT INTO Appointment (appointmentID, patientID, appointmentTime, status, description) VALUES ('AP0036', 'PA0019', '2025-08-13 10:30:00', 'Checked-in', 'Prescription refill');
INSERT INTO Appointment (appointmentID, patientID, appointmentTime, status, description) VALUES ('AP0037', 'PA0005', '2025-08-13 08:00:00', 'Cancelled', 'Prescription refill');
INSERT INTO Appointment (appointmentID, patientID, appointmentTime, status, description) VALUES ('AP0038', 'PA0001', '2025-08-14 10:30:00', 'Checked-in', 'General consultation');
INSERT INTO Appointment (appointmentID, patientID, appointmentTime, status, description) VALUES ('AP0039', 'PA0015', '2025-08-14 14:30:00', 'Cancelled', 'General consultation');
INSERT INTO Appointment (appointmentID, patientID, appointmentTime, status, description) VALUES ('AP0040', 'PA0007', '2025-08-14 17:00:00', 'Checked-in', 'Blood test review');
INSERT INTO Appointment (appointmentID, patientID, appointmentTime, status, description) VALUES ('AP0041', 'PA0005', '2025-08-14 12:00:00', 'No show', 'Follow-up visit');
INSERT INTO Appointment (appointmentID, patientID, appointmentTime, status, description) VALUES ('AP0042', 'PA0007', '2025-08-15 08:30:00', 'No show', 'Flu symptoms');
INSERT INTO Appointment (appointmentID, patientID, appointmentTime, status, description) VALUES ('AP0043', 'PA0018', '2025-08-15 16:30:00', 'Cancelled', 'Post-op review');
INSERT INTO Appointment (appointmentID, patientID, appointmentTime, status, description) VALUES ('AP0044', 'PA0001', '2025-08-15 12:30:00', 'Checked-in', 'Prescription refill');
INSERT INTO Appointment (appointmentID, patientID, appointmentTime, status, description) VALUES ('AP0045', 'PA0005', '2025-08-16 15:00:00', 'Cancelled', 'Back pain assessment');
INSERT INTO Appointment (appointmentID, patientID, appointmentTime, status, description) VALUES ('AP0046', 'PA0001', '2025-08-16 19:00:00', 'No show', 'Follow-up visit');
INSERT INTO Appointment (appointmentID, patientID, appointmentTime, status, description) VALUES ('AP0047', 'PA0001', '2025-08-16 15:30:00', 'Cancelled', 'Prescription refill');
INSERT INTO Appointment (appointmentID, patientID, appointmentTime, status, description) VALUES ('AP0048', 'PA0009', '2025-08-16 16:30:00', 'No show', 'General consultation');
INSERT INTO Appointment (appointmentID, patientID, appointmentTime, status, description) VALUES ('AP0049', 'PA0013', '2025-08-17 13:00:00', 'Checked-in', 'Back pain assessment');
INSERT INTO Appointment (appointmentID, patientID, appointmentTime, status, description) VALUES ('AP0050', 'PA0006', '2025-08-17 18:30:00', 'Cancelled', 'Routine check-up');
INSERT INTO Appointment (appointmentID, patientID, appointmentTime, status, description) VALUES ('AP0051', 'PA0011', '2025-08-18 10:30:00', 'No show', 'Flu symptoms');
INSERT INTO Appointment (appointmentID, patientID, appointmentTime, status, description) VALUES ('AP0052', 'PA0003', '2025-08-18 15:30:00', 'Cancelled', 'Routine check-up');
INSERT INTO Appointment (appointmentID, patientID, appointmentTime, status, description) VALUES ('AP0053', 'PA0007', '2025-08-18 14:00:00', 'No show', 'Post-op review');
INSERT INTO Appointment (appointmentID, patientID, appointmentTime, status, description) VALUES ('AP0054', 'PA0018', '2025-08-18 17:30:00', 'Cancelled', 'Blood test review');
INSERT INTO Appointment (appointmentID, patientID, appointmentTime, status, description) VALUES ('AP0055', 'PA0019', '2025-08-19 09:00:00', 'No show', 'Routine check-up');
INSERT INTO Appointment (appointmentID, patientID, appointmentTime, status, description) VALUES ('AP0056', 'PA0004', '2025-08-19 08:30:00', 'Checked-in', 'Follow-up visit');
INSERT INTO Appointment (appointmentID, patientID, appointmentTime, status, description) VALUES ('AP0057', 'PA0008', '2025-08-19 12:00:00', 'Cancelled', 'Post-op review');
INSERT INTO Appointment (appointmentID, patientID, appointmentTime, status, description) VALUES ('AP0058', 'PA0006', '2025-08-20 13:00:00', 'Checked-in', 'Follow-up visit');
INSERT INTO Appointment (appointmentID, patientID, appointmentTime, status, description) VALUES ('AP0059', 'PA0002', '2025-08-20 09:00:00', 'Cancelled', 'Routine check-up');
INSERT INTO Appointment (appointmentID, patientID, appointmentTime, status, description) VALUES ('AP0060', 'PA0019', '2025-08-21 18:30:00', 'Cancelled', 'General consultation');
INSERT INTO Appointment (appointmentID, patientID, appointmentTime, status, description) VALUES ('AP0061', 'PA0004', '2025-08-21 16:30:00', 'Checked-in', 'General consultation');
INSERT INTO Appointment (appointmentID, patientID, appointmentTime, status, description) VALUES ('AP0062', 'PA0018', '2025-08-21 18:00:00', 'Checked-in', 'Follow-up visit');
INSERT INTO Appointment (appointmentID, patientID, appointmentTime, status, description) VALUES ('AP0063', 'PA0001', '2025-08-21 08:30:00', 'Checked-in', 'Blood test review');
INSERT INTO Appointment (appointmentID, patientID, appointmentTime, status, description) VALUES ('AP0064', 'PA0008', '2025-08-22 15:00:00', 'No show', 'Prescription refill');
INSERT INTO Appointment (appointmentID, patientID, appointmentTime, status, description) VALUES ('AP0065', 'PA0001', '2025-08-22 10:00:00', 'Checked-in', 'General consultation');
INSERT INTO Appointment (appointmentID, patientID, appointmentTime, status, description) VALUES ('AP0066', 'PA0015', '2025-08-23 10:30:00', 'Cancelled', 'Routine check-up');
INSERT INTO Appointment (appointmentID, patientID, appointmentTime, status, description) VALUES ('AP0067', 'PA0002', '2025-08-23 14:30:00', 'Cancelled', 'Flu symptoms');
INSERT INTO Appointment (appointmentID, patientID, appointmentTime, status, description) VALUES ('AP0068', 'PA0005', '2025-08-24 08:00:00', 'No show', 'Back pain assessment');
INSERT INTO Appointment (appointmentID, patientID, appointmentTime, status, description) VALUES ('AP0069', 'PA0005', '2025-08-24 13:00:00', 'Cancelled', 'Back pain assessment');
INSERT INTO Appointment (appointmentID, patientID, appointmentTime, status, description) VALUES ('AP0070', 'PA0002', '2025-08-25 11:30:00', 'Checked-in', 'General consultation');
INSERT INTO Appointment (appointmentID, patientID, appointmentTime, status, description) VALUES ('AP0071', 'PA0007', '2025-08-25 08:00:00', 'Checked-in', 'Back pain assessment');
INSERT INTO Appointment (appointmentID, patientID, appointmentTime, status, description) VALUES ('AP0072', 'PA0011', '2025-08-26 19:00:00', 'Cancelled', 'Flu symptoms');
INSERT INTO Appointment (appointmentID, patientID, appointmentTime, status, description) VALUES ('AP0073', 'PA0003', '2025-08-26 14:00:00', 'Checked-in', 'Follow-up visit');
INSERT INTO Appointment (appointmentID, patientID, appointmentTime, status, description) VALUES ('AP0074', 'PA0014', '2025-08-26 16:30:00', 'Checked-in', 'General consultation');
INSERT INTO Appointment (appointmentID, patientID, appointmentTime, status, description) VALUES ('AP0075', 'PA0003', '2025-08-27 08:30:00', 'Checked-in', 'Blood test review');
INSERT INTO Appointment (appointmentID, patientID, appointmentTime, status, description) VALUES ('AP0076', 'PA0013', '2025-08-27 14:00:00', 'No show', 'Prescription refill');
INSERT INTO Appointment (appointmentID, patientID, appointmentTime, status, description) VALUES ('AP0077', 'PA0004', '2025-08-28 09:30:00', 'Cancelled', 'Flu symptoms');
INSERT INTO Appointment (appointmentID, patientID, appointmentTime, status, description) VALUES ('AP0078', 'PA0009', '2025-08-28 08:30:00', 'Checked-in', 'Follow-up visit');
INSERT INTO Appointment (appointmentID, patientID, appointmentTime, status, description) VALUES ('AP0079', 'PA0018', '2025-08-29 16:00:00', 'No show', 'Back pain assessment');
INSERT INTO Appointment (appointmentID, patientID, appointmentTime, status, description) VALUES ('AP0080', 'PA0017', '2025-08-29 19:00:00', 'No show', 'Flu symptoms');
INSERT INTO Appointment (appointmentID, patientID, appointmentTime, status, description) VALUES ('AP0081', 'PA0017', '2025-08-29 19:30:00', 'Cancelled', 'Back pain assessment');
INSERT INTO Appointment (appointmentID, patientID, appointmentTime, status, description) VALUES ('AP0082', 'PA0006', '2025-08-30 15:00:00', 'Checked-in', 'Flu symptoms');
INSERT INTO Appointment (appointmentID, patientID, appointmentTime, status, description) VALUES ('AP0083', 'PA0014', '2025-08-30 17:30:00', 'No show', 'Follow-up visit');
INSERT INTO Appointment (appointmentID, patientID, appointmentTime, status, description) VALUES ('AP0084', 'PA0008', '2025-08-31 09:30:00', 'Checked-in', 'Flu symptoms');
INSERT INTO Appointment (appointmentID, patientID, appointmentTime, status, description) VALUES ('AP0085', 'PA0013', '2025-08-31 15:00:00', 'No show', 'Prescription refill');
INSERT INTO Appointment (appointmentID, patientID, appointmentTime, status, description) VALUES ('AP0086', 'PA0020', '2025-08-31 17:30:00', 'Cancelled', 'Post-op review');
INSERT INTO Supplier (supplierId, supplierName, contactPerson, phoneNumber, email, address, bankName, accountNumber) VALUES ('SU0001', 'Bishop and Sons', 'William White', '001-723-786-5169x22669', 'alejandro43@example.com', '9678 Scott Mission, New Kristina, HI 29151', 'OCBC', 'MTQK57387392240145');
INSERT INTO Supplier (supplierId, supplierName, contactPerson, phoneNumber, email, address, bankName, accountNumber) VALUES ('SU0002', 'Warren-Kim', 'Brett Curtis', '(652)559-3800x97316', 'djohns@example.net', 'Unit 2646 Box 9547, DPO AP 39481', 'HSBC', 'BBNC18043296026884');
INSERT INTO Supplier (supplierId, supplierName, contactPerson, phoneNumber, email, address, bankName, accountNumber) VALUES ('SU0003', 'Cook-Brewer', 'Nicole Morgan', '2978893218', 'xscott@example.org', '196 Raymond Branch, New Rebecca, NH 44575', 'Maybank', 'TZEY68097284177869');
INSERT INTO Supplier (supplierId, supplierName, contactPerson, phoneNumber, email, address, bankName, accountNumber) VALUES ('SU0004', 'Fields PLC', 'Cameron Garcia', '303.635.6012', 'simmonsjamie@example.com', '652 Robertson Valley Apt. 293, East Lucas, NJ 42429', 'Maybank', 'IYHM68892915643420');
INSERT INTO Supplier (supplierId, supplierName, contactPerson, phoneNumber, email, address, bankName, accountNumber) VALUES ('SU0005', 'Robinson, Miller and Myers', 'Danielle Jackson', '775.992.7918x6454', 'wayne29@example.org', '717 Rogers Squares Apt. 239, East Chelsey, WA 02915', 'Bank of America', 'RWHI37541165793870');
INSERT INTO Medicine (medicineID, medicineName, description, reorderLevel, sellingPrice) VALUES ('ME0001', 'FreeMed', 'Reduce education able ok will part.', 28, 57.06);
INSERT INTO Medicine (medicineID, medicineName, description, reorderLevel, sellingPrice) VALUES ('ME0002', 'MaybeMed', 'Her call way they.', 27, 5.24);
INSERT INTO Medicine (medicineID, medicineName, description, reorderLevel, sellingPrice) VALUES ('ME0003', 'FocusMed', 'Action prove floor above perform industry.', 14, 23.67);
INSERT INTO Medicine (medicineID, medicineName, description, reorderLevel, sellingPrice) VALUES ('ME0004', 'BillMed', 'Style represent spend government.', 21, 52.52);
INSERT INTO Medicine (medicineID, medicineName, description, reorderLevel, sellingPrice) VALUES ('ME0005', 'BornMed', 'Report site better plan fund rather.', 27, 23.76);
INSERT INTO Medicine (medicineID, medicineName, description, reorderLevel, sellingPrice) VALUES ('ME0006', 'WorkerMed', 'Perhaps scientist can.', 29, 26.05);
INSERT INTO Medicine (medicineID, medicineName, description, reorderLevel, sellingPrice) VALUES ('ME0007', 'DreamMed', 'House certainly case phone.', 27, 45.35);
INSERT INTO Medicine (medicineID, medicineName, description, reorderLevel, sellingPrice) VALUES ('ME0008', 'TypeMed', 'Indicate others just factor care.', 14, 58.59);
INSERT INTO Medicine (medicineID, medicineName, description, reorderLevel, sellingPrice) VALUES ('ME0009', 'DataMed', 'Success move affect.', 13, 94.87);
INSERT INTO Medicine (medicineID, medicineName, description, reorderLevel, sellingPrice) VALUES ('ME0010', 'LevelMed', 'Believe book law western church with establish.', 14, 42.64);
INSERT INTO Medicine (medicineID, medicineName, description, reorderLevel, sellingPrice) VALUES ('ME0011', 'SpecificMed', 'Market think road scene health too.', 28, 55.28);
INSERT INTO Medicine (medicineID, medicineName, description, reorderLevel, sellingPrice) VALUES ('ME0012', 'StreetMed', 'Mean car physical which production feeling.', 26, 66.8);
INSERT INTO Medicine (medicineID, medicineName, description, reorderLevel, sellingPrice) VALUES ('ME0013', 'MustMed', 'Affect against lead college paper friend.', 13, 97.12);
INSERT INTO Medicine (medicineID, medicineName, description, reorderLevel, sellingPrice) VALUES ('ME0014', 'HeMed', 'Company determine bad history run water.', 26, 55.06);
INSERT INTO Medicine (medicineID, medicineName, description, reorderLevel, sellingPrice) VALUES ('ME0015', 'CostMed', 'Require project development likely quality.', 16, 11.23);
INSERT INTO Bill (billID, totalAmount, paymentMethod) VALUES ('BI0001', 1273.89, 'Debit Card');
INSERT INTO Bill (billID, totalAmount, paymentMethod) VALUES ('BI0002', 42.46, 'Credit Card');
INSERT INTO Bill (billID, totalAmount, paymentMethod) VALUES ('BI0003', 355.24, 'Insurance');
INSERT INTO Bill (billID, totalAmount, paymentMethod) VALUES ('BI0004', 567.52, 'Cash');
INSERT INTO Bill (billID, totalAmount, paymentMethod) VALUES ('BI0005', 53.69, 'Insurance');
INSERT INTO Bill (billID, totalAmount, paymentMethod) VALUES ('BI0006', 75.06, 'Cash');
INSERT INTO Bill (billID, totalAmount, paymentMethod) VALUES ('BI0007', 426.81, 'Debit Card');
INSERT INTO Bill (billID, totalAmount, paymentMethod) VALUES ('BI0008', 216.5, 'Insurance');
INSERT INTO Bill (billID, totalAmount, paymentMethod) VALUES ('BI0009', 439.49, 'Debit Card');
INSERT INTO Bill (billID, totalAmount, paymentMethod) VALUES ('BI0010', 649.78, 'Debit Card');
INSERT INTO Bill (billID, totalAmount, paymentMethod) VALUES ('BI0011', 137.18, 'Cash');
INSERT INTO Bill (billID, totalAmount, paymentMethod) VALUES ('BI0012', 827.96, 'Cash');
INSERT INTO Bill (billID, totalAmount, paymentMethod) VALUES ('BI0013', 417.99, 'Credit Card');
INSERT INTO Bill (billID, totalAmount, paymentMethod) VALUES ('BI0014', 434.74, 'Debit Card');
INSERT INTO Bill (billID, totalAmount, paymentMethod) VALUES ('BI0015', 420.29, 'Insurance');
INSERT INTO Bill (billID, totalAmount, paymentMethod) VALUES ('BI0016', 125.04, 'Cash');
INSERT INTO Bill (billID, totalAmount, paymentMethod) VALUES ('BI0017', 335.99, 'Credit Card');
INSERT INTO Bill (billID, totalAmount, paymentMethod) VALUES ('BI0018', 305.3, 'Cash');
INSERT INTO Bill (billID, totalAmount, paymentMethod) VALUES ('BI0019', 102.2, 'Credit Card');
INSERT INTO Bill (billID, totalAmount, paymentMethod) VALUES ('BI0020', 72.1, 'Credit Card');
INSERT INTO Bill (billID, totalAmount, paymentMethod) VALUES ('BI0021', 233.2, 'Credit Card');
INSERT INTO Bill (billID, totalAmount, paymentMethod) VALUES ('BI0022', 406.0, 'Credit Card');
INSERT INTO Bill (billID, totalAmount, paymentMethod) VALUES ('BI0023', 75.06, 'Credit Card');
INSERT INTO Bill (billID, totalAmount, paymentMethod) VALUES ('BI0024', 177.56, 'Cash');
INSERT INTO Bill (billID, totalAmount, paymentMethod) VALUES ('BI0025', 64.92, 'Credit Card');
INSERT INTO Bill (billID, totalAmount, paymentMethod) VALUES ('BI0026', 78.59, 'Cash');
INSERT INTO Bill (billID, totalAmount, paymentMethod) VALUES ('BI0027', 349.04, 'Insurance');
INSERT INTO Bill (billID, totalAmount, paymentMethod) VALUES ('BI0028', 305.3, 'Credit Card');
INSERT INTO Bill (billID, totalAmount, paymentMethod) VALUES ('BI0029', 505.6, 'Credit Card');
INSERT INTO Bill (billID, totalAmount, paymentMethod) VALUES ('BI0030', 312.95, 'Credit Card');
INSERT INTO Bill (billID, totalAmount, paymentMethod) VALUES ('BI0031', 185.18, 'Debit Card');
INSERT INTO Consultation (consultationID, patientID, doctorID, staffID, billID, symptoms, diagnosis, consultationDate, checkInTime, status, mcID, startDate, endDate) VALUES ('CO0001', 'PA0009', 'ST0004', 'ST2402', NULL, 'Fever', 'Cold', '2025-08-07', '2025-08-07 11:45:00', 'Cancelled', NULL, NULL, NULL);
INSERT INTO Consultation (consultationID, patientID, doctorID, staffID, billID, symptoms, diagnosis, consultationDate, checkInTime, status, mcID, startDate, endDate) VALUES ('CO0002', 'PA0003', 'ST0001', 'ST3398', NULL, 'Cough', 'Diabetes', '2025-06-24', '2025-06-24 13:15:00', 'Cancelled', NULL, NULL, NULL);
INSERT INTO Consultation (consultationID, patientID, doctorID, staffID, billID, symptoms, diagnosis, consultationDate, checkInTime, status, mcID, startDate, endDate) VALUES ('CO0003', 'PA0012', 'ST0001', 'ST2644', 'BI0024', 'Back pain', 'Cold', '2025-07-15', '2025-07-15 12:15:00', 'Cancelled', 'MC0001', '2025-07-15', '2025-07-18');
INSERT INTO Consultation (consultationID, patientID, doctorID, staffID, billID, symptoms, diagnosis, consultationDate, checkInTime, status, mcID, startDate, endDate) VALUES ('CO0004', 'PA0008', 'ST0009', 'ST4920', 'BI0016', 'Headache', 'Diabetes', '2025-08-20', '2025-08-20 12:30:00', 'Completed', NULL, NULL, NULL);
INSERT INTO Consultation (consultationID, patientID, doctorID, staffID, billID, symptoms, diagnosis, consultationDate, checkInTime, status, mcID, startDate, endDate) VALUES ('CO0005', 'PA0013', 'ST0010', 'ST1386', 'BI0022', 'Cough', 'Flu', '2025-07-17', '2025-07-17 11:30:00', 'Completed', NULL, NULL, NULL);
INSERT INTO Consultation (consultationID, patientID, doctorID, staffID, billID, symptoms, diagnosis, consultationDate, checkInTime, status, mcID, startDate, endDate) VALUES ('CO0006', 'PA0007', 'ST0004', 'ST1088', 'BI0013', 'Back pain', 'Cold', '2025-08-04', '2025-08-04 14:00:00', 'Completed', 'MC0002', '2025-08-04', '2025-08-06');
INSERT INTO Consultation (consultationID, patientID, doctorID, staffID, billID, symptoms, diagnosis, consultationDate, checkInTime, status, mcID, startDate, endDate) VALUES ('CO0007', 'PA0008', 'ST0010', 'ST4267', 'BI0004', 'Headache', 'Diabetes', '2025-07-29', '2025-07-29 16:15:00', 'Completed', NULL, NULL, NULL);
INSERT INTO Consultation (consultationID, patientID, doctorID, staffID, billID, symptoms, diagnosis, consultationDate, checkInTime, status, mcID, startDate, endDate) VALUES ('CO0008', 'PA0009', 'ST0006', 'ST8655', 'BI0017', 'Back pain', 'Diabetes', '2025-07-05', '2025-07-05 14:45:00', 'Cancelled', NULL, NULL, NULL);
INSERT INTO Consultation (consultationID, patientID, doctorID, staffID, billID, symptoms, diagnosis, consultationDate, checkInTime, status, mcID, startDate, endDate) VALUES ('CO0009', 'PA0014', 'ST0010', 'ST5744', 'BI0012', 'Fever', 'Cold', '2025-08-16', '2025-08-16 10:30:00', 'Cancelled', 'MC0003', '2025-08-16', '2025-08-21');
INSERT INTO Consultation (consultationID, patientID, doctorID, staffID, billID, symptoms, diagnosis, consultationDate, checkInTime, status, mcID, startDate, endDate) VALUES ('CO0010', 'PA0014', 'ST0003', 'ST0215', 'BI0007', 'Headache', 'Healthy', '2025-07-13', '2025-07-13 11:45:00', 'Completed', NULL, NULL, NULL);
INSERT INTO Consultation (consultationID, patientID, doctorID, staffID, billID, symptoms, diagnosis, consultationDate, checkInTime, status, mcID, startDate, endDate) VALUES ('CO0011', 'PA0001', 'ST0010', 'ST0293', NULL, 'Back pain', 'Hypertension', '2025-08-10', '2025-08-10 10:15:00', 'Completed', NULL, NULL, NULL);
INSERT INTO Consultation (consultationID, patientID, doctorID, staffID, billID, symptoms, diagnosis, consultationDate, checkInTime, status, mcID, startDate, endDate) VALUES ('CO0012', 'PA0014', 'ST0010', 'ST9577', 'BI0014', 'Fever', 'Healthy', '2025-08-23', '2025-08-23 12:30:00', 'Completed', 'MC0004', '2025-08-23', '2025-08-27');
INSERT INTO Consultation (consultationID, patientID, doctorID, staffID, billID, symptoms, diagnosis, consultationDate, checkInTime, status, mcID, startDate, endDate) VALUES ('CO0013', 'PA0011', 'ST0006', 'ST7215', NULL, 'Headache', 'Flu', '2025-07-20', '2025-07-20 12:15:00', 'Cancelled', 'MC0005', '2025-07-20', '2025-07-21');
INSERT INTO Consultation (consultationID, patientID, doctorID, staffID, billID, symptoms, diagnosis, consultationDate, checkInTime, status, mcID, startDate, endDate) VALUES ('CO0014', 'PA0008', 'ST0001', 'ST9154', 'BI0023', 'Back pain', 'Diabetes', '2025-08-24', '2025-08-24 11:45:00', 'Completed', NULL, NULL, NULL);
INSERT INTO Consultation (consultationID, patientID, doctorID, staffID, billID, symptoms, diagnosis, consultationDate, checkInTime, status, mcID, startDate, endDate) VALUES ('CO0015', 'PA0008', 'ST0001', 'ST9851', 'BI0030', 'Cough', 'Diabetes', '2025-07-26', '2025-07-26 09:00:00', 'Cancelled', 'MC0006', '2025-07-26', '2025-07-27');
INSERT INTO Consultation (consultationID, patientID, doctorID, staffID, billID, symptoms, diagnosis, consultationDate, checkInTime, status, mcID, startDate, endDate) VALUES ('CO0016', 'PA0016', 'ST0010', 'ST5214', 'BI0010', 'Back pain', 'Healthy', '2025-08-27', '2025-08-27 15:15:00', 'Cancelled', NULL, NULL, NULL);
INSERT INTO Consultation (consultationID, patientID, doctorID, staffID, billID, symptoms, diagnosis, consultationDate, checkInTime, status, mcID, startDate, endDate) VALUES ('CO0017', 'PA0020', 'ST0009', 'ST7176', 'BI0003', 'Back pain', 'Cold', '2025-07-28', '2025-07-28 09:15:00', 'Cancelled', 'MC0007', '2025-07-28', '2025-08-01');
INSERT INTO Consultation (consultationID, patientID, doctorID, staffID, billID, symptoms, diagnosis, consultationDate, checkInTime, status, mcID, startDate, endDate) VALUES ('CO0018', 'PA0003', 'ST0003', 'ST2525', 'BI0001', 'Back pain', 'Cold', '2025-07-19', '2025-07-19 12:30:00', 'Cancelled', 'MC0008', '2025-07-19', '2025-07-24');
INSERT INTO Consultation (consultationID, patientID, doctorID, staffID, billID, symptoms, diagnosis, consultationDate, checkInTime, status, mcID, startDate, endDate) VALUES ('CO0019', 'PA0004', 'ST0010', 'ST5416', 'BI0006', 'Nausea', 'Healthy', '2025-08-07', '2025-08-07 16:00:00', 'Cancelled', NULL, NULL, NULL);
INSERT INTO Consultation (consultationID, patientID, doctorID, staffID, billID, symptoms, diagnosis, consultationDate, checkInTime, status, mcID, startDate, endDate) VALUES ('CO0020', 'PA0009', 'ST0006', 'ST3558', 'BI0018', 'Cough', 'Flu', '2025-08-14', '2025-08-14 16:15:00', 'Cancelled', 'MC0009', '2025-08-14', '2025-08-15');
INSERT INTO Consultation (consultationID, patientID, doctorID, staffID, billID, symptoms, diagnosis, consultationDate, checkInTime, status, mcID, startDate, endDate) VALUES ('CO0021', 'PA0009', 'ST0010', 'ST0404', 'BI0015', 'Headache', 'Flu', '2025-07-05', '2025-07-05 16:15:00', 'Completed', NULL, NULL, NULL);
INSERT INTO Consultation (consultationID, patientID, doctorID, staffID, billID, symptoms, diagnosis, consultationDate, checkInTime, status, mcID, startDate, endDate) VALUES ('CO0022', 'PA0002', 'ST0003', 'ST1475', 'BI0008', 'Fever', 'Diabetes', '2025-06-30', '2025-06-30 09:45:00', 'Completed', NULL, NULL, NULL);
INSERT INTO Consultation (consultationID, patientID, doctorID, staffID, billID, symptoms, diagnosis, consultationDate, checkInTime, status, mcID, startDate, endDate) VALUES ('CO0023', 'PA0007', 'ST0009', 'ST4430', 'BI0011', 'Headache', 'Hypertension', '2025-07-11', '2025-07-11 09:00:00', 'Completed', 'MC0010', '2025-07-11', '2025-07-13');
INSERT INTO Consultation (consultationID, patientID, doctorID, staffID, billID, symptoms, diagnosis, consultationDate, checkInTime, status, mcID, startDate, endDate) VALUES ('CO0024', 'PA0014', 'ST0009', 'ST9545', NULL, 'Cough', 'Healthy', '2025-08-11', '2025-08-11 16:00:00', 'Completed', 'MC0011', '2025-08-11', '2025-08-15');
INSERT INTO Consultation (consultationID, patientID, doctorID, staffID, billID, symptoms, diagnosis, consultationDate, checkInTime, status, mcID, startDate, endDate) VALUES ('CO0025', 'PA0005', 'ST0010', 'ST0813', 'BI0025', 'Headache', 'Healthy', '2025-06-24', '2025-06-24 14:00:00', 'Completed', NULL, NULL, NULL);
INSERT INTO Consultation (consultationID, patientID, doctorID, staffID, billID, symptoms, diagnosis, consultationDate, checkInTime, status, mcID, startDate, endDate) VALUES ('CO0026', 'PA0007', 'ST0001', 'ST6291', 'BI0005', 'Nausea', 'Flu', '2025-08-06', '2025-08-06 09:00:00', 'Cancelled', 'MC0012', '2025-08-06', '2025-08-08');
INSERT INTO Consultation (consultationID, patientID, doctorID, staffID, billID, symptoms, diagnosis, consultationDate, checkInTime, status, mcID, startDate, endDate) VALUES ('CO0027', 'PA0009', 'ST0009', 'ST1546', 'BI0028', 'Back pain', 'Diabetes', '2025-08-27', '2025-08-27 16:45:00', 'Cancelled', NULL, NULL, NULL);
INSERT INTO Consultation (consultationID, patientID, doctorID, staffID, billID, symptoms, diagnosis, consultationDate, checkInTime, status, mcID, startDate, endDate) VALUES ('CO0028', 'PA0011', 'ST0009', 'ST8153', NULL, 'Fever', 'Diabetes', '2025-07-20', '2025-07-20 08:30:00', 'Cancelled', NULL, NULL, NULL);
INSERT INTO Consultation (consultationID, patientID, doctorID, staffID, billID, symptoms, diagnosis, consultationDate, checkInTime, status, mcID, startDate, endDate) VALUES ('CO0029', 'PA0005', 'ST0004', 'ST7305', 'BI0026', 'Back pain', 'Cold', '2025-08-01', '2025-08-01 12:15:00', 'Completed', 'MC0013', '2025-08-01', '2025-08-03');
INSERT INTO Consultation (consultationID, patientID, doctorID, staffID, billID, symptoms, diagnosis, consultationDate, checkInTime, status, mcID, startDate, endDate) VALUES ('CO0030', 'PA0014', 'ST0003', 'ST0932', NULL, 'Nausea', 'Healthy', '2025-08-13', '2025-08-13 09:45:00', 'Completed', NULL, NULL, NULL);
INSERT INTO Consultation (consultationID, patientID, doctorID, staffID, billID, symptoms, diagnosis, consultationDate, checkInTime, status, mcID, startDate, endDate) VALUES ('CO0031', 'PA0009', 'ST0009', 'ST5929', 'BI0031', 'Headache', 'Cold', '2025-08-06', '2025-08-06 09:00:00', 'Completed', 'MC0014', '2025-08-06', '2025-08-09');
INSERT INTO Consultation (consultationID, patientID, doctorID, staffID, billID, symptoms, diagnosis, consultationDate, checkInTime, status, mcID, startDate, endDate) VALUES ('CO0032', 'PA0012', 'ST0006', 'ST2976', NULL, 'Fever', 'Flu', '2025-07-08', '2025-07-08 13:15:00', 'Cancelled', NULL, NULL, NULL);
INSERT INTO Consultation (consultationID, patientID, doctorID, staffID, billID, symptoms, diagnosis, consultationDate, checkInTime, status, mcID, startDate, endDate) VALUES ('CO0033', 'PA0018', 'ST0003', 'ST6414', 'BI0019', 'Back pain', 'Cold', '2025-08-22', '2025-08-22 16:30:00', 'Cancelled', 'MC0015', '2025-08-22', '2025-08-25');
INSERT INTO Consultation (consultationID, patientID, doctorID, staffID, billID, symptoms, diagnosis, consultationDate, checkInTime, status, mcID, startDate, endDate) VALUES ('CO0034', 'PA0017', 'ST0010', 'ST9153', 'BI0029', 'Fever', 'Hypertension', '2025-07-27', '2025-07-27 11:30:00', 'Cancelled', NULL, NULL, NULL);
INSERT INTO Consultation (consultationID, patientID, doctorID, staffID, billID, symptoms, diagnosis, consultationDate, checkInTime, status, mcID, startDate, endDate) VALUES ('CO0035', 'PA0002', 'ST0004', 'ST5682', 'BI0002', 'Back pain', 'Cold', '2025-08-03', '2025-08-03 13:45:00', 'Cancelled', NULL, NULL, NULL);
INSERT INTO Consultation (consultationID, patientID, doctorID, staffID, billID, symptoms, diagnosis, consultationDate, checkInTime, status, mcID, startDate, endDate) VALUES ('CO0036', 'PA0010', 'ST0006', 'ST8972', 'BI0020', 'Fever', 'Healthy', '2025-08-26', '2025-08-26 08:30:00', 'Cancelled', 'MC0016', '2025-08-26', '2025-08-28');
INSERT INTO Consultation (consultationID, patientID, doctorID, staffID, billID, symptoms, diagnosis, consultationDate, checkInTime, status, mcID, startDate, endDate) VALUES ('CO0037', 'PA0009', 'ST0001', 'ST0626', 'BI0021', 'Back pain', 'Healthy', '2025-08-24', '2025-08-24 12:15:00', 'Completed', NULL, NULL, NULL);
INSERT INTO Consultation (consultationID, patientID, doctorID, staffID, billID, symptoms, diagnosis, consultationDate, checkInTime, status, mcID, startDate, endDate) VALUES ('CO0038', 'PA0009', 'ST0001', 'ST4741', NULL, 'Nausea', 'Cold', '2025-06-30', '2025-06-30 14:15:00', 'Cancelled', NULL, NULL, NULL);
INSERT INTO Consultation (consultationID, patientID, doctorID, staffID, billID, symptoms, diagnosis, consultationDate, checkInTime, status, mcID, startDate, endDate) VALUES ('CO0039', 'PA0003', 'ST0010', 'ST1120', 'BI0009', 'Fever', 'Hypertension', '2025-08-25', '2025-08-25 11:30:00', 'Cancelled', NULL, NULL, NULL);
INSERT INTO Consultation (consultationID, patientID, doctorID, staffID, billID, symptoms, diagnosis, consultationDate, checkInTime, status, mcID, startDate, endDate) VALUES ('CO0040', 'PA0002', 'ST0003', 'ST3918', 'BI0027', 'Cough', 'Diabetes', '2025-08-23', '2025-08-23 16:30:00', 'Completed', NULL, NULL, NULL);
INSERT INTO Prescription (prescriptionID, consultationID, medicineID, description, dosage, instruction, servingPerDay, quantityDispensed, price, dosageUnit) VALUES ('PR0001', 'CO0018', 'ME0009', 'Either brother as act heavy learn.', 3, 'Take as needed', 2, 2, 94.87, 'tablet');
INSERT INTO Prescription (prescriptionID, consultationID, medicineID, description, dosage, instruction, servingPerDay, quantityDispensed, price, dosageUnit) VALUES ('PR0002', 'CO0035', 'ME0015', 'Perhaps worker her wait whether.', 3, 'Take before meals', 4, 2, 11.23, 'ml');
INSERT INTO Prescription (prescriptionID, consultationID, medicineID, description, dosage, instruction, servingPerDay, quantityDispensed, price, dosageUnit) VALUES ('PR0003', 'CO0017', 'ME0001', 'Couple want short girl painting small.', 2, 'Take with plenty of water', 2, 2, 57.06, 'mg');
INSERT INTO Prescription (prescriptionID, consultationID, medicineID, description, dosage, instruction, servingPerDay, quantityDispensed, price, dosageUnit) VALUES ('PR0004', 'CO0007', 'ME0002', 'Effect sport few within point.', 3, 'Take before meals', 2, 3, 5.24, 'capsule');
INSERT INTO Prescription (prescriptionID, consultationID, medicineID, description, dosage, instruction, servingPerDay, quantityDispensed, price, dosageUnit) VALUES ('PR0005', 'CO0026', 'ME0015', 'Oil against administration method artist point arrive country.', 2, 'Take with plenty of water', 4, 3, 11.23, 'capsule');
INSERT INTO Prescription (prescriptionID, consultationID, medicineID, description, dosage, instruction, servingPerDay, quantityDispensed, price, dosageUnit) VALUES ('PR0006', 'CO0019', 'ME0014', 'Manage mission card argue thing.', 1, 'Take at bedtime', 4, 1, 55.06, 'capsule');
INSERT INTO Prescription (prescriptionID, consultationID, medicineID, description, dosage, instruction, servingPerDay, quantityDispensed, price, dosageUnit) VALUES ('PR0007', 'CO0010', 'ME0008', 'Career light friend relationship.', 3, 'Take with plenty of water', 3, 3, 58.59, 'ml');
INSERT INTO Prescription (prescriptionID, consultationID, medicineID, description, dosage, instruction, servingPerDay, quantityDispensed, price, dosageUnit) VALUES ('PR0008', 'CO0022', 'ME0006', 'You sit federal buy school poor organization organization.', 1, 'Take with food', 2, 2, 26.05, 'ml');
INSERT INTO Prescription (prescriptionID, consultationID, medicineID, description, dosage, instruction, servingPerDay, quantityDispensed, price, dosageUnit) VALUES ('PR0009', 'CO0018', 'ME0013', 'Type politics choice player itself factor I.', 3, 'Take at bedtime', 2, 5, 97.12, 'tablet');
INSERT INTO Prescription (prescriptionID, consultationID, medicineID, description, dosage, instruction, servingPerDay, quantityDispensed, price, dosageUnit) VALUES ('PR0010', 'CO0039', 'ME0015', 'Should your shake hope.', 3, 'Take with plenty of water', 2, 3, 11.23, 'ml');
INSERT INTO Prescription (prescriptionID, consultationID, medicineID, description, dosage, instruction, servingPerDay, quantityDispensed, price, dosageUnit) VALUES ('PR0011', 'CO0017', 'ME0011', 'Determine drive through now sound soon author.', 2, 'Take before meals', 2, 4, 55.28, 'mg');
INSERT INTO Prescription (prescriptionID, consultationID, medicineID, description, dosage, instruction, servingPerDay, quantityDispensed, price, dosageUnit) VALUES ('PR0012', 'CO0010', 'ME0004', 'Serious class discussion ground work him.', 1, 'Take at bedtime', 4, 4, 52.52, 'tablet');
INSERT INTO Prescription (prescriptionID, consultationID, medicineID, description, dosage, instruction, servingPerDay, quantityDispensed, price, dosageUnit) VALUES ('PR0013', 'CO0016', 'ME0012', 'Rise east peace keep mother since few result.', 3, 'Take after meals', 2, 5, 66.8, 'tablet');
INSERT INTO Prescription (prescriptionID, consultationID, medicineID, description, dosage, instruction, servingPerDay, quantityDispensed, price, dosageUnit) VALUES ('PR0014', 'CO0018', 'ME0006', 'Wonder class against read may list practice pass.', 3, 'Take before meals', 2, 4, 26.05, 'tablet');
INSERT INTO Prescription (prescriptionID, consultationID, medicineID, description, dosage, instruction, servingPerDay, quantityDispensed, price, dosageUnit) VALUES ('PR0015', 'CO0023', 'ME0008', 'They power agent happy may career available.', 1, 'Take before meals', 2, 2, 58.59, 'mg');
INSERT INTO Prescription (prescriptionID, consultationID, medicineID, description, dosage, instruction, servingPerDay, quantityDispensed, price, dosageUnit) VALUES ('PR0016', 'CO0009', 'ME0009', 'Protect develop financial nearly enter local soldier.', 2, 'Take on empty stomach', 3, 5, 94.87, 'mg');
INSERT INTO Prescription (prescriptionID, consultationID, medicineID, description, dosage, instruction, servingPerDay, quantityDispensed, price, dosageUnit) VALUES ('PR0017', 'CO0006', 'ME0004', 'Girl ready hot.', 2, 'Take before meals', 1, 2, 52.52, 'mg');
INSERT INTO Prescription (prescriptionID, consultationID, medicineID, description, dosage, instruction, servingPerDay, quantityDispensed, price, dosageUnit) VALUES ('PR0018', 'CO0007', 'ME0002', 'Fast yeah word.', 1, 'Take with food', 3, 2, 5.24, 'ml');
INSERT INTO Prescription (prescriptionID, consultationID, medicineID, description, dosage, instruction, servingPerDay, quantityDispensed, price, dosageUnit) VALUES ('PR0019', 'CO0007', 'ME0008', 'Share especially scene take brother themselves nor body.', 1, 'Take as needed', 3, 3, 58.59, 'capsule');
INSERT INTO Prescription (prescriptionID, consultationID, medicineID, description, dosage, instruction, servingPerDay, quantityDispensed, price, dosageUnit) VALUES ('PR0020', 'CO0039', 'ME0001', 'Bad hear officer save ahead result box.', 1, 'Take on empty stomach', 4, 2, 57.06, 'tablet');
INSERT INTO Prescription (prescriptionID, consultationID, medicineID, description, dosage, instruction, servingPerDay, quantityDispensed, price, dosageUnit) VALUES ('PR0021', 'CO0012', 'ME0013', 'Order him myself.', 2, 'Take on empty stomach', 4, 3, 97.12, 'capsule');
INSERT INTO Prescription (prescriptionID, consultationID, medicineID, description, dosage, instruction, servingPerDay, quantityDispensed, price, dosageUnit) VALUES ('PR0022', 'CO0009', 'ME0004', 'Policy thank magazine wife hope.', 3, 'Take with food', 3, 5, 52.52, 'capsule');
INSERT INTO Prescription (prescriptionID, consultationID, medicineID, description, dosage, instruction, servingPerDay, quantityDispensed, price, dosageUnit) VALUES ('PR0023', 'CO0016', 'ME0002', 'Congress several television necessary modern.', 3, 'Take before meals', 3, 2, 5.24, 'capsule');
INSERT INTO Prescription (prescriptionID, consultationID, medicineID, description, dosage, instruction, servingPerDay, quantityDispensed, price, dosageUnit) VALUES ('PR0024', 'CO0039', 'ME0012', 'Those spend your everyone car knowledge name.', 3, 'Take on empty stomach', 3, 3, 66.8, 'capsule');
INSERT INTO Prescription (prescriptionID, consultationID, medicineID, description, dosage, instruction, servingPerDay, quantityDispensed, price, dosageUnit) VALUES ('PR0025', 'CO0021', 'ME0006', 'Girl let easy mean old.', 2, 'Take after meals', 1, 4, 26.05, 'tablet');
INSERT INTO Prescription (prescriptionID, consultationID, medicineID, description, dosage, instruction, servingPerDay, quantityDispensed, price, dosageUnit) VALUES ('PR0026', 'CO0004', 'ME0004', 'Trouble the wide describe card social.', 3, 'Take with plenty of water', 4, 2, 52.52, 'capsule');
INSERT INTO Prescription (prescriptionID, consultationID, medicineID, description, dosage, instruction, servingPerDay, quantityDispensed, price, dosageUnit) VALUES ('PR0027', 'CO0021', 'ME0006', 'Mouth outside leader resource thank cause product.', 3, 'Take at bedtime', 4, 5, 26.05, 'ml');
INSERT INTO Prescription (prescriptionID, consultationID, medicineID, description, dosage, instruction, servingPerDay, quantityDispensed, price, dosageUnit) VALUES ('PR0028', 'CO0006', 'ME0008', 'With party bit here Mrs civil.', 3, 'Take at bedtime', 3, 5, 58.59, 'mg');
INSERT INTO Prescription (prescriptionID, consultationID, medicineID, description, dosage, instruction, servingPerDay, quantityDispensed, price, dosageUnit) VALUES ('PR0029', 'CO0008', 'ME0009', 'Spend happen note ground leave.', 1, 'Take at bedtime', 1, 1, 94.87, 'mg');
INSERT INTO Prescription (prescriptionID, consultationID, medicineID, description, dosage, instruction, servingPerDay, quantityDispensed, price, dosageUnit) VALUES ('PR0030', 'CO0010', 'ME0002', 'Director well peace plant live health always.', 2, 'Take at bedtime', 2, 4, 5.24, 'tablet');
INSERT INTO Prescription (prescriptionID, consultationID, medicineID, description, dosage, instruction, servingPerDay, quantityDispensed, price, dosageUnit) VALUES ('PR0031', 'CO0007', 'ME0007', 'Bar not ground.', 1, 'Take as needed', 1, 5, 45.35, 'mg');
INSERT INTO Prescription (prescriptionID, consultationID, medicineID, description, dosage, instruction, servingPerDay, quantityDispensed, price, dosageUnit) VALUES ('PR0032', 'CO0020', 'ME0001', 'Thought rich guess ok common.', 2, 'Take on empty stomach', 4, 5, 57.06, 'ml');
INSERT INTO Prescription (prescriptionID, consultationID, medicineID, description, dosage, instruction, servingPerDay, quantityDispensed, price, dosageUnit) VALUES ('PR0033', 'CO0033', 'ME0006', 'Analysis idea thousand down serve wait.', 2, 'Take before meals', 3, 1, 26.05, 'capsule');
INSERT INTO Prescription (prescriptionID, consultationID, medicineID, description, dosage, instruction, servingPerDay, quantityDispensed, price, dosageUnit) VALUES ('PR0034', 'CO0036', 'ME0006', 'Deep go color concern imagine south resource.', 2, 'Take after meals', 4, 2, 26.05, 'mg');
INSERT INTO Prescription (prescriptionID, consultationID, medicineID, description, dosage, instruction, servingPerDay, quantityDispensed, price, dosageUnit) VALUES ('PR0035', 'CO0037', 'ME0010', 'Green person friend play account stand design.', 3, 'Take after meals', 1, 5, 42.64, 'ml');
INSERT INTO Prescription (prescriptionID, consultationID, medicineID, description, dosage, instruction, servingPerDay, quantityDispensed, price, dosageUnit) VALUES ('PR0036', 'CO0005', 'ME0012', 'Clear inside cut.', 1, 'Take as needed', 2, 4, 66.8, 'capsule');
INSERT INTO Prescription (prescriptionID, consultationID, medicineID, description, dosage, instruction, servingPerDay, quantityDispensed, price, dosageUnit) VALUES ('PR0037', 'CO0014', 'ME0014', 'Physical behavior since attorney bad pass.', 3, 'Take after meals', 3, 1, 55.06, 'ml');
INSERT INTO Prescription (prescriptionID, consultationID, medicineID, description, dosage, instruction, servingPerDay, quantityDispensed, price, dosageUnit) VALUES ('PR0038', 'CO0005', 'ME0005', 'Wife cost hospital answer.', 3, 'Take on empty stomach', 2, 5, 23.76, 'tablet');
INSERT INTO Prescription (prescriptionID, consultationID, medicineID, description, dosage, instruction, servingPerDay, quantityDispensed, price, dosageUnit) VALUES ('PR0039', 'CO0021', 'ME0011', 'Election benefit wide enter attorney arm.', 1, 'Take before meals', 1, 3, 55.28, 'capsule');
INSERT INTO Prescription (prescriptionID, consultationID, medicineID, description, dosage, instruction, servingPerDay, quantityDispensed, price, dosageUnit) VALUES ('PR0040', 'CO0003', 'ME0004', 'Board station national.', 2, 'Take before meals', 4, 3, 52.52, 'tablet');
INSERT INTO Prescription (prescriptionID, consultationID, medicineID, description, dosage, instruction, servingPerDay, quantityDispensed, price, dosageUnit) VALUES ('PR0041', 'CO0022', 'ME0006', 'Worry little wall station media possible newspaper its.', 3, 'Take before meals', 2, 1, 26.05, 'mg');
INSERT INTO Prescription (prescriptionID, consultationID, medicineID, description, dosage, instruction, servingPerDay, quantityDispensed, price, dosageUnit) VALUES ('PR0042', 'CO0007', 'ME0005', 'Plan oil event government trade.', 2, 'Take after meals', 4, 5, 23.76, 'mg');
INSERT INTO Prescription (prescriptionID, consultationID, medicineID, description, dosage, instruction, servingPerDay, quantityDispensed, price, dosageUnit) VALUES ('PR0043', 'CO0012', 'ME0006', 'Animal admit manage side recently environment.', 2, 'Take after meals', 3, 2, 26.05, 'ml');
INSERT INTO Prescription (prescriptionID, consultationID, medicineID, description, dosage, instruction, servingPerDay, quantityDispensed, price, dosageUnit) VALUES ('PR0044', 'CO0025', 'ME0015', 'More themselves moment during analysis admit adult event.', 2, 'Take with food', 2, 4, 11.23, 'capsule');
INSERT INTO Prescription (prescriptionID, consultationID, medicineID, description, dosage, instruction, servingPerDay, quantityDispensed, price, dosageUnit) VALUES ('PR0045', 'CO0016', 'ME0001', 'Great since leader road hundred store life reveal.', 2, 'Take with food', 1, 5, 57.06, 'tablet');
INSERT INTO Prescription (prescriptionID, consultationID, medicineID, description, dosage, instruction, servingPerDay, quantityDispensed, price, dosageUnit) VALUES ('PR0046', 'CO0029', 'ME0008', 'While present guy car free.', 3, 'Take as needed', 1, 1, 58.59, 'capsule');
INSERT INTO Prescription (prescriptionID, consultationID, medicineID, description, dosage, instruction, servingPerDay, quantityDispensed, price, dosageUnit) VALUES ('PR0047', 'CO0039', 'ME0005', 'Back because under better.', 3, 'Take on empty stomach', 2, 2, 23.76, 'tablet');
INSERT INTO Prescription (prescriptionID, consultationID, medicineID, description, dosage, instruction, servingPerDay, quantityDispensed, price, dosageUnit) VALUES ('PR0048', 'CO0009', 'ME0003', 'Pm against style born win.', 3, 'Take at bedtime', 4, 3, 23.67, 'tablet');
INSERT INTO Prescription (prescriptionID, consultationID, medicineID, description, dosage, instruction, servingPerDay, quantityDispensed, price, dosageUnit) VALUES ('PR0049', 'CO0039', 'ME0005', 'Affect central role wrong forward political.', 1, 'Take as needed', 1, 1, 23.76, 'ml');
INSERT INTO Prescription (prescriptionID, consultationID, medicineID, description, dosage, instruction, servingPerDay, quantityDispensed, price, dosageUnit) VALUES ('PR0050', 'CO0040', 'ME0003', 'Side next realize dog general.', 3, 'Take on empty stomach', 1, 4, 23.67, 'tablet');
INSERT INTO Prescription (prescriptionID, consultationID, medicineID, description, dosage, instruction, servingPerDay, quantityDispensed, price, dosageUnit) VALUES ('PR0051', 'CO0027', 'ME0001', 'End position you raise.', 3, 'Take at bedtime', 4, 5, 57.06, 'ml');
INSERT INTO Prescription (prescriptionID, consultationID, medicineID, description, dosage, instruction, servingPerDay, quantityDispensed, price, dosageUnit) VALUES ('PR0052', 'CO0040', 'ME0008', 'Other cost story lose truth I.', 3, 'Take as needed', 1, 4, 58.59, 'tablet');
INSERT INTO Prescription (prescriptionID, consultationID, medicineID, description, dosage, instruction, servingPerDay, quantityDispensed, price, dosageUnit) VALUES ('PR0053', 'CO0008', 'ME0011', 'Surface night glass reduce.', 2, 'Take after meals', 2, 4, 55.28, 'ml');
INSERT INTO Prescription (prescriptionID, consultationID, medicineID, description, dosage, instruction, servingPerDay, quantityDispensed, price, dosageUnit) VALUES ('PR0054', 'CO0034', 'ME0013', 'Green compare least unit total it drop.', 1, 'Take after meals', 3, 5, 97.12, 'ml');
INSERT INTO Prescription (prescriptionID, consultationID, medicineID, description, dosage, instruction, servingPerDay, quantityDispensed, price, dosageUnit) VALUES ('PR0055', 'CO0012', 'ME0005', 'Than to there simple group purpose.', 3, 'Take on empty stomach', 2, 3, 23.76, 'capsule');
INSERT INTO Prescription (prescriptionID, consultationID, medicineID, description, dosage, instruction, servingPerDay, quantityDispensed, price, dosageUnit) VALUES ('PR0056', 'CO0022', 'ME0003', 'Call it TV body clearly new.', 1, 'Take after meals', 2, 5, 23.67, 'ml');
INSERT INTO Prescription (prescriptionID, consultationID, medicineID, description, dosage, instruction, servingPerDay, quantityDispensed, price, dosageUnit) VALUES ('PR0057', 'CO0018', 'ME0009', 'Read house explain.', 3, 'Take with food', 2, 5, 94.87, 'ml');
INSERT INTO Prescription (prescriptionID, consultationID, medicineID, description, dosage, instruction, servingPerDay, quantityDispensed, price, dosageUnit) VALUES ('PR0058', 'CO0015', 'ME0008', 'Notice series poor chance cup bag enough.', 3, 'Take with food', 2, 5, 58.59, 'capsule');
INSERT INTO Prescription (prescriptionID, consultationID, medicineID, description, dosage, instruction, servingPerDay, quantityDispensed, price, dosageUnit) VALUES ('PR0059', 'CO0031', 'ME0014', 'Hard occur turn act.', 2, 'Take with food', 4, 3, 55.06, 'mg');
INSERT INTO Prescription (prescriptionID, consultationID, medicineID, description, dosage, instruction, servingPerDay, quantityDispensed, price, dosageUnit) VALUES ('PR0060', 'CO0033', 'ME0015', 'Think usually I debate.', 3, 'Take at bedtime', 2, 5, 11.23, 'tablet');
INSERT INTO Schedule (scheduleID, doctorID, date, startTime, endTime, shift) VALUES ('SC0001', 'ST0001', '2025-07-01', '2025-07-01 08:00:00', '2025-07-01 14:00:00', 'Morning');
INSERT INTO Schedule (scheduleID, doctorID, date, startTime, endTime, shift) VALUES ('SC0002', 'ST0001', '2025-07-01', '2025-07-01 14:00:00', '2025-07-01 20:00:00', 'Evening');
INSERT INTO Schedule (scheduleID, doctorID, date, startTime, endTime, shift) VALUES ('SC0003', 'ST0003', '2025-07-01', '2025-07-01 08:00:00', '2025-07-01 14:00:00', 'Morning');
INSERT INTO Schedule (scheduleID, doctorID, date, startTime, endTime, shift) VALUES ('SC0004', 'ST0003', '2025-07-01', '2025-07-01 14:00:00', '2025-07-01 20:00:00', 'Evening');
INSERT INTO Schedule (scheduleID, doctorID, date, startTime, endTime, shift) VALUES ('SC0005', 'ST0004', '2025-07-01', '2025-07-01 08:00:00', '2025-07-01 14:00:00', 'Morning');
INSERT INTO Schedule (scheduleID, doctorID, date, startTime, endTime, shift) VALUES ('SC0006', 'ST0004', '2025-07-01', '2025-07-01 14:00:00', '2025-07-01 20:00:00', 'Evening');
INSERT INTO Schedule (scheduleID, doctorID, date, startTime, endTime, shift) VALUES ('SC0007', 'ST0006', '2025-07-01', '2025-07-01 08:00:00', '2025-07-01 14:00:00', 'Morning');
INSERT INTO Schedule (scheduleID, doctorID, date, startTime, endTime, shift) VALUES ('SC0008', 'ST0006', '2025-07-01', '2025-07-01 14:00:00', '2025-07-01 20:00:00', 'Evening');
INSERT INTO Schedule (scheduleID, doctorID, date, startTime, endTime, shift) VALUES ('SC0009', 'ST0009', '2025-07-01', '2025-07-01 08:00:00', '2025-07-01 14:00:00', 'Morning');
INSERT INTO Schedule (scheduleID, doctorID, date, startTime, endTime, shift) VALUES ('SC0010', 'ST0009', '2025-07-01', '2025-07-01 14:00:00', '2025-07-01 20:00:00', 'Evening');
INSERT INTO Schedule (scheduleID, doctorID, date, startTime, endTime, shift) VALUES ('SC0011', 'ST0010', '2025-07-01', '2025-07-01 08:00:00', '2025-07-01 14:00:00', 'Morning');
INSERT INTO Schedule (scheduleID, doctorID, date, startTime, endTime, shift) VALUES ('SC0012', 'ST0010', '2025-07-01', '2025-07-01 14:00:00', '2025-07-01 20:00:00', 'Evening');
INSERT INTO Schedule (scheduleID, doctorID, date, startTime, endTime, shift) VALUES ('SC0013', 'ST0001', '2025-07-02', '2025-07-02 08:00:00', '2025-07-02 14:00:00', 'Morning');
INSERT INTO Schedule (scheduleID, doctorID, date, startTime, endTime, shift) VALUES ('SC0014', 'ST0001', '2025-07-02', '2025-07-02 14:00:00', '2025-07-02 20:00:00', 'Evening');
INSERT INTO Schedule (scheduleID, doctorID, date, startTime, endTime, shift) VALUES ('SC0015', 'ST0003', '2025-07-02', '2025-07-02 08:00:00', '2025-07-02 14:00:00', 'Morning');
INSERT INTO Schedule (scheduleID, doctorID, date, startTime, endTime, shift) VALUES ('SC0016', 'ST0003', '2025-07-02', '2025-07-02 14:00:00', '2025-07-02 20:00:00', 'Evening');
INSERT INTO Schedule (scheduleID, doctorID, date, startTime, endTime, shift) VALUES ('SC0017', 'ST0004', '2025-07-02', '2025-07-02 08:00:00', '2025-07-02 14:00:00', 'Morning');
INSERT INTO Schedule (scheduleID, doctorID, date, startTime, endTime, shift) VALUES ('SC0018', 'ST0004', '2025-07-02', '2025-07-02 14:00:00', '2025-07-02 20:00:00', 'Evening');
INSERT INTO Schedule (scheduleID, doctorID, date, startTime, endTime, shift) VALUES ('SC0019', 'ST0006', '2025-07-02', '2025-07-02 08:00:00', '2025-07-02 14:00:00', 'Morning');
INSERT INTO Schedule (scheduleID, doctorID, date, startTime, endTime, shift) VALUES ('SC0020', 'ST0006', '2025-07-02', '2025-07-02 14:00:00', '2025-07-02 20:00:00', 'Evening');
INSERT INTO Schedule (scheduleID, doctorID, date, startTime, endTime, shift) VALUES ('SC0021', 'ST0009', '2025-07-02', '2025-07-02 08:00:00', '2025-07-02 14:00:00', 'Morning');
INSERT INTO Schedule (scheduleID, doctorID, date, startTime, endTime, shift) VALUES ('SC0022', 'ST0009', '2025-07-02', '2025-07-02 14:00:00', '2025-07-02 20:00:00', 'Evening');
INSERT INTO Schedule (scheduleID, doctorID, date, startTime, endTime, shift) VALUES ('SC0023', 'ST0010', '2025-07-02', '2025-07-02 08:00:00', '2025-07-02 14:00:00', 'Morning');
INSERT INTO Schedule (scheduleID, doctorID, date, startTime, endTime, shift) VALUES ('SC0024', 'ST0010', '2025-07-02', '2025-07-02 14:00:00', '2025-07-02 20:00:00', 'Evening');
INSERT INTO Schedule (scheduleID, doctorID, date, startTime, endTime, shift) VALUES ('SC0025', 'ST0001', '2025-07-03', '2025-07-03 08:00:00', '2025-07-03 14:00:00', 'Morning');
INSERT INTO Schedule (scheduleID, doctorID, date, startTime, endTime, shift) VALUES ('SC0026', 'ST0001', '2025-07-03', '2025-07-03 14:00:00', '2025-07-03 20:00:00', 'Evening');
INSERT INTO Schedule (scheduleID, doctorID, date, startTime, endTime, shift) VALUES ('SC0027', 'ST0003', '2025-07-03', '2025-07-03 08:00:00', '2025-07-03 14:00:00', 'Morning');
INSERT INTO Schedule (scheduleID, doctorID, date, startTime, endTime, shift) VALUES ('SC0028', 'ST0003', '2025-07-03', '2025-07-03 14:00:00', '2025-07-03 20:00:00', 'Evening');
INSERT INTO Schedule (scheduleID, doctorID, date, startTime, endTime, shift) VALUES ('SC0029', 'ST0004', '2025-07-03', '2025-07-03 08:00:00', '2025-07-03 14:00:00', 'Morning');
INSERT INTO Schedule (scheduleID, doctorID, date, startTime, endTime, shift) VALUES ('SC0030', 'ST0004', '2025-07-03', '2025-07-03 14:00:00', '2025-07-03 20:00:00', 'Evening');
INSERT INTO Schedule (scheduleID, doctorID, date, startTime, endTime, shift) VALUES ('SC0031', 'ST0006', '2025-07-03', '2025-07-03 08:00:00', '2025-07-03 14:00:00', 'Morning');
INSERT INTO Schedule (scheduleID, doctorID, date, startTime, endTime, shift) VALUES ('SC0032', 'ST0006', '2025-07-03', '2025-07-03 14:00:00', '2025-07-03 20:00:00', 'Evening');
INSERT INTO Schedule (scheduleID, doctorID, date, startTime, endTime, shift) VALUES ('SC0033', 'ST0009', '2025-07-03', '2025-07-03 08:00:00', '2025-07-03 14:00:00', 'Morning');
INSERT INTO Schedule (scheduleID, doctorID, date, startTime, endTime, shift) VALUES ('SC0034', 'ST0009', '2025-07-03', '2025-07-03 14:00:00', '2025-07-03 20:00:00', 'Evening');
INSERT INTO Schedule (scheduleID, doctorID, date, startTime, endTime, shift) VALUES ('SC0035', 'ST0010', '2025-07-03', '2025-07-03 08:00:00', '2025-07-03 14:00:00', 'Morning');
INSERT INTO Schedule (scheduleID, doctorID, date, startTime, endTime, shift) VALUES ('SC0036', 'ST0010', '2025-07-03', '2025-07-03 14:00:00', '2025-07-03 20:00:00', 'Evening');
INSERT INTO Schedule (scheduleID, doctorID, date, startTime, endTime, shift) VALUES ('SC0037', 'ST0001', '2025-07-04', '2025-07-04 08:00:00', '2025-07-04 14:00:00', 'Morning');
INSERT INTO Schedule (scheduleID, doctorID, date, startTime, endTime, shift) VALUES ('SC0038', 'ST0001', '2025-07-04', '2025-07-04 14:00:00', '2025-07-04 20:00:00', 'Evening');
INSERT INTO Schedule (scheduleID, doctorID, date, startTime, endTime, shift) VALUES ('SC0039', 'ST0003', '2025-07-04', '2025-07-04 08:00:00', '2025-07-04 14:00:00', 'Morning');
INSERT INTO Schedule (scheduleID, doctorID, date, startTime, endTime, shift) VALUES ('SC0040', 'ST0003', '2025-07-04', '2025-07-04 14:00:00', '2025-07-04 20:00:00', 'Evening');
INSERT INTO Schedule (scheduleID, doctorID, date, startTime, endTime, shift) VALUES ('SC0041', 'ST0004', '2025-07-04', '2025-07-04 08:00:00', '2025-07-04 14:00:00', 'Morning');
INSERT INTO Schedule (scheduleID, doctorID, date, startTime, endTime, shift) VALUES ('SC0042', 'ST0004', '2025-07-04', '2025-07-04 14:00:00', '2025-07-04 20:00:00', 'Evening');
INSERT INTO Schedule (scheduleID, doctorID, date, startTime, endTime, shift) VALUES ('SC0043', 'ST0006', '2025-07-04', '2025-07-04 08:00:00', '2025-07-04 14:00:00', 'Morning');
INSERT INTO Schedule (scheduleID, doctorID, date, startTime, endTime, shift) VALUES ('SC0044', 'ST0006', '2025-07-04', '2025-07-04 14:00:00', '2025-07-04 20:00:00', 'Evening');
INSERT INTO Schedule (scheduleID, doctorID, date, startTime, endTime, shift) VALUES ('SC0045', 'ST0009', '2025-07-04', '2025-07-04 08:00:00', '2025-07-04 14:00:00', 'Morning');
INSERT INTO Schedule (scheduleID, doctorID, date, startTime, endTime, shift) VALUES ('SC0046', 'ST0009', '2025-07-04', '2025-07-04 14:00:00', '2025-07-04 20:00:00', 'Evening');
INSERT INTO Schedule (scheduleID, doctorID, date, startTime, endTime, shift) VALUES ('SC0047', 'ST0010', '2025-07-04', '2025-07-04 08:00:00', '2025-07-04 14:00:00', 'Morning');
INSERT INTO Schedule (scheduleID, doctorID, date, startTime, endTime, shift) VALUES ('SC0048', 'ST0010', '2025-07-04', '2025-07-04 14:00:00', '2025-07-04 20:00:00', 'Evening');
INSERT INTO Schedule (scheduleID, doctorID, date, startTime, endTime, shift) VALUES ('SC0049', 'ST0001', '2025-07-05', '2025-07-05 08:00:00', '2025-07-05 14:00:00', 'Morning');
INSERT INTO Schedule (scheduleID, doctorID, date, startTime, endTime, shift) VALUES ('SC0050', 'ST0001', '2025-07-05', '2025-07-05 14:00:00', '2025-07-05 20:00:00', 'Evening');
INSERT INTO Schedule (scheduleID, doctorID, date, startTime, endTime, shift) VALUES ('SC0051', 'ST0003', '2025-07-05', '2025-07-05 08:00:00', '2025-07-05 14:00:00', 'Morning');
INSERT INTO Schedule (scheduleID, doctorID, date, startTime, endTime, shift) VALUES ('SC0052', 'ST0003', '2025-07-05', '2025-07-05 14:00:00', '2025-07-05 20:00:00', 'Evening');
INSERT INTO Schedule (scheduleID, doctorID, date, startTime, endTime, shift) VALUES ('SC0053', 'ST0004', '2025-07-05', '2025-07-05 08:00:00', '2025-07-05 14:00:00', 'Morning');
INSERT INTO Schedule (scheduleID, doctorID, date, startTime, endTime, shift) VALUES ('SC0054', 'ST0004', '2025-07-05', '2025-07-05 14:00:00', '2025-07-05 20:00:00', 'Evening');
INSERT INTO Schedule (scheduleID, doctorID, date, startTime, endTime, shift) VALUES ('SC0055', 'ST0006', '2025-07-05', '2025-07-05 08:00:00', '2025-07-05 14:00:00', 'Morning');
INSERT INTO Schedule (scheduleID, doctorID, date, startTime, endTime, shift) VALUES ('SC0056', 'ST0006', '2025-07-05', '2025-07-05 14:00:00', '2025-07-05 20:00:00', 'Evening');
INSERT INTO Schedule (scheduleID, doctorID, date, startTime, endTime, shift) VALUES ('SC0057', 'ST0009', '2025-07-05', '2025-07-05 08:00:00', '2025-07-05 14:00:00', 'Morning');
INSERT INTO Schedule (scheduleID, doctorID, date, startTime, endTime, shift) VALUES ('SC0058', 'ST0009', '2025-07-05', '2025-07-05 14:00:00', '2025-07-05 20:00:00', 'Evening');
INSERT INTO Schedule (scheduleID, doctorID, date, startTime, endTime, shift) VALUES ('SC0059', 'ST0010', '2025-07-05', '2025-07-05 08:00:00', '2025-07-05 14:00:00', 'Morning');
INSERT INTO Schedule (scheduleID, doctorID, date, startTime, endTime, shift) VALUES ('SC0060', 'ST0010', '2025-07-05', '2025-07-05 14:00:00', '2025-07-05 20:00:00', 'Evening');
INSERT INTO Schedule (scheduleID, doctorID, date, startTime, endTime, shift) VALUES ('SC0061', 'ST0001', '2025-07-06', '2025-07-06 08:00:00', '2025-07-06 14:00:00', 'Morning');
INSERT INTO Schedule (scheduleID, doctorID, date, startTime, endTime, shift) VALUES ('SC0062', 'ST0001', '2025-07-06', '2025-07-06 14:00:00', '2025-07-06 20:00:00', 'Evening');
INSERT INTO Schedule (scheduleID, doctorID, date, startTime, endTime, shift) VALUES ('SC0063', 'ST0003', '2025-07-06', '2025-07-06 08:00:00', '2025-07-06 14:00:00', 'Morning');
INSERT INTO Schedule (scheduleID, doctorID, date, startTime, endTime, shift) VALUES ('SC0064', 'ST0003', '2025-07-06', '2025-07-06 14:00:00', '2025-07-06 20:00:00', 'Evening');
INSERT INTO Schedule (scheduleID, doctorID, date, startTime, endTime, shift) VALUES ('SC0065', 'ST0004', '2025-07-06', '2025-07-06 08:00:00', '2025-07-06 14:00:00', 'Morning');
INSERT INTO Schedule (scheduleID, doctorID, date, startTime, endTime, shift) VALUES ('SC0066', 'ST0004', '2025-07-06', '2025-07-06 14:00:00', '2025-07-06 20:00:00', 'Evening');
INSERT INTO Schedule (scheduleID, doctorID, date, startTime, endTime, shift) VALUES ('SC0067', 'ST0006', '2025-07-06', '2025-07-06 08:00:00', '2025-07-06 14:00:00', 'Morning');
INSERT INTO Schedule (scheduleID, doctorID, date, startTime, endTime, shift) VALUES ('SC0068', 'ST0006', '2025-07-06', '2025-07-06 14:00:00', '2025-07-06 20:00:00', 'Evening');
INSERT INTO Schedule (scheduleID, doctorID, date, startTime, endTime, shift) VALUES ('SC0069', 'ST0009', '2025-07-06', '2025-07-06 08:00:00', '2025-07-06 14:00:00', 'Morning');
INSERT INTO Schedule (scheduleID, doctorID, date, startTime, endTime, shift) VALUES ('SC0070', 'ST0009', '2025-07-06', '2025-07-06 14:00:00', '2025-07-06 20:00:00', 'Evening');
INSERT INTO Schedule (scheduleID, doctorID, date, startTime, endTime, shift) VALUES ('SC0071', 'ST0010', '2025-07-06', '2025-07-06 08:00:00', '2025-07-06 14:00:00', 'Morning');
INSERT INTO Schedule (scheduleID, doctorID, date, startTime, endTime, shift) VALUES ('SC0072', 'ST0010', '2025-07-06', '2025-07-06 14:00:00', '2025-07-06 20:00:00', 'Evening');
INSERT INTO Schedule (scheduleID, doctorID, date, startTime, endTime, shift) VALUES ('SC0073', 'ST0001', '2025-07-07', '2025-07-07 08:00:00', '2025-07-07 14:00:00', 'Morning');
INSERT INTO Schedule (scheduleID, doctorID, date, startTime, endTime, shift) VALUES ('SC0074', 'ST0001', '2025-07-07', '2025-07-07 14:00:00', '2025-07-07 20:00:00', 'Evening');
INSERT INTO Schedule (scheduleID, doctorID, date, startTime, endTime, shift) VALUES ('SC0075', 'ST0003', '2025-07-07', '2025-07-07 08:00:00', '2025-07-07 14:00:00', 'Morning');
INSERT INTO Schedule (scheduleID, doctorID, date, startTime, endTime, shift) VALUES ('SC0076', 'ST0003', '2025-07-07', '2025-07-07 14:00:00', '2025-07-07 20:00:00', 'Evening');
INSERT INTO Schedule (scheduleID, doctorID, date, startTime, endTime, shift) VALUES ('SC0077', 'ST0004', '2025-07-07', '2025-07-07 08:00:00', '2025-07-07 14:00:00', 'Morning');
INSERT INTO Schedule (scheduleID, doctorID, date, startTime, endTime, shift) VALUES ('SC0078', 'ST0004', '2025-07-07', '2025-07-07 14:00:00', '2025-07-07 20:00:00', 'Evening');
INSERT INTO Schedule (scheduleID, doctorID, date, startTime, endTime, shift) VALUES ('SC0079', 'ST0006', '2025-07-07', '2025-07-07 08:00:00', '2025-07-07 14:00:00', 'Morning');
INSERT INTO Schedule (scheduleID, doctorID, date, startTime, endTime, shift) VALUES ('SC0080', 'ST0006', '2025-07-07', '2025-07-07 14:00:00', '2025-07-07 20:00:00', 'Evening');
INSERT INTO Schedule (scheduleID, doctorID, date, startTime, endTime, shift) VALUES ('SC0081', 'ST0009', '2025-07-07', '2025-07-07 08:00:00', '2025-07-07 14:00:00', 'Morning');
INSERT INTO Schedule (scheduleID, doctorID, date, startTime, endTime, shift) VALUES ('SC0082', 'ST0009', '2025-07-07', '2025-07-07 14:00:00', '2025-07-07 20:00:00', 'Evening');
INSERT INTO Schedule (scheduleID, doctorID, date, startTime, endTime, shift) VALUES ('SC0083', 'ST0010', '2025-07-07', '2025-07-07 08:00:00', '2025-07-07 14:00:00', 'Morning');
INSERT INTO Schedule (scheduleID, doctorID, date, startTime, endTime, shift) VALUES ('SC0084', 'ST0010', '2025-07-07', '2025-07-07 14:00:00', '2025-07-07 20:00:00', 'Evening');
INSERT INTO Schedule (scheduleID, doctorID, date, startTime, endTime, shift) VALUES ('SC0085', 'ST0001', '2025-07-08', '2025-07-08 08:00:00', '2025-07-08 14:00:00', 'Morning');
INSERT INTO Schedule (scheduleID, doctorID, date, startTime, endTime, shift) VALUES ('SC0086', 'ST0001', '2025-07-08', '2025-07-08 14:00:00', '2025-07-08 20:00:00', 'Evening');
INSERT INTO Schedule (scheduleID, doctorID, date, startTime, endTime, shift) VALUES ('SC0087', 'ST0003', '2025-07-08', '2025-07-08 08:00:00', '2025-07-08 14:00:00', 'Morning');
INSERT INTO Schedule (scheduleID, doctorID, date, startTime, endTime, shift) VALUES ('SC0088', 'ST0003', '2025-07-08', '2025-07-08 14:00:00', '2025-07-08 20:00:00', 'Evening');
INSERT INTO Schedule (scheduleID, doctorID, date, startTime, endTime, shift) VALUES ('SC0089', 'ST0004', '2025-07-08', '2025-07-08 08:00:00', '2025-07-08 14:00:00', 'Morning');
INSERT INTO Schedule (scheduleID, doctorID, date, startTime, endTime, shift) VALUES ('SC0090', 'ST0004', '2025-07-08', '2025-07-08 14:00:00', '2025-07-08 20:00:00', 'Evening');
INSERT INTO Schedule (scheduleID, doctorID, date, startTime, endTime, shift) VALUES ('SC0091', 'ST0006', '2025-07-08', '2025-07-08 08:00:00', '2025-07-08 14:00:00', 'Morning');
INSERT INTO Schedule (scheduleID, doctorID, date, startTime, endTime, shift) VALUES ('SC0092', 'ST0006', '2025-07-08', '2025-07-08 14:00:00', '2025-07-08 20:00:00', 'Evening');
INSERT INTO Schedule (scheduleID, doctorID, date, startTime, endTime, shift) VALUES ('SC0093', 'ST0009', '2025-07-08', '2025-07-08 08:00:00', '2025-07-08 14:00:00', 'Morning');
INSERT INTO Schedule (scheduleID, doctorID, date, startTime, endTime, shift) VALUES ('SC0094', 'ST0009', '2025-07-08', '2025-07-08 14:00:00', '2025-07-08 20:00:00', 'Evening');
INSERT INTO Schedule (scheduleID, doctorID, date, startTime, endTime, shift) VALUES ('SC0095', 'ST0010', '2025-07-08', '2025-07-08 08:00:00', '2025-07-08 14:00:00', 'Morning');
INSERT INTO Schedule (scheduleID, doctorID, date, startTime, endTime, shift) VALUES ('SC0096', 'ST0010', '2025-07-08', '2025-07-08 14:00:00', '2025-07-08 20:00:00', 'Evening');
INSERT INTO Schedule (scheduleID, doctorID, date, startTime, endTime, shift) VALUES ('SC0097', 'ST0001', '2025-07-09', '2025-07-09 08:00:00', '2025-07-09 14:00:00', 'Morning');
INSERT INTO Schedule (scheduleID, doctorID, date, startTime, endTime, shift) VALUES ('SC0098', 'ST0001', '2025-07-09', '2025-07-09 14:00:00', '2025-07-09 20:00:00', 'Evening');
INSERT INTO Schedule (scheduleID, doctorID, date, startTime, endTime, shift) VALUES ('SC0099', 'ST0003', '2025-07-09', '2025-07-09 08:00:00', '2025-07-09 14:00:00', 'Morning');
INSERT INTO Schedule (scheduleID, doctorID, date, startTime, endTime, shift) VALUES ('SC0100', 'ST0003', '2025-07-09', '2025-07-09 14:00:00', '2025-07-09 20:00:00', 'Evening');
INSERT INTO Schedule (scheduleID, doctorID, date, startTime, endTime, shift) VALUES ('SC0101', 'ST0004', '2025-07-09', '2025-07-09 08:00:00', '2025-07-09 14:00:00', 'Morning');
INSERT INTO Schedule (scheduleID, doctorID, date, startTime, endTime, shift) VALUES ('SC0102', 'ST0004', '2025-07-09', '2025-07-09 14:00:00', '2025-07-09 20:00:00', 'Evening');
INSERT INTO Schedule (scheduleID, doctorID, date, startTime, endTime, shift) VALUES ('SC0103', 'ST0006', '2025-07-09', '2025-07-09 08:00:00', '2025-07-09 14:00:00', 'Morning');
INSERT INTO Schedule (scheduleID, doctorID, date, startTime, endTime, shift) VALUES ('SC0104', 'ST0006', '2025-07-09', '2025-07-09 14:00:00', '2025-07-09 20:00:00', 'Evening');
INSERT INTO Schedule (scheduleID, doctorID, date, startTime, endTime, shift) VALUES ('SC0105', 'ST0009', '2025-07-09', '2025-07-09 08:00:00', '2025-07-09 14:00:00', 'Morning');
INSERT INTO Schedule (scheduleID, doctorID, date, startTime, endTime, shift) VALUES ('SC0106', 'ST0009', '2025-07-09', '2025-07-09 14:00:00', '2025-07-09 20:00:00', 'Evening');
INSERT INTO Schedule (scheduleID, doctorID, date, startTime, endTime, shift) VALUES ('SC0107', 'ST0010', '2025-07-09', '2025-07-09 08:00:00', '2025-07-09 14:00:00', 'Morning');
INSERT INTO Schedule (scheduleID, doctorID, date, startTime, endTime, shift) VALUES ('SC0108', 'ST0010', '2025-07-09', '2025-07-09 14:00:00', '2025-07-09 20:00:00', 'Evening');
INSERT INTO Schedule (scheduleID, doctorID, date, startTime, endTime, shift) VALUES ('SC0109', 'ST0001', '2025-07-10', '2025-07-10 08:00:00', '2025-07-10 14:00:00', 'Morning');
INSERT INTO Schedule (scheduleID, doctorID, date, startTime, endTime, shift) VALUES ('SC0110', 'ST0001', '2025-07-10', '2025-07-10 14:00:00', '2025-07-10 20:00:00', 'Evening');
INSERT INTO Schedule (scheduleID, doctorID, date, startTime, endTime, shift) VALUES ('SC0111', 'ST0003', '2025-07-10', '2025-07-10 08:00:00', '2025-07-10 14:00:00', 'Morning');
INSERT INTO Schedule (scheduleID, doctorID, date, startTime, endTime, shift) VALUES ('SC0112', 'ST0003', '2025-07-10', '2025-07-10 14:00:00', '2025-07-10 20:00:00', 'Evening');
INSERT INTO Schedule (scheduleID, doctorID, date, startTime, endTime, shift) VALUES ('SC0113', 'ST0004', '2025-07-10', '2025-07-10 08:00:00', '2025-07-10 14:00:00', 'Morning');
INSERT INTO Schedule (scheduleID, doctorID, date, startTime, endTime, shift) VALUES ('SC0114', 'ST0004', '2025-07-10', '2025-07-10 14:00:00', '2025-07-10 20:00:00', 'Evening');
INSERT INTO Schedule (scheduleID, doctorID, date, startTime, endTime, shift) VALUES ('SC0115', 'ST0006', '2025-07-10', '2025-07-10 08:00:00', '2025-07-10 14:00:00', 'Morning');
INSERT INTO Schedule (scheduleID, doctorID, date, startTime, endTime, shift) VALUES ('SC0116', 'ST0006', '2025-07-10', '2025-07-10 14:00:00', '2025-07-10 20:00:00', 'Evening');
INSERT INTO Schedule (scheduleID, doctorID, date, startTime, endTime, shift) VALUES ('SC0117', 'ST0009', '2025-07-10', '2025-07-10 08:00:00', '2025-07-10 14:00:00', 'Morning');
INSERT INTO Schedule (scheduleID, doctorID, date, startTime, endTime, shift) VALUES ('SC0118', 'ST0009', '2025-07-10', '2025-07-10 14:00:00', '2025-07-10 20:00:00', 'Evening');
INSERT INTO Schedule (scheduleID, doctorID, date, startTime, endTime, shift) VALUES ('SC0119', 'ST0010', '2025-07-10', '2025-07-10 08:00:00', '2025-07-10 14:00:00', 'Morning');
INSERT INTO Schedule (scheduleID, doctorID, date, startTime, endTime, shift) VALUES ('SC0120', 'ST0010', '2025-07-10', '2025-07-10 14:00:00', '2025-07-10 20:00:00', 'Evening');
INSERT INTO Schedule (scheduleID, doctorID, date, startTime, endTime, shift) VALUES ('SC0121', 'ST0001', '2025-07-11', '2025-07-11 08:00:00', '2025-07-11 14:00:00', 'Morning');
INSERT INTO Schedule (scheduleID, doctorID, date, startTime, endTime, shift) VALUES ('SC0122', 'ST0001', '2025-07-11', '2025-07-11 14:00:00', '2025-07-11 20:00:00', 'Evening');
INSERT INTO Schedule (scheduleID, doctorID, date, startTime, endTime, shift) VALUES ('SC0123', 'ST0003', '2025-07-11', '2025-07-11 08:00:00', '2025-07-11 14:00:00', 'Morning');
INSERT INTO Schedule (scheduleID, doctorID, date, startTime, endTime, shift) VALUES ('SC0124', 'ST0003', '2025-07-11', '2025-07-11 14:00:00', '2025-07-11 20:00:00', 'Evening');
INSERT INTO Schedule (scheduleID, doctorID, date, startTime, endTime, shift) VALUES ('SC0125', 'ST0004', '2025-07-11', '2025-07-11 08:00:00', '2025-07-11 14:00:00', 'Morning');
INSERT INTO Schedule (scheduleID, doctorID, date, startTime, endTime, shift) VALUES ('SC0126', 'ST0004', '2025-07-11', '2025-07-11 14:00:00', '2025-07-11 20:00:00', 'Evening');
INSERT INTO Schedule (scheduleID, doctorID, date, startTime, endTime, shift) VALUES ('SC0127', 'ST0006', '2025-07-11', '2025-07-11 08:00:00', '2025-07-11 14:00:00', 'Morning');
INSERT INTO Schedule (scheduleID, doctorID, date, startTime, endTime, shift) VALUES ('SC0128', 'ST0006', '2025-07-11', '2025-07-11 14:00:00', '2025-07-11 20:00:00', 'Evening');
INSERT INTO Schedule (scheduleID, doctorID, date, startTime, endTime, shift) VALUES ('SC0129', 'ST0009', '2025-07-11', '2025-07-11 08:00:00', '2025-07-11 14:00:00', 'Morning');
INSERT INTO Schedule (scheduleID, doctorID, date, startTime, endTime, shift) VALUES ('SC0130', 'ST0009', '2025-07-11', '2025-07-11 14:00:00', '2025-07-11 20:00:00', 'Evening');
INSERT INTO Schedule (scheduleID, doctorID, date, startTime, endTime, shift) VALUES ('SC0131', 'ST0010', '2025-07-11', '2025-07-11 08:00:00', '2025-07-11 14:00:00', 'Morning');
INSERT INTO Schedule (scheduleID, doctorID, date, startTime, endTime, shift) VALUES ('SC0132', 'ST0010', '2025-07-11', '2025-07-11 14:00:00', '2025-07-11 20:00:00', 'Evening');
INSERT INTO Schedule (scheduleID, doctorID, date, startTime, endTime, shift) VALUES ('SC0133', 'ST0001', '2025-07-12', '2025-07-12 08:00:00', '2025-07-12 14:00:00', 'Morning');
INSERT INTO Schedule (scheduleID, doctorID, date, startTime, endTime, shift) VALUES ('SC0134', 'ST0001', '2025-07-12', '2025-07-12 14:00:00', '2025-07-12 20:00:00', 'Evening');
INSERT INTO Schedule (scheduleID, doctorID, date, startTime, endTime, shift) VALUES ('SC0135', 'ST0003', '2025-07-12', '2025-07-12 08:00:00', '2025-07-12 14:00:00', 'Morning');
INSERT INTO Schedule (scheduleID, doctorID, date, startTime, endTime, shift) VALUES ('SC0136', 'ST0003', '2025-07-12', '2025-07-12 14:00:00', '2025-07-12 20:00:00', 'Evening');
INSERT INTO Schedule (scheduleID, doctorID, date, startTime, endTime, shift) VALUES ('SC0137', 'ST0004', '2025-07-12', '2025-07-12 08:00:00', '2025-07-12 14:00:00', 'Morning');
INSERT INTO Schedule (scheduleID, doctorID, date, startTime, endTime, shift) VALUES ('SC0138', 'ST0004', '2025-07-12', '2025-07-12 14:00:00', '2025-07-12 20:00:00', 'Evening');
INSERT INTO Schedule (scheduleID, doctorID, date, startTime, endTime, shift) VALUES ('SC0139', 'ST0006', '2025-07-12', '2025-07-12 08:00:00', '2025-07-12 14:00:00', 'Morning');
INSERT INTO Schedule (scheduleID, doctorID, date, startTime, endTime, shift) VALUES ('SC0140', 'ST0006', '2025-07-12', '2025-07-12 14:00:00', '2025-07-12 20:00:00', 'Evening');
INSERT INTO Schedule (scheduleID, doctorID, date, startTime, endTime, shift) VALUES ('SC0141', 'ST0009', '2025-07-12', '2025-07-12 08:00:00', '2025-07-12 14:00:00', 'Morning');
INSERT INTO Schedule (scheduleID, doctorID, date, startTime, endTime, shift) VALUES ('SC0142', 'ST0009', '2025-07-12', '2025-07-12 14:00:00', '2025-07-12 20:00:00', 'Evening');
INSERT INTO Schedule (scheduleID, doctorID, date, startTime, endTime, shift) VALUES ('SC0143', 'ST0010', '2025-07-12', '2025-07-12 08:00:00', '2025-07-12 14:00:00', 'Morning');
INSERT INTO Schedule (scheduleID, doctorID, date, startTime, endTime, shift) VALUES ('SC0144', 'ST0010', '2025-07-12', '2025-07-12 14:00:00', '2025-07-12 20:00:00', 'Evening');
INSERT INTO Schedule (scheduleID, doctorID, date, startTime, endTime, shift) VALUES ('SC0145', 'ST0001', '2025-07-13', '2025-07-13 08:00:00', '2025-07-13 14:00:00', 'Morning');
INSERT INTO Schedule (scheduleID, doctorID, date, startTime, endTime, shift) VALUES ('SC0146', 'ST0001', '2025-07-13', '2025-07-13 14:00:00', '2025-07-13 20:00:00', 'Evening');
INSERT INTO Schedule (scheduleID, doctorID, date, startTime, endTime, shift) VALUES ('SC0147', 'ST0003', '2025-07-13', '2025-07-13 08:00:00', '2025-07-13 14:00:00', 'Morning');
INSERT INTO Schedule (scheduleID, doctorID, date, startTime, endTime, shift) VALUES ('SC0148', 'ST0003', '2025-07-13', '2025-07-13 14:00:00', '2025-07-13 20:00:00', 'Evening');
INSERT INTO Schedule (scheduleID, doctorID, date, startTime, endTime, shift) VALUES ('SC0149', 'ST0004', '2025-07-13', '2025-07-13 08:00:00', '2025-07-13 14:00:00', 'Morning');
INSERT INTO Schedule (scheduleID, doctorID, date, startTime, endTime, shift) VALUES ('SC0150', 'ST0004', '2025-07-13', '2025-07-13 14:00:00', '2025-07-13 20:00:00', 'Evening');
INSERT INTO Schedule (scheduleID, doctorID, date, startTime, endTime, shift) VALUES ('SC0151', 'ST0006', '2025-07-13', '2025-07-13 08:00:00', '2025-07-13 14:00:00', 'Morning');
INSERT INTO Schedule (scheduleID, doctorID, date, startTime, endTime, shift) VALUES ('SC0152', 'ST0006', '2025-07-13', '2025-07-13 14:00:00', '2025-07-13 20:00:00', 'Evening');
INSERT INTO Schedule (scheduleID, doctorID, date, startTime, endTime, shift) VALUES ('SC0153', 'ST0009', '2025-07-13', '2025-07-13 08:00:00', '2025-07-13 14:00:00', 'Morning');
INSERT INTO Schedule (scheduleID, doctorID, date, startTime, endTime, shift) VALUES ('SC0154', 'ST0009', '2025-07-13', '2025-07-13 14:00:00', '2025-07-13 20:00:00', 'Evening');
INSERT INTO Schedule (scheduleID, doctorID, date, startTime, endTime, shift) VALUES ('SC0155', 'ST0010', '2025-07-13', '2025-07-13 08:00:00', '2025-07-13 14:00:00', 'Morning');
INSERT INTO Schedule (scheduleID, doctorID, date, startTime, endTime, shift) VALUES ('SC0156', 'ST0010', '2025-07-13', '2025-07-13 14:00:00', '2025-07-13 20:00:00', 'Evening');
INSERT INTO Schedule (scheduleID, doctorID, date, startTime, endTime, shift) VALUES ('SC0157', 'ST0001', '2025-07-14', '2025-07-14 08:00:00', '2025-07-14 14:00:00', 'Morning');
INSERT INTO Schedule (scheduleID, doctorID, date, startTime, endTime, shift) VALUES ('SC0158', 'ST0001', '2025-07-14', '2025-07-14 14:00:00', '2025-07-14 20:00:00', 'Evening');
INSERT INTO Schedule (scheduleID, doctorID, date, startTime, endTime, shift) VALUES ('SC0159', 'ST0003', '2025-07-14', '2025-07-14 08:00:00', '2025-07-14 14:00:00', 'Morning');
INSERT INTO Schedule (scheduleID, doctorID, date, startTime, endTime, shift) VALUES ('SC0160', 'ST0003', '2025-07-14', '2025-07-14 14:00:00', '2025-07-14 20:00:00', 'Evening');
INSERT INTO Schedule (scheduleID, doctorID, date, startTime, endTime, shift) VALUES ('SC0161', 'ST0004', '2025-07-14', '2025-07-14 08:00:00', '2025-07-14 14:00:00', 'Morning');
INSERT INTO Schedule (scheduleID, doctorID, date, startTime, endTime, shift) VALUES ('SC0162', 'ST0004', '2025-07-14', '2025-07-14 14:00:00', '2025-07-14 20:00:00', 'Evening');
INSERT INTO Schedule (scheduleID, doctorID, date, startTime, endTime, shift) VALUES ('SC0163', 'ST0006', '2025-07-14', '2025-07-14 08:00:00', '2025-07-14 14:00:00', 'Morning');
INSERT INTO Schedule (scheduleID, doctorID, date, startTime, endTime, shift) VALUES ('SC0164', 'ST0006', '2025-07-14', '2025-07-14 14:00:00', '2025-07-14 20:00:00', 'Evening');
INSERT INTO Schedule (scheduleID, doctorID, date, startTime, endTime, shift) VALUES ('SC0165', 'ST0009', '2025-07-14', '2025-07-14 08:00:00', '2025-07-14 14:00:00', 'Morning');
INSERT INTO Schedule (scheduleID, doctorID, date, startTime, endTime, shift) VALUES ('SC0166', 'ST0009', '2025-07-14', '2025-07-14 14:00:00', '2025-07-14 20:00:00', 'Evening');
INSERT INTO Schedule (scheduleID, doctorID, date, startTime, endTime, shift) VALUES ('SC0167', 'ST0010', '2025-07-14', '2025-07-14 08:00:00', '2025-07-14 14:00:00', 'Morning');
INSERT INTO Schedule (scheduleID, doctorID, date, startTime, endTime, shift) VALUES ('SC0168', 'ST0010', '2025-07-14', '2025-07-14 14:00:00', '2025-07-14 20:00:00', 'Evening');
INSERT INTO Schedule (scheduleID, doctorID, date, startTime, endTime, shift) VALUES ('SC0169', 'ST0001', '2025-07-15', '2025-07-15 08:00:00', '2025-07-15 14:00:00', 'Morning');
INSERT INTO Schedule (scheduleID, doctorID, date, startTime, endTime, shift) VALUES ('SC0170', 'ST0001', '2025-07-15', '2025-07-15 14:00:00', '2025-07-15 20:00:00', 'Evening');
INSERT INTO Schedule (scheduleID, doctorID, date, startTime, endTime, shift) VALUES ('SC0171', 'ST0003', '2025-07-15', '2025-07-15 08:00:00', '2025-07-15 14:00:00', 'Morning');
INSERT INTO Schedule (scheduleID, doctorID, date, startTime, endTime, shift) VALUES ('SC0172', 'ST0003', '2025-07-15', '2025-07-15 14:00:00', '2025-07-15 20:00:00', 'Evening');
INSERT INTO Schedule (scheduleID, doctorID, date, startTime, endTime, shift) VALUES ('SC0173', 'ST0004', '2025-07-15', '2025-07-15 08:00:00', '2025-07-15 14:00:00', 'Morning');
INSERT INTO Schedule (scheduleID, doctorID, date, startTime, endTime, shift) VALUES ('SC0174', 'ST0004', '2025-07-15', '2025-07-15 14:00:00', '2025-07-15 20:00:00', 'Evening');
INSERT INTO Schedule (scheduleID, doctorID, date, startTime, endTime, shift) VALUES ('SC0175', 'ST0006', '2025-07-15', '2025-07-15 08:00:00', '2025-07-15 14:00:00', 'Morning');
INSERT INTO Schedule (scheduleID, doctorID, date, startTime, endTime, shift) VALUES ('SC0176', 'ST0006', '2025-07-15', '2025-07-15 14:00:00', '2025-07-15 20:00:00', 'Evening');
INSERT INTO Schedule (scheduleID, doctorID, date, startTime, endTime, shift) VALUES ('SC0177', 'ST0009', '2025-07-15', '2025-07-15 08:00:00', '2025-07-15 14:00:00', 'Morning');
INSERT INTO Schedule (scheduleID, doctorID, date, startTime, endTime, shift) VALUES ('SC0178', 'ST0009', '2025-07-15', '2025-07-15 14:00:00', '2025-07-15 20:00:00', 'Evening');
INSERT INTO Schedule (scheduleID, doctorID, date, startTime, endTime, shift) VALUES ('SC0179', 'ST0010', '2025-07-15', '2025-07-15 08:00:00', '2025-07-15 14:00:00', 'Morning');
INSERT INTO Schedule (scheduleID, doctorID, date, startTime, endTime, shift) VALUES ('SC0180', 'ST0010', '2025-07-15', '2025-07-15 14:00:00', '2025-07-15 20:00:00', 'Evening');
INSERT INTO Schedule (scheduleID, doctorID, date, startTime, endTime, shift) VALUES ('SC0181', 'ST0001', '2025-07-16', '2025-07-16 08:00:00', '2025-07-16 14:00:00', 'Morning');
INSERT INTO Schedule (scheduleID, doctorID, date, startTime, endTime, shift) VALUES ('SC0182', 'ST0001', '2025-07-16', '2025-07-16 14:00:00', '2025-07-16 20:00:00', 'Evening');
INSERT INTO Schedule (scheduleID, doctorID, date, startTime, endTime, shift) VALUES ('SC0183', 'ST0003', '2025-07-16', '2025-07-16 08:00:00', '2025-07-16 14:00:00', 'Morning');
INSERT INTO Schedule (scheduleID, doctorID, date, startTime, endTime, shift) VALUES ('SC0184', 'ST0003', '2025-07-16', '2025-07-16 14:00:00', '2025-07-16 20:00:00', 'Evening');
INSERT INTO Schedule (scheduleID, doctorID, date, startTime, endTime, shift) VALUES ('SC0185', 'ST0004', '2025-07-16', '2025-07-16 08:00:00', '2025-07-16 14:00:00', 'Morning');
INSERT INTO Schedule (scheduleID, doctorID, date, startTime, endTime, shift) VALUES ('SC0186', 'ST0004', '2025-07-16', '2025-07-16 14:00:00', '2025-07-16 20:00:00', 'Evening');
INSERT INTO Schedule (scheduleID, doctorID, date, startTime, endTime, shift) VALUES ('SC0187', 'ST0006', '2025-07-16', '2025-07-16 08:00:00', '2025-07-16 14:00:00', 'Morning');
INSERT INTO Schedule (scheduleID, doctorID, date, startTime, endTime, shift) VALUES ('SC0188', 'ST0006', '2025-07-16', '2025-07-16 14:00:00', '2025-07-16 20:00:00', 'Evening');
INSERT INTO Schedule (scheduleID, doctorID, date, startTime, endTime, shift) VALUES ('SC0189', 'ST0009', '2025-07-16', '2025-07-16 08:00:00', '2025-07-16 14:00:00', 'Morning');
INSERT INTO Schedule (scheduleID, doctorID, date, startTime, endTime, shift) VALUES ('SC0190', 'ST0009', '2025-07-16', '2025-07-16 14:00:00', '2025-07-16 20:00:00', 'Evening');
INSERT INTO Schedule (scheduleID, doctorID, date, startTime, endTime, shift) VALUES ('SC0191', 'ST0010', '2025-07-16', '2025-07-16 08:00:00', '2025-07-16 14:00:00', 'Morning');
INSERT INTO Schedule (scheduleID, doctorID, date, startTime, endTime, shift) VALUES ('SC0192', 'ST0010', '2025-07-16', '2025-07-16 14:00:00', '2025-07-16 20:00:00', 'Evening');
INSERT INTO Schedule (scheduleID, doctorID, date, startTime, endTime, shift) VALUES ('SC0193', 'ST0001', '2025-07-17', '2025-07-17 08:00:00', '2025-07-17 14:00:00', 'Morning');
INSERT INTO Schedule (scheduleID, doctorID, date, startTime, endTime, shift) VALUES ('SC0194', 'ST0001', '2025-07-17', '2025-07-17 14:00:00', '2025-07-17 20:00:00', 'Evening');
INSERT INTO Schedule (scheduleID, doctorID, date, startTime, endTime, shift) VALUES ('SC0195', 'ST0003', '2025-07-17', '2025-07-17 08:00:00', '2025-07-17 14:00:00', 'Morning');
INSERT INTO Schedule (scheduleID, doctorID, date, startTime, endTime, shift) VALUES ('SC0196', 'ST0003', '2025-07-17', '2025-07-17 14:00:00', '2025-07-17 20:00:00', 'Evening');
INSERT INTO Schedule (scheduleID, doctorID, date, startTime, endTime, shift) VALUES ('SC0197', 'ST0004', '2025-07-17', '2025-07-17 08:00:00', '2025-07-17 14:00:00', 'Morning');
INSERT INTO Schedule (scheduleID, doctorID, date, startTime, endTime, shift) VALUES ('SC0198', 'ST0004', '2025-07-17', '2025-07-17 14:00:00', '2025-07-17 20:00:00', 'Evening');
INSERT INTO Schedule (scheduleID, doctorID, date, startTime, endTime, shift) VALUES ('SC0199', 'ST0006', '2025-07-17', '2025-07-17 08:00:00', '2025-07-17 14:00:00', 'Morning');
INSERT INTO Schedule (scheduleID, doctorID, date, startTime, endTime, shift) VALUES ('SC0200', 'ST0006', '2025-07-17', '2025-07-17 14:00:00', '2025-07-17 20:00:00', 'Evening');
INSERT INTO Schedule (scheduleID, doctorID, date, startTime, endTime, shift) VALUES ('SC0201', 'ST0009', '2025-07-17', '2025-07-17 08:00:00', '2025-07-17 14:00:00', 'Morning');
INSERT INTO Schedule (scheduleID, doctorID, date, startTime, endTime, shift) VALUES ('SC0202', 'ST0009', '2025-07-17', '2025-07-17 14:00:00', '2025-07-17 20:00:00', 'Evening');
INSERT INTO Schedule (scheduleID, doctorID, date, startTime, endTime, shift) VALUES ('SC0203', 'ST0010', '2025-07-17', '2025-07-17 08:00:00', '2025-07-17 14:00:00', 'Morning');
INSERT INTO Schedule (scheduleID, doctorID, date, startTime, endTime, shift) VALUES ('SC0204', 'ST0010', '2025-07-17', '2025-07-17 14:00:00', '2025-07-17 20:00:00', 'Evening');
INSERT INTO Schedule (scheduleID, doctorID, date, startTime, endTime, shift) VALUES ('SC0205', 'ST0001', '2025-07-18', '2025-07-18 08:00:00', '2025-07-18 14:00:00', 'Morning');
INSERT INTO Schedule (scheduleID, doctorID, date, startTime, endTime, shift) VALUES ('SC0206', 'ST0001', '2025-07-18', '2025-07-18 14:00:00', '2025-07-18 20:00:00', 'Evening');
INSERT INTO Schedule (scheduleID, doctorID, date, startTime, endTime, shift) VALUES ('SC0207', 'ST0003', '2025-07-18', '2025-07-18 08:00:00', '2025-07-18 14:00:00', 'Morning');
INSERT INTO Schedule (scheduleID, doctorID, date, startTime, endTime, shift) VALUES ('SC0208', 'ST0003', '2025-07-18', '2025-07-18 14:00:00', '2025-07-18 20:00:00', 'Evening');
INSERT INTO Schedule (scheduleID, doctorID, date, startTime, endTime, shift) VALUES ('SC0209', 'ST0004', '2025-07-18', '2025-07-18 08:00:00', '2025-07-18 14:00:00', 'Morning');
INSERT INTO Schedule (scheduleID, doctorID, date, startTime, endTime, shift) VALUES ('SC0210', 'ST0004', '2025-07-18', '2025-07-18 14:00:00', '2025-07-18 20:00:00', 'Evening');
INSERT INTO Schedule (scheduleID, doctorID, date, startTime, endTime, shift) VALUES ('SC0211', 'ST0006', '2025-07-18', '2025-07-18 08:00:00', '2025-07-18 14:00:00', 'Morning');
INSERT INTO Schedule (scheduleID, doctorID, date, startTime, endTime, shift) VALUES ('SC0212', 'ST0006', '2025-07-18', '2025-07-18 14:00:00', '2025-07-18 20:00:00', 'Evening');
INSERT INTO Schedule (scheduleID, doctorID, date, startTime, endTime, shift) VALUES ('SC0213', 'ST0009', '2025-07-18', '2025-07-18 08:00:00', '2025-07-18 14:00:00', 'Morning');
INSERT INTO Schedule (scheduleID, doctorID, date, startTime, endTime, shift) VALUES ('SC0214', 'ST0009', '2025-07-18', '2025-07-18 14:00:00', '2025-07-18 20:00:00', 'Evening');
INSERT INTO Schedule (scheduleID, doctorID, date, startTime, endTime, shift) VALUES ('SC0215', 'ST0010', '2025-07-18', '2025-07-18 08:00:00', '2025-07-18 14:00:00', 'Morning');
INSERT INTO Schedule (scheduleID, doctorID, date, startTime, endTime, shift) VALUES ('SC0216', 'ST0010', '2025-07-18', '2025-07-18 14:00:00', '2025-07-18 20:00:00', 'Evening');
INSERT INTO Schedule (scheduleID, doctorID, date, startTime, endTime, shift) VALUES ('SC0217', 'ST0001', '2025-07-19', '2025-07-19 08:00:00', '2025-07-19 14:00:00', 'Morning');
INSERT INTO Schedule (scheduleID, doctorID, date, startTime, endTime, shift) VALUES ('SC0218', 'ST0001', '2025-07-19', '2025-07-19 14:00:00', '2025-07-19 20:00:00', 'Evening');
INSERT INTO Schedule (scheduleID, doctorID, date, startTime, endTime, shift) VALUES ('SC0219', 'ST0003', '2025-07-19', '2025-07-19 08:00:00', '2025-07-19 14:00:00', 'Morning');
INSERT INTO Schedule (scheduleID, doctorID, date, startTime, endTime, shift) VALUES ('SC0220', 'ST0003', '2025-07-19', '2025-07-19 14:00:00', '2025-07-19 20:00:00', 'Evening');
INSERT INTO Schedule (scheduleID, doctorID, date, startTime, endTime, shift) VALUES ('SC0221', 'ST0004', '2025-07-19', '2025-07-19 08:00:00', '2025-07-19 14:00:00', 'Morning');
INSERT INTO Schedule (scheduleID, doctorID, date, startTime, endTime, shift) VALUES ('SC0222', 'ST0004', '2025-07-19', '2025-07-19 14:00:00', '2025-07-19 20:00:00', 'Evening');
INSERT INTO Schedule (scheduleID, doctorID, date, startTime, endTime, shift) VALUES ('SC0223', 'ST0006', '2025-07-19', '2025-07-19 08:00:00', '2025-07-19 14:00:00', 'Morning');
INSERT INTO Schedule (scheduleID, doctorID, date, startTime, endTime, shift) VALUES ('SC0224', 'ST0006', '2025-07-19', '2025-07-19 14:00:00', '2025-07-19 20:00:00', 'Evening');
INSERT INTO Schedule (scheduleID, doctorID, date, startTime, endTime, shift) VALUES ('SC0225', 'ST0009', '2025-07-19', '2025-07-19 08:00:00', '2025-07-19 14:00:00', 'Morning');
INSERT INTO Schedule (scheduleID, doctorID, date, startTime, endTime, shift) VALUES ('SC0226', 'ST0009', '2025-07-19', '2025-07-19 14:00:00', '2025-07-19 20:00:00', 'Evening');
INSERT INTO Schedule (scheduleID, doctorID, date, startTime, endTime, shift) VALUES ('SC0227', 'ST0010', '2025-07-19', '2025-07-19 08:00:00', '2025-07-19 14:00:00', 'Morning');
INSERT INTO Schedule (scheduleID, doctorID, date, startTime, endTime, shift) VALUES ('SC0228', 'ST0010', '2025-07-19', '2025-07-19 14:00:00', '2025-07-19 20:00:00', 'Evening');
INSERT INTO Schedule (scheduleID, doctorID, date, startTime, endTime, shift) VALUES ('SC0229', 'ST0001', '2025-07-20', '2025-07-20 08:00:00', '2025-07-20 14:00:00', 'Morning');
INSERT INTO Schedule (scheduleID, doctorID, date, startTime, endTime, shift) VALUES ('SC0230', 'ST0001', '2025-07-20', '2025-07-20 14:00:00', '2025-07-20 20:00:00', 'Evening');
INSERT INTO Schedule (scheduleID, doctorID, date, startTime, endTime, shift) VALUES ('SC0231', 'ST0003', '2025-07-20', '2025-07-20 08:00:00', '2025-07-20 14:00:00', 'Morning');
INSERT INTO Schedule (scheduleID, doctorID, date, startTime, endTime, shift) VALUES ('SC0232', 'ST0003', '2025-07-20', '2025-07-20 14:00:00', '2025-07-20 20:00:00', 'Evening');
INSERT INTO Schedule (scheduleID, doctorID, date, startTime, endTime, shift) VALUES ('SC0233', 'ST0004', '2025-07-20', '2025-07-20 08:00:00', '2025-07-20 14:00:00', 'Morning');
INSERT INTO Schedule (scheduleID, doctorID, date, startTime, endTime, shift) VALUES ('SC0234', 'ST0004', '2025-07-20', '2025-07-20 14:00:00', '2025-07-20 20:00:00', 'Evening');
INSERT INTO Schedule (scheduleID, doctorID, date, startTime, endTime, shift) VALUES ('SC0235', 'ST0006', '2025-07-20', '2025-07-20 08:00:00', '2025-07-20 14:00:00', 'Morning');
INSERT INTO Schedule (scheduleID, doctorID, date, startTime, endTime, shift) VALUES ('SC0236', 'ST0006', '2025-07-20', '2025-07-20 14:00:00', '2025-07-20 20:00:00', 'Evening');
INSERT INTO Schedule (scheduleID, doctorID, date, startTime, endTime, shift) VALUES ('SC0237', 'ST0009', '2025-07-20', '2025-07-20 08:00:00', '2025-07-20 14:00:00', 'Morning');
INSERT INTO Schedule (scheduleID, doctorID, date, startTime, endTime, shift) VALUES ('SC0238', 'ST0009', '2025-07-20', '2025-07-20 14:00:00', '2025-07-20 20:00:00', 'Evening');
INSERT INTO Schedule (scheduleID, doctorID, date, startTime, endTime, shift) VALUES ('SC0239', 'ST0010', '2025-07-20', '2025-07-20 08:00:00', '2025-07-20 14:00:00', 'Morning');
INSERT INTO Schedule (scheduleID, doctorID, date, startTime, endTime, shift) VALUES ('SC0240', 'ST0010', '2025-07-20', '2025-07-20 14:00:00', '2025-07-20 20:00:00', 'Evening');
INSERT INTO Schedule (scheduleID, doctorID, date, startTime, endTime, shift) VALUES ('SC0241', 'ST0001', '2025-07-21', '2025-07-21 08:00:00', '2025-07-21 14:00:00', 'Morning');
INSERT INTO Schedule (scheduleID, doctorID, date, startTime, endTime, shift) VALUES ('SC0242', 'ST0001', '2025-07-21', '2025-07-21 14:00:00', '2025-07-21 20:00:00', 'Evening');
INSERT INTO Schedule (scheduleID, doctorID, date, startTime, endTime, shift) VALUES ('SC0243', 'ST0003', '2025-07-21', '2025-07-21 08:00:00', '2025-07-21 14:00:00', 'Morning');
INSERT INTO Schedule (scheduleID, doctorID, date, startTime, endTime, shift) VALUES ('SC0244', 'ST0003', '2025-07-21', '2025-07-21 14:00:00', '2025-07-21 20:00:00', 'Evening');
INSERT INTO Schedule (scheduleID, doctorID, date, startTime, endTime, shift) VALUES ('SC0245', 'ST0004', '2025-07-21', '2025-07-21 08:00:00', '2025-07-21 14:00:00', 'Morning');
INSERT INTO Schedule (scheduleID, doctorID, date, startTime, endTime, shift) VALUES ('SC0246', 'ST0004', '2025-07-21', '2025-07-21 14:00:00', '2025-07-21 20:00:00', 'Evening');
INSERT INTO Schedule (scheduleID, doctorID, date, startTime, endTime, shift) VALUES ('SC0247', 'ST0006', '2025-07-21', '2025-07-21 08:00:00', '2025-07-21 14:00:00', 'Morning');
INSERT INTO Schedule (scheduleID, doctorID, date, startTime, endTime, shift) VALUES ('SC0248', 'ST0006', '2025-07-21', '2025-07-21 14:00:00', '2025-07-21 20:00:00', 'Evening');
INSERT INTO Schedule (scheduleID, doctorID, date, startTime, endTime, shift) VALUES ('SC0249', 'ST0009', '2025-07-21', '2025-07-21 08:00:00', '2025-07-21 14:00:00', 'Morning');
INSERT INTO Schedule (scheduleID, doctorID, date, startTime, endTime, shift) VALUES ('SC0250', 'ST0009', '2025-07-21', '2025-07-21 14:00:00', '2025-07-21 20:00:00', 'Evening');
INSERT INTO Schedule (scheduleID, doctorID, date, startTime, endTime, shift) VALUES ('SC0251', 'ST0010', '2025-07-21', '2025-07-21 08:00:00', '2025-07-21 14:00:00', 'Morning');
INSERT INTO Schedule (scheduleID, doctorID, date, startTime, endTime, shift) VALUES ('SC0252', 'ST0010', '2025-07-21', '2025-07-21 14:00:00', '2025-07-21 20:00:00', 'Evening');
INSERT INTO Schedule (scheduleID, doctorID, date, startTime, endTime, shift) VALUES ('SC0253', 'ST0001', '2025-07-22', '2025-07-22 08:00:00', '2025-07-22 14:00:00', 'Morning');
INSERT INTO Schedule (scheduleID, doctorID, date, startTime, endTime, shift) VALUES ('SC0254', 'ST0001', '2025-07-22', '2025-07-22 14:00:00', '2025-07-22 20:00:00', 'Evening');
INSERT INTO Schedule (scheduleID, doctorID, date, startTime, endTime, shift) VALUES ('SC0255', 'ST0003', '2025-07-22', '2025-07-22 08:00:00', '2025-07-22 14:00:00', 'Morning');
INSERT INTO Schedule (scheduleID, doctorID, date, startTime, endTime, shift) VALUES ('SC0256', 'ST0003', '2025-07-22', '2025-07-22 14:00:00', '2025-07-22 20:00:00', 'Evening');
INSERT INTO Schedule (scheduleID, doctorID, date, startTime, endTime, shift) VALUES ('SC0257', 'ST0004', '2025-07-22', '2025-07-22 08:00:00', '2025-07-22 14:00:00', 'Morning');
INSERT INTO Schedule (scheduleID, doctorID, date, startTime, endTime, shift) VALUES ('SC0258', 'ST0004', '2025-07-22', '2025-07-22 14:00:00', '2025-07-22 20:00:00', 'Evening');
INSERT INTO Schedule (scheduleID, doctorID, date, startTime, endTime, shift) VALUES ('SC0259', 'ST0006', '2025-07-22', '2025-07-22 08:00:00', '2025-07-22 14:00:00', 'Morning');
INSERT INTO Schedule (scheduleID, doctorID, date, startTime, endTime, shift) VALUES ('SC0260', 'ST0006', '2025-07-22', '2025-07-22 14:00:00', '2025-07-22 20:00:00', 'Evening');
INSERT INTO Schedule (scheduleID, doctorID, date, startTime, endTime, shift) VALUES ('SC0261', 'ST0009', '2025-07-22', '2025-07-22 08:00:00', '2025-07-22 14:00:00', 'Morning');
INSERT INTO Schedule (scheduleID, doctorID, date, startTime, endTime, shift) VALUES ('SC0262', 'ST0009', '2025-07-22', '2025-07-22 14:00:00', '2025-07-22 20:00:00', 'Evening');
INSERT INTO Schedule (scheduleID, doctorID, date, startTime, endTime, shift) VALUES ('SC0263', 'ST0010', '2025-07-22', '2025-07-22 08:00:00', '2025-07-22 14:00:00', 'Morning');
INSERT INTO Schedule (scheduleID, doctorID, date, startTime, endTime, shift) VALUES ('SC0264', 'ST0010', '2025-07-22', '2025-07-22 14:00:00', '2025-07-22 20:00:00', 'Evening');
INSERT INTO Schedule (scheduleID, doctorID, date, startTime, endTime, shift) VALUES ('SC0265', 'ST0001', '2025-07-23', '2025-07-23 08:00:00', '2025-07-23 14:00:00', 'Morning');
INSERT INTO Schedule (scheduleID, doctorID, date, startTime, endTime, shift) VALUES ('SC0266', 'ST0001', '2025-07-23', '2025-07-23 14:00:00', '2025-07-23 20:00:00', 'Evening');
INSERT INTO Schedule (scheduleID, doctorID, date, startTime, endTime, shift) VALUES ('SC0267', 'ST0003', '2025-07-23', '2025-07-23 08:00:00', '2025-07-23 14:00:00', 'Morning');
INSERT INTO Schedule (scheduleID, doctorID, date, startTime, endTime, shift) VALUES ('SC0268', 'ST0003', '2025-07-23', '2025-07-23 14:00:00', '2025-07-23 20:00:00', 'Evening');
INSERT INTO Schedule (scheduleID, doctorID, date, startTime, endTime, shift) VALUES ('SC0269', 'ST0004', '2025-07-23', '2025-07-23 08:00:00', '2025-07-23 14:00:00', 'Morning');
INSERT INTO Schedule (scheduleID, doctorID, date, startTime, endTime, shift) VALUES ('SC0270', 'ST0004', '2025-07-23', '2025-07-23 14:00:00', '2025-07-23 20:00:00', 'Evening');
INSERT INTO Schedule (scheduleID, doctorID, date, startTime, endTime, shift) VALUES ('SC0271', 'ST0006', '2025-07-23', '2025-07-23 08:00:00', '2025-07-23 14:00:00', 'Morning');
INSERT INTO Schedule (scheduleID, doctorID, date, startTime, endTime, shift) VALUES ('SC0272', 'ST0006', '2025-07-23', '2025-07-23 14:00:00', '2025-07-23 20:00:00', 'Evening');
INSERT INTO Schedule (scheduleID, doctorID, date, startTime, endTime, shift) VALUES ('SC0273', 'ST0009', '2025-07-23', '2025-07-23 08:00:00', '2025-07-23 14:00:00', 'Morning');
INSERT INTO Schedule (scheduleID, doctorID, date, startTime, endTime, shift) VALUES ('SC0274', 'ST0009', '2025-07-23', '2025-07-23 14:00:00', '2025-07-23 20:00:00', 'Evening');
INSERT INTO Schedule (scheduleID, doctorID, date, startTime, endTime, shift) VALUES ('SC0275', 'ST0010', '2025-07-23', '2025-07-23 08:00:00', '2025-07-23 14:00:00', 'Morning');
INSERT INTO Schedule (scheduleID, doctorID, date, startTime, endTime, shift) VALUES ('SC0276', 'ST0010', '2025-07-23', '2025-07-23 14:00:00', '2025-07-23 20:00:00', 'Evening');
INSERT INTO Schedule (scheduleID, doctorID, date, startTime, endTime, shift) VALUES ('SC0277', 'ST0001', '2025-07-24', '2025-07-24 08:00:00', '2025-07-24 14:00:00', 'Morning');
INSERT INTO Schedule (scheduleID, doctorID, date, startTime, endTime, shift) VALUES ('SC0278', 'ST0001', '2025-07-24', '2025-07-24 14:00:00', '2025-07-24 20:00:00', 'Evening');
INSERT INTO Schedule (scheduleID, doctorID, date, startTime, endTime, shift) VALUES ('SC0279', 'ST0003', '2025-07-24', '2025-07-24 08:00:00', '2025-07-24 14:00:00', 'Morning');
INSERT INTO Schedule (scheduleID, doctorID, date, startTime, endTime, shift) VALUES ('SC0280', 'ST0003', '2025-07-24', '2025-07-24 14:00:00', '2025-07-24 20:00:00', 'Evening');
INSERT INTO Schedule (scheduleID, doctorID, date, startTime, endTime, shift) VALUES ('SC0281', 'ST0004', '2025-07-24', '2025-07-24 08:00:00', '2025-07-24 14:00:00', 'Morning');
INSERT INTO Schedule (scheduleID, doctorID, date, startTime, endTime, shift) VALUES ('SC0282', 'ST0004', '2025-07-24', '2025-07-24 14:00:00', '2025-07-24 20:00:00', 'Evening');
INSERT INTO Schedule (scheduleID, doctorID, date, startTime, endTime, shift) VALUES ('SC0283', 'ST0006', '2025-07-24', '2025-07-24 08:00:00', '2025-07-24 14:00:00', 'Morning');
INSERT INTO Schedule (scheduleID, doctorID, date, startTime, endTime, shift) VALUES ('SC0284', 'ST0006', '2025-07-24', '2025-07-24 14:00:00', '2025-07-24 20:00:00', 'Evening');
INSERT INTO Schedule (scheduleID, doctorID, date, startTime, endTime, shift) VALUES ('SC0285', 'ST0009', '2025-07-24', '2025-07-24 08:00:00', '2025-07-24 14:00:00', 'Morning');
INSERT INTO Schedule (scheduleID, doctorID, date, startTime, endTime, shift) VALUES ('SC0286', 'ST0009', '2025-07-24', '2025-07-24 14:00:00', '2025-07-24 20:00:00', 'Evening');
INSERT INTO Schedule (scheduleID, doctorID, date, startTime, endTime, shift) VALUES ('SC0287', 'ST0010', '2025-07-24', '2025-07-24 08:00:00', '2025-07-24 14:00:00', 'Morning');
INSERT INTO Schedule (scheduleID, doctorID, date, startTime, endTime, shift) VALUES ('SC0288', 'ST0010', '2025-07-24', '2025-07-24 14:00:00', '2025-07-24 20:00:00', 'Evening');
INSERT INTO Schedule (scheduleID, doctorID, date, startTime, endTime, shift) VALUES ('SC0289', 'ST0001', '2025-07-25', '2025-07-25 08:00:00', '2025-07-25 14:00:00', 'Morning');
INSERT INTO Schedule (scheduleID, doctorID, date, startTime, endTime, shift) VALUES ('SC0290', 'ST0001', '2025-07-25', '2025-07-25 14:00:00', '2025-07-25 20:00:00', 'Evening');
INSERT INTO Schedule (scheduleID, doctorID, date, startTime, endTime, shift) VALUES ('SC0291', 'ST0003', '2025-07-25', '2025-07-25 08:00:00', '2025-07-25 14:00:00', 'Morning');
INSERT INTO Schedule (scheduleID, doctorID, date, startTime, endTime, shift) VALUES ('SC0292', 'ST0003', '2025-07-25', '2025-07-25 14:00:00', '2025-07-25 20:00:00', 'Evening');
INSERT INTO Schedule (scheduleID, doctorID, date, startTime, endTime, shift) VALUES ('SC0293', 'ST0004', '2025-07-25', '2025-07-25 08:00:00', '2025-07-25 14:00:00', 'Morning');
INSERT INTO Schedule (scheduleID, doctorID, date, startTime, endTime, shift) VALUES ('SC0294', 'ST0004', '2025-07-25', '2025-07-25 14:00:00', '2025-07-25 20:00:00', 'Evening');
INSERT INTO Schedule (scheduleID, doctorID, date, startTime, endTime, shift) VALUES ('SC0295', 'ST0006', '2025-07-25', '2025-07-25 08:00:00', '2025-07-25 14:00:00', 'Morning');
INSERT INTO Schedule (scheduleID, doctorID, date, startTime, endTime, shift) VALUES ('SC0296', 'ST0006', '2025-07-25', '2025-07-25 14:00:00', '2025-07-25 20:00:00', 'Evening');
INSERT INTO Schedule (scheduleID, doctorID, date, startTime, endTime, shift) VALUES ('SC0297', 'ST0009', '2025-07-25', '2025-07-25 08:00:00', '2025-07-25 14:00:00', 'Morning');
INSERT INTO Schedule (scheduleID, doctorID, date, startTime, endTime, shift) VALUES ('SC0298', 'ST0009', '2025-07-25', '2025-07-25 14:00:00', '2025-07-25 20:00:00', 'Evening');
INSERT INTO Schedule (scheduleID, doctorID, date, startTime, endTime, shift) VALUES ('SC0299', 'ST0010', '2025-07-25', '2025-07-25 08:00:00', '2025-07-25 14:00:00', 'Morning');
INSERT INTO Schedule (scheduleID, doctorID, date, startTime, endTime, shift) VALUES ('SC0300', 'ST0010', '2025-07-25', '2025-07-25 14:00:00', '2025-07-25 20:00:00', 'Evening');
INSERT INTO Schedule (scheduleID, doctorID, date, startTime, endTime, shift) VALUES ('SC0301', 'ST0001', '2025-07-26', '2025-07-26 08:00:00', '2025-07-26 14:00:00', 'Morning');
INSERT INTO Schedule (scheduleID, doctorID, date, startTime, endTime, shift) VALUES ('SC0302', 'ST0001', '2025-07-26', '2025-07-26 14:00:00', '2025-07-26 20:00:00', 'Evening');
INSERT INTO Schedule (scheduleID, doctorID, date, startTime, endTime, shift) VALUES ('SC0303', 'ST0003', '2025-07-26', '2025-07-26 08:00:00', '2025-07-26 14:00:00', 'Morning');
INSERT INTO Schedule (scheduleID, doctorID, date, startTime, endTime, shift) VALUES ('SC0304', 'ST0003', '2025-07-26', '2025-07-26 14:00:00', '2025-07-26 20:00:00', 'Evening');
INSERT INTO Schedule (scheduleID, doctorID, date, startTime, endTime, shift) VALUES ('SC0305', 'ST0004', '2025-07-26', '2025-07-26 08:00:00', '2025-07-26 14:00:00', 'Morning');
INSERT INTO Schedule (scheduleID, doctorID, date, startTime, endTime, shift) VALUES ('SC0306', 'ST0004', '2025-07-26', '2025-07-26 14:00:00', '2025-07-26 20:00:00', 'Evening');
INSERT INTO Schedule (scheduleID, doctorID, date, startTime, endTime, shift) VALUES ('SC0307', 'ST0006', '2025-07-26', '2025-07-26 08:00:00', '2025-07-26 14:00:00', 'Morning');
INSERT INTO Schedule (scheduleID, doctorID, date, startTime, endTime, shift) VALUES ('SC0308', 'ST0006', '2025-07-26', '2025-07-26 14:00:00', '2025-07-26 20:00:00', 'Evening');
INSERT INTO Schedule (scheduleID, doctorID, date, startTime, endTime, shift) VALUES ('SC0309', 'ST0009', '2025-07-26', '2025-07-26 08:00:00', '2025-07-26 14:00:00', 'Morning');
INSERT INTO Schedule (scheduleID, doctorID, date, startTime, endTime, shift) VALUES ('SC0310', 'ST0009', '2025-07-26', '2025-07-26 14:00:00', '2025-07-26 20:00:00', 'Evening');
INSERT INTO Schedule (scheduleID, doctorID, date, startTime, endTime, shift) VALUES ('SC0311', 'ST0010', '2025-07-26', '2025-07-26 08:00:00', '2025-07-26 14:00:00', 'Morning');
INSERT INTO Schedule (scheduleID, doctorID, date, startTime, endTime, shift) VALUES ('SC0312', 'ST0010', '2025-07-26', '2025-07-26 14:00:00', '2025-07-26 20:00:00', 'Evening');
INSERT INTO Schedule (scheduleID, doctorID, date, startTime, endTime, shift) VALUES ('SC0313', 'ST0001', '2025-07-27', '2025-07-27 08:00:00', '2025-07-27 14:00:00', 'Morning');
INSERT INTO Schedule (scheduleID, doctorID, date, startTime, endTime, shift) VALUES ('SC0314', 'ST0001', '2025-07-27', '2025-07-27 14:00:00', '2025-07-27 20:00:00', 'Evening');
INSERT INTO Schedule (scheduleID, doctorID, date, startTime, endTime, shift) VALUES ('SC0315', 'ST0003', '2025-07-27', '2025-07-27 08:00:00', '2025-07-27 14:00:00', 'Morning');
INSERT INTO Schedule (scheduleID, doctorID, date, startTime, endTime, shift) VALUES ('SC0316', 'ST0003', '2025-07-27', '2025-07-27 14:00:00', '2025-07-27 20:00:00', 'Evening');
INSERT INTO Schedule (scheduleID, doctorID, date, startTime, endTime, shift) VALUES ('SC0317', 'ST0004', '2025-07-27', '2025-07-27 08:00:00', '2025-07-27 14:00:00', 'Morning');
INSERT INTO Schedule (scheduleID, doctorID, date, startTime, endTime, shift) VALUES ('SC0318', 'ST0004', '2025-07-27', '2025-07-27 14:00:00', '2025-07-27 20:00:00', 'Evening');
INSERT INTO Schedule (scheduleID, doctorID, date, startTime, endTime, shift) VALUES ('SC0319', 'ST0006', '2025-07-27', '2025-07-27 08:00:00', '2025-07-27 14:00:00', 'Morning');
INSERT INTO Schedule (scheduleID, doctorID, date, startTime, endTime, shift) VALUES ('SC0320', 'ST0006', '2025-07-27', '2025-07-27 14:00:00', '2025-07-27 20:00:00', 'Evening');
INSERT INTO Schedule (scheduleID, doctorID, date, startTime, endTime, shift) VALUES ('SC0321', 'ST0009', '2025-07-27', '2025-07-27 08:00:00', '2025-07-27 14:00:00', 'Morning');
INSERT INTO Schedule (scheduleID, doctorID, date, startTime, endTime, shift) VALUES ('SC0322', 'ST0009', '2025-07-27', '2025-07-27 14:00:00', '2025-07-27 20:00:00', 'Evening');
INSERT INTO Schedule (scheduleID, doctorID, date, startTime, endTime, shift) VALUES ('SC0323', 'ST0010', '2025-07-27', '2025-07-27 08:00:00', '2025-07-27 14:00:00', 'Morning');
INSERT INTO Schedule (scheduleID, doctorID, date, startTime, endTime, shift) VALUES ('SC0324', 'ST0010', '2025-07-27', '2025-07-27 14:00:00', '2025-07-27 20:00:00', 'Evening');
INSERT INTO Schedule (scheduleID, doctorID, date, startTime, endTime, shift) VALUES ('SC0325', 'ST0001', '2025-07-28', '2025-07-28 08:00:00', '2025-07-28 14:00:00', 'Morning');
INSERT INTO Schedule (scheduleID, doctorID, date, startTime, endTime, shift) VALUES ('SC0326', 'ST0001', '2025-07-28', '2025-07-28 14:00:00', '2025-07-28 20:00:00', 'Evening');
INSERT INTO Schedule (scheduleID, doctorID, date, startTime, endTime, shift) VALUES ('SC0327', 'ST0003', '2025-07-28', '2025-07-28 08:00:00', '2025-07-28 14:00:00', 'Morning');
INSERT INTO Schedule (scheduleID, doctorID, date, startTime, endTime, shift) VALUES ('SC0328', 'ST0003', '2025-07-28', '2025-07-28 14:00:00', '2025-07-28 20:00:00', 'Evening');
INSERT INTO Schedule (scheduleID, doctorID, date, startTime, endTime, shift) VALUES ('SC0329', 'ST0004', '2025-07-28', '2025-07-28 08:00:00', '2025-07-28 14:00:00', 'Morning');
INSERT INTO Schedule (scheduleID, doctorID, date, startTime, endTime, shift) VALUES ('SC0330', 'ST0004', '2025-07-28', '2025-07-28 14:00:00', '2025-07-28 20:00:00', 'Evening');
INSERT INTO Schedule (scheduleID, doctorID, date, startTime, endTime, shift) VALUES ('SC0331', 'ST0006', '2025-07-28', '2025-07-28 08:00:00', '2025-07-28 14:00:00', 'Morning');
INSERT INTO Schedule (scheduleID, doctorID, date, startTime, endTime, shift) VALUES ('SC0332', 'ST0006', '2025-07-28', '2025-07-28 14:00:00', '2025-07-28 20:00:00', 'Evening');
INSERT INTO Schedule (scheduleID, doctorID, date, startTime, endTime, shift) VALUES ('SC0333', 'ST0009', '2025-07-28', '2025-07-28 08:00:00', '2025-07-28 14:00:00', 'Morning');
INSERT INTO Schedule (scheduleID, doctorID, date, startTime, endTime, shift) VALUES ('SC0334', 'ST0009', '2025-07-28', '2025-07-28 14:00:00', '2025-07-28 20:00:00', 'Evening');
INSERT INTO Schedule (scheduleID, doctorID, date, startTime, endTime, shift) VALUES ('SC0335', 'ST0010', '2025-07-28', '2025-07-28 08:00:00', '2025-07-28 14:00:00', 'Morning');
INSERT INTO Schedule (scheduleID, doctorID, date, startTime, endTime, shift) VALUES ('SC0336', 'ST0010', '2025-07-28', '2025-07-28 14:00:00', '2025-07-28 20:00:00', 'Evening');
INSERT INTO Schedule (scheduleID, doctorID, date, startTime, endTime, shift) VALUES ('SC0337', 'ST0001', '2025-07-29', '2025-07-29 08:00:00', '2025-07-29 14:00:00', 'Morning');
INSERT INTO Schedule (scheduleID, doctorID, date, startTime, endTime, shift) VALUES ('SC0338', 'ST0001', '2025-07-29', '2025-07-29 14:00:00', '2025-07-29 20:00:00', 'Evening');
INSERT INTO Schedule (scheduleID, doctorID, date, startTime, endTime, shift) VALUES ('SC0339', 'ST0003', '2025-07-29', '2025-07-29 08:00:00', '2025-07-29 14:00:00', 'Morning');
INSERT INTO Schedule (scheduleID, doctorID, date, startTime, endTime, shift) VALUES ('SC0340', 'ST0003', '2025-07-29', '2025-07-29 14:00:00', '2025-07-29 20:00:00', 'Evening');
INSERT INTO Schedule (scheduleID, doctorID, date, startTime, endTime, shift) VALUES ('SC0341', 'ST0004', '2025-07-29', '2025-07-29 08:00:00', '2025-07-29 14:00:00', 'Morning');
INSERT INTO Schedule (scheduleID, doctorID, date, startTime, endTime, shift) VALUES ('SC0342', 'ST0004', '2025-07-29', '2025-07-29 14:00:00', '2025-07-29 20:00:00', 'Evening');
INSERT INTO Schedule (scheduleID, doctorID, date, startTime, endTime, shift) VALUES ('SC0343', 'ST0006', '2025-07-29', '2025-07-29 08:00:00', '2025-07-29 14:00:00', 'Morning');
INSERT INTO Schedule (scheduleID, doctorID, date, startTime, endTime, shift) VALUES ('SC0344', 'ST0006', '2025-07-29', '2025-07-29 14:00:00', '2025-07-29 20:00:00', 'Evening');
INSERT INTO Schedule (scheduleID, doctorID, date, startTime, endTime, shift) VALUES ('SC0345', 'ST0009', '2025-07-29', '2025-07-29 08:00:00', '2025-07-29 14:00:00', 'Morning');
INSERT INTO Schedule (scheduleID, doctorID, date, startTime, endTime, shift) VALUES ('SC0346', 'ST0009', '2025-07-29', '2025-07-29 14:00:00', '2025-07-29 20:00:00', 'Evening');
INSERT INTO Schedule (scheduleID, doctorID, date, startTime, endTime, shift) VALUES ('SC0347', 'ST0010', '2025-07-29', '2025-07-29 08:00:00', '2025-07-29 14:00:00', 'Morning');
INSERT INTO Schedule (scheduleID, doctorID, date, startTime, endTime, shift) VALUES ('SC0348', 'ST0010', '2025-07-29', '2025-07-29 14:00:00', '2025-07-29 20:00:00', 'Evening');
INSERT INTO Schedule (scheduleID, doctorID, date, startTime, endTime, shift) VALUES ('SC0349', 'ST0001', '2025-07-30', '2025-07-30 08:00:00', '2025-07-30 14:00:00', 'Morning');
INSERT INTO Schedule (scheduleID, doctorID, date, startTime, endTime, shift) VALUES ('SC0350', 'ST0001', '2025-07-30', '2025-07-30 14:00:00', '2025-07-30 20:00:00', 'Evening');
INSERT INTO Schedule (scheduleID, doctorID, date, startTime, endTime, shift) VALUES ('SC0351', 'ST0003', '2025-07-30', '2025-07-30 08:00:00', '2025-07-30 14:00:00', 'Morning');
INSERT INTO Schedule (scheduleID, doctorID, date, startTime, endTime, shift) VALUES ('SC0352', 'ST0003', '2025-07-30', '2025-07-30 14:00:00', '2025-07-30 20:00:00', 'Evening');
INSERT INTO Schedule (scheduleID, doctorID, date, startTime, endTime, shift) VALUES ('SC0353', 'ST0004', '2025-07-30', '2025-07-30 08:00:00', '2025-07-30 14:00:00', 'Morning');
INSERT INTO Schedule (scheduleID, doctorID, date, startTime, endTime, shift) VALUES ('SC0354', 'ST0004', '2025-07-30', '2025-07-30 14:00:00', '2025-07-30 20:00:00', 'Evening');
INSERT INTO Schedule (scheduleID, doctorID, date, startTime, endTime, shift) VALUES ('SC0355', 'ST0006', '2025-07-30', '2025-07-30 08:00:00', '2025-07-30 14:00:00', 'Morning');
INSERT INTO Schedule (scheduleID, doctorID, date, startTime, endTime, shift) VALUES ('SC0356', 'ST0006', '2025-07-30', '2025-07-30 14:00:00', '2025-07-30 20:00:00', 'Evening');
INSERT INTO Schedule (scheduleID, doctorID, date, startTime, endTime, shift) VALUES ('SC0357', 'ST0009', '2025-07-30', '2025-07-30 08:00:00', '2025-07-30 14:00:00', 'Morning');
INSERT INTO Schedule (scheduleID, doctorID, date, startTime, endTime, shift) VALUES ('SC0358', 'ST0009', '2025-07-30', '2025-07-30 14:00:00', '2025-07-30 20:00:00', 'Evening');
INSERT INTO Schedule (scheduleID, doctorID, date, startTime, endTime, shift) VALUES ('SC0359', 'ST0010', '2025-07-30', '2025-07-30 08:00:00', '2025-07-30 14:00:00', 'Morning');
INSERT INTO Schedule (scheduleID, doctorID, date, startTime, endTime, shift) VALUES ('SC0360', 'ST0010', '2025-07-30', '2025-07-30 14:00:00', '2025-07-30 20:00:00', 'Evening');
INSERT INTO Schedule (scheduleID, doctorID, date, startTime, endTime, shift) VALUES ('SC0361', 'ST0001', '2025-07-31', '2025-07-31 08:00:00', '2025-07-31 14:00:00', 'Morning');
INSERT INTO Schedule (scheduleID, doctorID, date, startTime, endTime, shift) VALUES ('SC0362', 'ST0001', '2025-07-31', '2025-07-31 14:00:00', '2025-07-31 20:00:00', 'Evening');
INSERT INTO Schedule (scheduleID, doctorID, date, startTime, endTime, shift) VALUES ('SC0363', 'ST0003', '2025-07-31', '2025-07-31 08:00:00', '2025-07-31 14:00:00', 'Morning');
INSERT INTO Schedule (scheduleID, doctorID, date, startTime, endTime, shift) VALUES ('SC0364', 'ST0003', '2025-07-31', '2025-07-31 14:00:00', '2025-07-31 20:00:00', 'Evening');
INSERT INTO Schedule (scheduleID, doctorID, date, startTime, endTime, shift) VALUES ('SC0365', 'ST0004', '2025-07-31', '2025-07-31 08:00:00', '2025-07-31 14:00:00', 'Morning');
INSERT INTO Schedule (scheduleID, doctorID, date, startTime, endTime, shift) VALUES ('SC0366', 'ST0004', '2025-07-31', '2025-07-31 14:00:00', '2025-07-31 20:00:00', 'Evening');
INSERT INTO Schedule (scheduleID, doctorID, date, startTime, endTime, shift) VALUES ('SC0367', 'ST0006', '2025-07-31', '2025-07-31 08:00:00', '2025-07-31 14:00:00', 'Morning');
INSERT INTO Schedule (scheduleID, doctorID, date, startTime, endTime, shift) VALUES ('SC0368', 'ST0006', '2025-07-31', '2025-07-31 14:00:00', '2025-07-31 20:00:00', 'Evening');
INSERT INTO Schedule (scheduleID, doctorID, date, startTime, endTime, shift) VALUES ('SC0369', 'ST0009', '2025-07-31', '2025-07-31 08:00:00', '2025-07-31 14:00:00', 'Morning');
INSERT INTO Schedule (scheduleID, doctorID, date, startTime, endTime, shift) VALUES ('SC0370', 'ST0009', '2025-07-31', '2025-07-31 14:00:00', '2025-07-31 20:00:00', 'Evening');
INSERT INTO Schedule (scheduleID, doctorID, date, startTime, endTime, shift) VALUES ('SC0371', 'ST0010', '2025-07-31', '2025-07-31 08:00:00', '2025-07-31 14:00:00', 'Morning');
INSERT INTO Schedule (scheduleID, doctorID, date, startTime, endTime, shift) VALUES ('SC0372', 'ST0010', '2025-07-31', '2025-07-31 14:00:00', '2025-07-31 20:00:00', 'Evening');
INSERT INTO Schedule (scheduleID, doctorID, date, startTime, endTime, shift) VALUES ('SC0373', 'ST0001', '2025-08-01', '2025-08-01 08:00:00', '2025-08-01 14:00:00', 'Morning');
INSERT INTO Schedule (scheduleID, doctorID, date, startTime, endTime, shift) VALUES ('SC0374', 'ST0001', '2025-08-01', '2025-08-01 14:00:00', '2025-08-01 20:00:00', 'Evening');
INSERT INTO Schedule (scheduleID, doctorID, date, startTime, endTime, shift) VALUES ('SC0375', 'ST0003', '2025-08-01', '2025-08-01 08:00:00', '2025-08-01 14:00:00', 'Morning');
INSERT INTO Schedule (scheduleID, doctorID, date, startTime, endTime, shift) VALUES ('SC0376', 'ST0003', '2025-08-01', '2025-08-01 14:00:00', '2025-08-01 20:00:00', 'Evening');
INSERT INTO Schedule (scheduleID, doctorID, date, startTime, endTime, shift) VALUES ('SC0377', 'ST0004', '2025-08-01', '2025-08-01 08:00:00', '2025-08-01 14:00:00', 'Morning');
INSERT INTO Schedule (scheduleID, doctorID, date, startTime, endTime, shift) VALUES ('SC0378', 'ST0004', '2025-08-01', '2025-08-01 14:00:00', '2025-08-01 20:00:00', 'Evening');
INSERT INTO Schedule (scheduleID, doctorID, date, startTime, endTime, shift) VALUES ('SC0379', 'ST0006', '2025-08-01', '2025-08-01 08:00:00', '2025-08-01 14:00:00', 'Morning');
INSERT INTO Schedule (scheduleID, doctorID, date, startTime, endTime, shift) VALUES ('SC0380', 'ST0006', '2025-08-01', '2025-08-01 14:00:00', '2025-08-01 20:00:00', 'Evening');
INSERT INTO Schedule (scheduleID, doctorID, date, startTime, endTime, shift) VALUES ('SC0381', 'ST0009', '2025-08-01', '2025-08-01 08:00:00', '2025-08-01 14:00:00', 'Morning');
INSERT INTO Schedule (scheduleID, doctorID, date, startTime, endTime, shift) VALUES ('SC0382', 'ST0009', '2025-08-01', '2025-08-01 14:00:00', '2025-08-01 20:00:00', 'Evening');
INSERT INTO Schedule (scheduleID, doctorID, date, startTime, endTime, shift) VALUES ('SC0383', 'ST0010', '2025-08-01', '2025-08-01 08:00:00', '2025-08-01 14:00:00', 'Morning');
INSERT INTO Schedule (scheduleID, doctorID, date, startTime, endTime, shift) VALUES ('SC0384', 'ST0010', '2025-08-01', '2025-08-01 14:00:00', '2025-08-01 20:00:00', 'Evening');
INSERT INTO Schedule (scheduleID, doctorID, date, startTime, endTime, shift) VALUES ('SC0385', 'ST0001', '2025-08-02', '2025-08-02 08:00:00', '2025-08-02 14:00:00', 'Morning');
INSERT INTO Schedule (scheduleID, doctorID, date, startTime, endTime, shift) VALUES ('SC0386', 'ST0001', '2025-08-02', '2025-08-02 14:00:00', '2025-08-02 20:00:00', 'Evening');
INSERT INTO Schedule (scheduleID, doctorID, date, startTime, endTime, shift) VALUES ('SC0387', 'ST0003', '2025-08-02', '2025-08-02 08:00:00', '2025-08-02 14:00:00', 'Morning');
INSERT INTO Schedule (scheduleID, doctorID, date, startTime, endTime, shift) VALUES ('SC0388', 'ST0003', '2025-08-02', '2025-08-02 14:00:00', '2025-08-02 20:00:00', 'Evening');
INSERT INTO Schedule (scheduleID, doctorID, date, startTime, endTime, shift) VALUES ('SC0389', 'ST0004', '2025-08-02', '2025-08-02 08:00:00', '2025-08-02 14:00:00', 'Morning');
INSERT INTO Schedule (scheduleID, doctorID, date, startTime, endTime, shift) VALUES ('SC0390', 'ST0004', '2025-08-02', '2025-08-02 14:00:00', '2025-08-02 20:00:00', 'Evening');
INSERT INTO Schedule (scheduleID, doctorID, date, startTime, endTime, shift) VALUES ('SC0391', 'ST0006', '2025-08-02', '2025-08-02 08:00:00', '2025-08-02 14:00:00', 'Morning');
INSERT INTO Schedule (scheduleID, doctorID, date, startTime, endTime, shift) VALUES ('SC0392', 'ST0006', '2025-08-02', '2025-08-02 14:00:00', '2025-08-02 20:00:00', 'Evening');
INSERT INTO Schedule (scheduleID, doctorID, date, startTime, endTime, shift) VALUES ('SC0393', 'ST0009', '2025-08-02', '2025-08-02 08:00:00', '2025-08-02 14:00:00', 'Morning');
INSERT INTO Schedule (scheduleID, doctorID, date, startTime, endTime, shift) VALUES ('SC0394', 'ST0009', '2025-08-02', '2025-08-02 14:00:00', '2025-08-02 20:00:00', 'Evening');
INSERT INTO Schedule (scheduleID, doctorID, date, startTime, endTime, shift) VALUES ('SC0395', 'ST0010', '2025-08-02', '2025-08-02 08:00:00', '2025-08-02 14:00:00', 'Morning');
INSERT INTO Schedule (scheduleID, doctorID, date, startTime, endTime, shift) VALUES ('SC0396', 'ST0010', '2025-08-02', '2025-08-02 14:00:00', '2025-08-02 20:00:00', 'Evening');
INSERT INTO Schedule (scheduleID, doctorID, date, startTime, endTime, shift) VALUES ('SC0397', 'ST0001', '2025-08-03', '2025-08-03 08:00:00', '2025-08-03 14:00:00', 'Morning');
INSERT INTO Schedule (scheduleID, doctorID, date, startTime, endTime, shift) VALUES ('SC0398', 'ST0001', '2025-08-03', '2025-08-03 14:00:00', '2025-08-03 20:00:00', 'Evening');
INSERT INTO Schedule (scheduleID, doctorID, date, startTime, endTime, shift) VALUES ('SC0399', 'ST0003', '2025-08-03', '2025-08-03 08:00:00', '2025-08-03 14:00:00', 'Morning');
INSERT INTO Schedule (scheduleID, doctorID, date, startTime, endTime, shift) VALUES ('SC0400', 'ST0003', '2025-08-03', '2025-08-03 14:00:00', '2025-08-03 20:00:00', 'Evening');
INSERT INTO Schedule (scheduleID, doctorID, date, startTime, endTime, shift) VALUES ('SC0401', 'ST0004', '2025-08-03', '2025-08-03 08:00:00', '2025-08-03 14:00:00', 'Morning');
INSERT INTO Schedule (scheduleID, doctorID, date, startTime, endTime, shift) VALUES ('SC0402', 'ST0004', '2025-08-03', '2025-08-03 14:00:00', '2025-08-03 20:00:00', 'Evening');
INSERT INTO Schedule (scheduleID, doctorID, date, startTime, endTime, shift) VALUES ('SC0403', 'ST0006', '2025-08-03', '2025-08-03 08:00:00', '2025-08-03 14:00:00', 'Morning');
INSERT INTO Schedule (scheduleID, doctorID, date, startTime, endTime, shift) VALUES ('SC0404', 'ST0006', '2025-08-03', '2025-08-03 14:00:00', '2025-08-03 20:00:00', 'Evening');
INSERT INTO Schedule (scheduleID, doctorID, date, startTime, endTime, shift) VALUES ('SC0405', 'ST0009', '2025-08-03', '2025-08-03 08:00:00', '2025-08-03 14:00:00', 'Morning');
INSERT INTO Schedule (scheduleID, doctorID, date, startTime, endTime, shift) VALUES ('SC0406', 'ST0009', '2025-08-03', '2025-08-03 14:00:00', '2025-08-03 20:00:00', 'Evening');
INSERT INTO Schedule (scheduleID, doctorID, date, startTime, endTime, shift) VALUES ('SC0407', 'ST0010', '2025-08-03', '2025-08-03 08:00:00', '2025-08-03 14:00:00', 'Morning');
INSERT INTO Schedule (scheduleID, doctorID, date, startTime, endTime, shift) VALUES ('SC0408', 'ST0010', '2025-08-03', '2025-08-03 14:00:00', '2025-08-03 20:00:00', 'Evening');
INSERT INTO Schedule (scheduleID, doctorID, date, startTime, endTime, shift) VALUES ('SC0409', 'ST0001', '2025-08-04', '2025-08-04 08:00:00', '2025-08-04 14:00:00', 'Morning');
INSERT INTO Schedule (scheduleID, doctorID, date, startTime, endTime, shift) VALUES ('SC0410', 'ST0001', '2025-08-04', '2025-08-04 14:00:00', '2025-08-04 20:00:00', 'Evening');
INSERT INTO Schedule (scheduleID, doctorID, date, startTime, endTime, shift) VALUES ('SC0411', 'ST0003', '2025-08-04', '2025-08-04 08:00:00', '2025-08-04 14:00:00', 'Morning');
INSERT INTO Schedule (scheduleID, doctorID, date, startTime, endTime, shift) VALUES ('SC0412', 'ST0003', '2025-08-04', '2025-08-04 14:00:00', '2025-08-04 20:00:00', 'Evening');
INSERT INTO Schedule (scheduleID, doctorID, date, startTime, endTime, shift) VALUES ('SC0413', 'ST0004', '2025-08-04', '2025-08-04 08:00:00', '2025-08-04 14:00:00', 'Morning');
INSERT INTO Schedule (scheduleID, doctorID, date, startTime, endTime, shift) VALUES ('SC0414', 'ST0004', '2025-08-04', '2025-08-04 14:00:00', '2025-08-04 20:00:00', 'Evening');
INSERT INTO Schedule (scheduleID, doctorID, date, startTime, endTime, shift) VALUES ('SC0415', 'ST0006', '2025-08-04', '2025-08-04 08:00:00', '2025-08-04 14:00:00', 'Morning');
INSERT INTO Schedule (scheduleID, doctorID, date, startTime, endTime, shift) VALUES ('SC0416', 'ST0006', '2025-08-04', '2025-08-04 14:00:00', '2025-08-04 20:00:00', 'Evening');
INSERT INTO Schedule (scheduleID, doctorID, date, startTime, endTime, shift) VALUES ('SC0417', 'ST0009', '2025-08-04', '2025-08-04 08:00:00', '2025-08-04 14:00:00', 'Morning');
INSERT INTO Schedule (scheduleID, doctorID, date, startTime, endTime, shift) VALUES ('SC0418', 'ST0009', '2025-08-04', '2025-08-04 14:00:00', '2025-08-04 20:00:00', 'Evening');
INSERT INTO Schedule (scheduleID, doctorID, date, startTime, endTime, shift) VALUES ('SC0419', 'ST0010', '2025-08-04', '2025-08-04 08:00:00', '2025-08-04 14:00:00', 'Morning');
INSERT INTO Schedule (scheduleID, doctorID, date, startTime, endTime, shift) VALUES ('SC0420', 'ST0010', '2025-08-04', '2025-08-04 14:00:00', '2025-08-04 20:00:00', 'Evening');
INSERT INTO Schedule (scheduleID, doctorID, date, startTime, endTime, shift) VALUES ('SC0421', 'ST0001', '2025-08-05', '2025-08-05 08:00:00', '2025-08-05 14:00:00', 'Morning');
INSERT INTO Schedule (scheduleID, doctorID, date, startTime, endTime, shift) VALUES ('SC0422', 'ST0001', '2025-08-05', '2025-08-05 14:00:00', '2025-08-05 20:00:00', 'Evening');
INSERT INTO Schedule (scheduleID, doctorID, date, startTime, endTime, shift) VALUES ('SC0423', 'ST0003', '2025-08-05', '2025-08-05 08:00:00', '2025-08-05 14:00:00', 'Morning');
INSERT INTO Schedule (scheduleID, doctorID, date, startTime, endTime, shift) VALUES ('SC0424', 'ST0003', '2025-08-05', '2025-08-05 14:00:00', '2025-08-05 20:00:00', 'Evening');
INSERT INTO Schedule (scheduleID, doctorID, date, startTime, endTime, shift) VALUES ('SC0425', 'ST0004', '2025-08-05', '2025-08-05 08:00:00', '2025-08-05 14:00:00', 'Morning');
INSERT INTO Schedule (scheduleID, doctorID, date, startTime, endTime, shift) VALUES ('SC0426', 'ST0004', '2025-08-05', '2025-08-05 14:00:00', '2025-08-05 20:00:00', 'Evening');
INSERT INTO Schedule (scheduleID, doctorID, date, startTime, endTime, shift) VALUES ('SC0427', 'ST0006', '2025-08-05', '2025-08-05 08:00:00', '2025-08-05 14:00:00', 'Morning');
INSERT INTO Schedule (scheduleID, doctorID, date, startTime, endTime, shift) VALUES ('SC0428', 'ST0006', '2025-08-05', '2025-08-05 14:00:00', '2025-08-05 20:00:00', 'Evening');
INSERT INTO Schedule (scheduleID, doctorID, date, startTime, endTime, shift) VALUES ('SC0429', 'ST0009', '2025-08-05', '2025-08-05 08:00:00', '2025-08-05 14:00:00', 'Morning');
INSERT INTO Schedule (scheduleID, doctorID, date, startTime, endTime, shift) VALUES ('SC0430', 'ST0009', '2025-08-05', '2025-08-05 14:00:00', '2025-08-05 20:00:00', 'Evening');
INSERT INTO Schedule (scheduleID, doctorID, date, startTime, endTime, shift) VALUES ('SC0431', 'ST0010', '2025-08-05', '2025-08-05 08:00:00', '2025-08-05 14:00:00', 'Morning');
INSERT INTO Schedule (scheduleID, doctorID, date, startTime, endTime, shift) VALUES ('SC0432', 'ST0010', '2025-08-05', '2025-08-05 14:00:00', '2025-08-05 20:00:00', 'Evening');
INSERT INTO Schedule (scheduleID, doctorID, date, startTime, endTime, shift) VALUES ('SC0433', 'ST0001', '2025-08-06', '2025-08-06 08:00:00', '2025-08-06 14:00:00', 'Morning');
INSERT INTO Schedule (scheduleID, doctorID, date, startTime, endTime, shift) VALUES ('SC0434', 'ST0001', '2025-08-06', '2025-08-06 14:00:00', '2025-08-06 20:00:00', 'Evening');
INSERT INTO Schedule (scheduleID, doctorID, date, startTime, endTime, shift) VALUES ('SC0435', 'ST0003', '2025-08-06', '2025-08-06 08:00:00', '2025-08-06 14:00:00', 'Morning');
INSERT INTO Schedule (scheduleID, doctorID, date, startTime, endTime, shift) VALUES ('SC0436', 'ST0003', '2025-08-06', '2025-08-06 14:00:00', '2025-08-06 20:00:00', 'Evening');
INSERT INTO Schedule (scheduleID, doctorID, date, startTime, endTime, shift) VALUES ('SC0437', 'ST0004', '2025-08-06', '2025-08-06 08:00:00', '2025-08-06 14:00:00', 'Morning');
INSERT INTO Schedule (scheduleID, doctorID, date, startTime, endTime, shift) VALUES ('SC0438', 'ST0004', '2025-08-06', '2025-08-06 14:00:00', '2025-08-06 20:00:00', 'Evening');
INSERT INTO Schedule (scheduleID, doctorID, date, startTime, endTime, shift) VALUES ('SC0439', 'ST0006', '2025-08-06', '2025-08-06 08:00:00', '2025-08-06 14:00:00', 'Morning');
INSERT INTO Schedule (scheduleID, doctorID, date, startTime, endTime, shift) VALUES ('SC0440', 'ST0006', '2025-08-06', '2025-08-06 14:00:00', '2025-08-06 20:00:00', 'Evening');
INSERT INTO Schedule (scheduleID, doctorID, date, startTime, endTime, shift) VALUES ('SC0441', 'ST0009', '2025-08-06', '2025-08-06 08:00:00', '2025-08-06 14:00:00', 'Morning');
INSERT INTO Schedule (scheduleID, doctorID, date, startTime, endTime, shift) VALUES ('SC0442', 'ST0009', '2025-08-06', '2025-08-06 14:00:00', '2025-08-06 20:00:00', 'Evening');
INSERT INTO Schedule (scheduleID, doctorID, date, startTime, endTime, shift) VALUES ('SC0443', 'ST0010', '2025-08-06', '2025-08-06 08:00:00', '2025-08-06 14:00:00', 'Morning');
INSERT INTO Schedule (scheduleID, doctorID, date, startTime, endTime, shift) VALUES ('SC0444', 'ST0010', '2025-08-06', '2025-08-06 14:00:00', '2025-08-06 20:00:00', 'Evening');
INSERT INTO Schedule (scheduleID, doctorID, date, startTime, endTime, shift) VALUES ('SC0445', 'ST0001', '2025-08-07', '2025-08-07 08:00:00', '2025-08-07 14:00:00', 'Morning');
INSERT INTO Schedule (scheduleID, doctorID, date, startTime, endTime, shift) VALUES ('SC0446', 'ST0001', '2025-08-07', '2025-08-07 14:00:00', '2025-08-07 20:00:00', 'Evening');
INSERT INTO Schedule (scheduleID, doctorID, date, startTime, endTime, shift) VALUES ('SC0447', 'ST0003', '2025-08-07', '2025-08-07 08:00:00', '2025-08-07 14:00:00', 'Morning');
INSERT INTO Schedule (scheduleID, doctorID, date, startTime, endTime, shift) VALUES ('SC0448', 'ST0003', '2025-08-07', '2025-08-07 14:00:00', '2025-08-07 20:00:00', 'Evening');
INSERT INTO Schedule (scheduleID, doctorID, date, startTime, endTime, shift) VALUES ('SC0449', 'ST0004', '2025-08-07', '2025-08-07 08:00:00', '2025-08-07 14:00:00', 'Morning');
INSERT INTO Schedule (scheduleID, doctorID, date, startTime, endTime, shift) VALUES ('SC0450', 'ST0004', '2025-08-07', '2025-08-07 14:00:00', '2025-08-07 20:00:00', 'Evening');
INSERT INTO Schedule (scheduleID, doctorID, date, startTime, endTime, shift) VALUES ('SC0451', 'ST0006', '2025-08-07', '2025-08-07 08:00:00', '2025-08-07 14:00:00', 'Morning');
INSERT INTO Schedule (scheduleID, doctorID, date, startTime, endTime, shift) VALUES ('SC0452', 'ST0006', '2025-08-07', '2025-08-07 14:00:00', '2025-08-07 20:00:00', 'Evening');
INSERT INTO Schedule (scheduleID, doctorID, date, startTime, endTime, shift) VALUES ('SC0453', 'ST0009', '2025-08-07', '2025-08-07 08:00:00', '2025-08-07 14:00:00', 'Morning');
INSERT INTO Schedule (scheduleID, doctorID, date, startTime, endTime, shift) VALUES ('SC0454', 'ST0009', '2025-08-07', '2025-08-07 14:00:00', '2025-08-07 20:00:00', 'Evening');
INSERT INTO Schedule (scheduleID, doctorID, date, startTime, endTime, shift) VALUES ('SC0455', 'ST0010', '2025-08-07', '2025-08-07 08:00:00', '2025-08-07 14:00:00', 'Morning');
INSERT INTO Schedule (scheduleID, doctorID, date, startTime, endTime, shift) VALUES ('SC0456', 'ST0010', '2025-08-07', '2025-08-07 14:00:00', '2025-08-07 20:00:00', 'Evening');
INSERT INTO Schedule (scheduleID, doctorID, date, startTime, endTime, shift) VALUES ('SC0457', 'ST0001', '2025-08-08', '2025-08-08 08:00:00', '2025-08-08 14:00:00', 'Morning');
INSERT INTO Schedule (scheduleID, doctorID, date, startTime, endTime, shift) VALUES ('SC0458', 'ST0001', '2025-08-08', '2025-08-08 14:00:00', '2025-08-08 20:00:00', 'Evening');
INSERT INTO Schedule (scheduleID, doctorID, date, startTime, endTime, shift) VALUES ('SC0459', 'ST0003', '2025-08-08', '2025-08-08 08:00:00', '2025-08-08 14:00:00', 'Morning');
INSERT INTO Schedule (scheduleID, doctorID, date, startTime, endTime, shift) VALUES ('SC0460', 'ST0003', '2025-08-08', '2025-08-08 14:00:00', '2025-08-08 20:00:00', 'Evening');
INSERT INTO Schedule (scheduleID, doctorID, date, startTime, endTime, shift) VALUES ('SC0461', 'ST0004', '2025-08-08', '2025-08-08 08:00:00', '2025-08-08 14:00:00', 'Morning');
INSERT INTO Schedule (scheduleID, doctorID, date, startTime, endTime, shift) VALUES ('SC0462', 'ST0004', '2025-08-08', '2025-08-08 14:00:00', '2025-08-08 20:00:00', 'Evening');
INSERT INTO Schedule (scheduleID, doctorID, date, startTime, endTime, shift) VALUES ('SC0463', 'ST0006', '2025-08-08', '2025-08-08 08:00:00', '2025-08-08 14:00:00', 'Morning');
INSERT INTO Schedule (scheduleID, doctorID, date, startTime, endTime, shift) VALUES ('SC0464', 'ST0006', '2025-08-08', '2025-08-08 14:00:00', '2025-08-08 20:00:00', 'Evening');
INSERT INTO Schedule (scheduleID, doctorID, date, startTime, endTime, shift) VALUES ('SC0465', 'ST0009', '2025-08-08', '2025-08-08 08:00:00', '2025-08-08 14:00:00', 'Morning');
INSERT INTO Schedule (scheduleID, doctorID, date, startTime, endTime, shift) VALUES ('SC0466', 'ST0009', '2025-08-08', '2025-08-08 14:00:00', '2025-08-08 20:00:00', 'Evening');
INSERT INTO Schedule (scheduleID, doctorID, date, startTime, endTime, shift) VALUES ('SC0467', 'ST0010', '2025-08-08', '2025-08-08 08:00:00', '2025-08-08 14:00:00', 'Morning');
INSERT INTO Schedule (scheduleID, doctorID, date, startTime, endTime, shift) VALUES ('SC0468', 'ST0010', '2025-08-08', '2025-08-08 14:00:00', '2025-08-08 20:00:00', 'Evening');
INSERT INTO Schedule (scheduleID, doctorID, date, startTime, endTime, shift) VALUES ('SC0469', 'ST0001', '2025-08-09', '2025-08-09 08:00:00', '2025-08-09 14:00:00', 'Morning');
INSERT INTO Schedule (scheduleID, doctorID, date, startTime, endTime, shift) VALUES ('SC0470', 'ST0001', '2025-08-09', '2025-08-09 14:00:00', '2025-08-09 20:00:00', 'Evening');
INSERT INTO Schedule (scheduleID, doctorID, date, startTime, endTime, shift) VALUES ('SC0471', 'ST0003', '2025-08-09', '2025-08-09 08:00:00', '2025-08-09 14:00:00', 'Morning');
INSERT INTO Schedule (scheduleID, doctorID, date, startTime, endTime, shift) VALUES ('SC0472', 'ST0003', '2025-08-09', '2025-08-09 14:00:00', '2025-08-09 20:00:00', 'Evening');
INSERT INTO Schedule (scheduleID, doctorID, date, startTime, endTime, shift) VALUES ('SC0473', 'ST0004', '2025-08-09', '2025-08-09 08:00:00', '2025-08-09 14:00:00', 'Morning');
INSERT INTO Schedule (scheduleID, doctorID, date, startTime, endTime, shift) VALUES ('SC0474', 'ST0004', '2025-08-09', '2025-08-09 14:00:00', '2025-08-09 20:00:00', 'Evening');
INSERT INTO Schedule (scheduleID, doctorID, date, startTime, endTime, shift) VALUES ('SC0475', 'ST0006', '2025-08-09', '2025-08-09 08:00:00', '2025-08-09 14:00:00', 'Morning');
INSERT INTO Schedule (scheduleID, doctorID, date, startTime, endTime, shift) VALUES ('SC0476', 'ST0006', '2025-08-09', '2025-08-09 14:00:00', '2025-08-09 20:00:00', 'Evening');
INSERT INTO Schedule (scheduleID, doctorID, date, startTime, endTime, shift) VALUES ('SC0477', 'ST0009', '2025-08-09', '2025-08-09 08:00:00', '2025-08-09 14:00:00', 'Morning');
INSERT INTO Schedule (scheduleID, doctorID, date, startTime, endTime, shift) VALUES ('SC0478', 'ST0009', '2025-08-09', '2025-08-09 14:00:00', '2025-08-09 20:00:00', 'Evening');
INSERT INTO Schedule (scheduleID, doctorID, date, startTime, endTime, shift) VALUES ('SC0479', 'ST0010', '2025-08-09', '2025-08-09 08:00:00', '2025-08-09 14:00:00', 'Morning');
INSERT INTO Schedule (scheduleID, doctorID, date, startTime, endTime, shift) VALUES ('SC0480', 'ST0010', '2025-08-09', '2025-08-09 14:00:00', '2025-08-09 20:00:00', 'Evening');
INSERT INTO Schedule (scheduleID, doctorID, date, startTime, endTime, shift) VALUES ('SC0481', 'ST0001', '2025-08-10', '2025-08-10 08:00:00', '2025-08-10 14:00:00', 'Morning');
INSERT INTO Schedule (scheduleID, doctorID, date, startTime, endTime, shift) VALUES ('SC0482', 'ST0001', '2025-08-10', '2025-08-10 14:00:00', '2025-08-10 20:00:00', 'Evening');
INSERT INTO Schedule (scheduleID, doctorID, date, startTime, endTime, shift) VALUES ('SC0483', 'ST0003', '2025-08-10', '2025-08-10 08:00:00', '2025-08-10 14:00:00', 'Morning');
INSERT INTO Schedule (scheduleID, doctorID, date, startTime, endTime, shift) VALUES ('SC0484', 'ST0003', '2025-08-10', '2025-08-10 14:00:00', '2025-08-10 20:00:00', 'Evening');
INSERT INTO Schedule (scheduleID, doctorID, date, startTime, endTime, shift) VALUES ('SC0485', 'ST0004', '2025-08-10', '2025-08-10 08:00:00', '2025-08-10 14:00:00', 'Morning');
INSERT INTO Schedule (scheduleID, doctorID, date, startTime, endTime, shift) VALUES ('SC0486', 'ST0004', '2025-08-10', '2025-08-10 14:00:00', '2025-08-10 20:00:00', 'Evening');
INSERT INTO Schedule (scheduleID, doctorID, date, startTime, endTime, shift) VALUES ('SC0487', 'ST0006', '2025-08-10', '2025-08-10 08:00:00', '2025-08-10 14:00:00', 'Morning');
INSERT INTO Schedule (scheduleID, doctorID, date, startTime, endTime, shift) VALUES ('SC0488', 'ST0006', '2025-08-10', '2025-08-10 14:00:00', '2025-08-10 20:00:00', 'Evening');
INSERT INTO Schedule (scheduleID, doctorID, date, startTime, endTime, shift) VALUES ('SC0489', 'ST0009', '2025-08-10', '2025-08-10 08:00:00', '2025-08-10 14:00:00', 'Morning');
INSERT INTO Schedule (scheduleID, doctorID, date, startTime, endTime, shift) VALUES ('SC0490', 'ST0009', '2025-08-10', '2025-08-10 14:00:00', '2025-08-10 20:00:00', 'Evening');
INSERT INTO Schedule (scheduleID, doctorID, date, startTime, endTime, shift) VALUES ('SC0491', 'ST0010', '2025-08-10', '2025-08-10 08:00:00', '2025-08-10 14:00:00', 'Morning');
INSERT INTO Schedule (scheduleID, doctorID, date, startTime, endTime, shift) VALUES ('SC0492', 'ST0010', '2025-08-10', '2025-08-10 14:00:00', '2025-08-10 20:00:00', 'Evening');
INSERT INTO Schedule (scheduleID, doctorID, date, startTime, endTime, shift) VALUES ('SC0493', 'ST0001', '2025-08-11', '2025-08-11 08:00:00', '2025-08-11 14:00:00', 'Morning');
INSERT INTO Schedule (scheduleID, doctorID, date, startTime, endTime, shift) VALUES ('SC0494', 'ST0001', '2025-08-11', '2025-08-11 14:00:00', '2025-08-11 20:00:00', 'Evening');
INSERT INTO Schedule (scheduleID, doctorID, date, startTime, endTime, shift) VALUES ('SC0495', 'ST0003', '2025-08-11', '2025-08-11 08:00:00', '2025-08-11 14:00:00', 'Morning');
INSERT INTO Schedule (scheduleID, doctorID, date, startTime, endTime, shift) VALUES ('SC0496', 'ST0003', '2025-08-11', '2025-08-11 14:00:00', '2025-08-11 20:00:00', 'Evening');
INSERT INTO Schedule (scheduleID, doctorID, date, startTime, endTime, shift) VALUES ('SC0497', 'ST0004', '2025-08-11', '2025-08-11 08:00:00', '2025-08-11 14:00:00', 'Morning');
INSERT INTO Schedule (scheduleID, doctorID, date, startTime, endTime, shift) VALUES ('SC0498', 'ST0004', '2025-08-11', '2025-08-11 14:00:00', '2025-08-11 20:00:00', 'Evening');
INSERT INTO Schedule (scheduleID, doctorID, date, startTime, endTime, shift) VALUES ('SC0499', 'ST0006', '2025-08-11', '2025-08-11 08:00:00', '2025-08-11 14:00:00', 'Morning');
INSERT INTO Schedule (scheduleID, doctorID, date, startTime, endTime, shift) VALUES ('SC0500', 'ST0006', '2025-08-11', '2025-08-11 14:00:00', '2025-08-11 20:00:00', 'Evening');
INSERT INTO Schedule (scheduleID, doctorID, date, startTime, endTime, shift) VALUES ('SC0501', 'ST0009', '2025-08-11', '2025-08-11 08:00:00', '2025-08-11 14:00:00', 'Morning');
INSERT INTO Schedule (scheduleID, doctorID, date, startTime, endTime, shift) VALUES ('SC0502', 'ST0009', '2025-08-11', '2025-08-11 14:00:00', '2025-08-11 20:00:00', 'Evening');
INSERT INTO Schedule (scheduleID, doctorID, date, startTime, endTime, shift) VALUES ('SC0503', 'ST0010', '2025-08-11', '2025-08-11 08:00:00', '2025-08-11 14:00:00', 'Morning');
INSERT INTO Schedule (scheduleID, doctorID, date, startTime, endTime, shift) VALUES ('SC0504', 'ST0010', '2025-08-11', '2025-08-11 14:00:00', '2025-08-11 20:00:00', 'Evening');
INSERT INTO Schedule (scheduleID, doctorID, date, startTime, endTime, shift) VALUES ('SC0505', 'ST0001', '2025-08-12', '2025-08-12 08:00:00', '2025-08-12 14:00:00', 'Morning');
INSERT INTO Schedule (scheduleID, doctorID, date, startTime, endTime, shift) VALUES ('SC0506', 'ST0001', '2025-08-12', '2025-08-12 14:00:00', '2025-08-12 20:00:00', 'Evening');
INSERT INTO Schedule (scheduleID, doctorID, date, startTime, endTime, shift) VALUES ('SC0507', 'ST0003', '2025-08-12', '2025-08-12 08:00:00', '2025-08-12 14:00:00', 'Morning');
INSERT INTO Schedule (scheduleID, doctorID, date, startTime, endTime, shift) VALUES ('SC0508', 'ST0003', '2025-08-12', '2025-08-12 14:00:00', '2025-08-12 20:00:00', 'Evening');
INSERT INTO Schedule (scheduleID, doctorID, date, startTime, endTime, shift) VALUES ('SC0509', 'ST0004', '2025-08-12', '2025-08-12 08:00:00', '2025-08-12 14:00:00', 'Morning');
INSERT INTO Schedule (scheduleID, doctorID, date, startTime, endTime, shift) VALUES ('SC0510', 'ST0004', '2025-08-12', '2025-08-12 14:00:00', '2025-08-12 20:00:00', 'Evening');
INSERT INTO Schedule (scheduleID, doctorID, date, startTime, endTime, shift) VALUES ('SC0511', 'ST0006', '2025-08-12', '2025-08-12 08:00:00', '2025-08-12 14:00:00', 'Morning');
INSERT INTO Schedule (scheduleID, doctorID, date, startTime, endTime, shift) VALUES ('SC0512', 'ST0006', '2025-08-12', '2025-08-12 14:00:00', '2025-08-12 20:00:00', 'Evening');
INSERT INTO Schedule (scheduleID, doctorID, date, startTime, endTime, shift) VALUES ('SC0513', 'ST0009', '2025-08-12', '2025-08-12 08:00:00', '2025-08-12 14:00:00', 'Morning');
INSERT INTO Schedule (scheduleID, doctorID, date, startTime, endTime, shift) VALUES ('SC0514', 'ST0009', '2025-08-12', '2025-08-12 14:00:00', '2025-08-12 20:00:00', 'Evening');
INSERT INTO Schedule (scheduleID, doctorID, date, startTime, endTime, shift) VALUES ('SC0515', 'ST0010', '2025-08-12', '2025-08-12 08:00:00', '2025-08-12 14:00:00', 'Morning');
INSERT INTO Schedule (scheduleID, doctorID, date, startTime, endTime, shift) VALUES ('SC0516', 'ST0010', '2025-08-12', '2025-08-12 14:00:00', '2025-08-12 20:00:00', 'Evening');
INSERT INTO Schedule (scheduleID, doctorID, date, startTime, endTime, shift) VALUES ('SC0517', 'ST0001', '2025-08-13', '2025-08-13 08:00:00', '2025-08-13 14:00:00', 'Morning');
INSERT INTO Schedule (scheduleID, doctorID, date, startTime, endTime, shift) VALUES ('SC0518', 'ST0001', '2025-08-13', '2025-08-13 14:00:00', '2025-08-13 20:00:00', 'Evening');
INSERT INTO Schedule (scheduleID, doctorID, date, startTime, endTime, shift) VALUES ('SC0519', 'ST0003', '2025-08-13', '2025-08-13 08:00:00', '2025-08-13 14:00:00', 'Morning');
INSERT INTO Schedule (scheduleID, doctorID, date, startTime, endTime, shift) VALUES ('SC0520', 'ST0003', '2025-08-13', '2025-08-13 14:00:00', '2025-08-13 20:00:00', 'Evening');
INSERT INTO Schedule (scheduleID, doctorID, date, startTime, endTime, shift) VALUES ('SC0521', 'ST0004', '2025-08-13', '2025-08-13 08:00:00', '2025-08-13 14:00:00', 'Morning');
INSERT INTO Schedule (scheduleID, doctorID, date, startTime, endTime, shift) VALUES ('SC0522', 'ST0004', '2025-08-13', '2025-08-13 14:00:00', '2025-08-13 20:00:00', 'Evening');
INSERT INTO Schedule (scheduleID, doctorID, date, startTime, endTime, shift) VALUES ('SC0523', 'ST0006', '2025-08-13', '2025-08-13 08:00:00', '2025-08-13 14:00:00', 'Morning');
INSERT INTO Schedule (scheduleID, doctorID, date, startTime, endTime, shift) VALUES ('SC0524', 'ST0006', '2025-08-13', '2025-08-13 14:00:00', '2025-08-13 20:00:00', 'Evening');
INSERT INTO Schedule (scheduleID, doctorID, date, startTime, endTime, shift) VALUES ('SC0525', 'ST0009', '2025-08-13', '2025-08-13 08:00:00', '2025-08-13 14:00:00', 'Morning');
INSERT INTO Schedule (scheduleID, doctorID, date, startTime, endTime, shift) VALUES ('SC0526', 'ST0009', '2025-08-13', '2025-08-13 14:00:00', '2025-08-13 20:00:00', 'Evening');
INSERT INTO Schedule (scheduleID, doctorID, date, startTime, endTime, shift) VALUES ('SC0527', 'ST0010', '2025-08-13', '2025-08-13 08:00:00', '2025-08-13 14:00:00', 'Morning');
INSERT INTO Schedule (scheduleID, doctorID, date, startTime, endTime, shift) VALUES ('SC0528', 'ST0010', '2025-08-13', '2025-08-13 14:00:00', '2025-08-13 20:00:00', 'Evening');
INSERT INTO Schedule (scheduleID, doctorID, date, startTime, endTime, shift) VALUES ('SC0529', 'ST0001', '2025-08-14', '2025-08-14 08:00:00', '2025-08-14 14:00:00', 'Morning');
INSERT INTO Schedule (scheduleID, doctorID, date, startTime, endTime, shift) VALUES ('SC0530', 'ST0001', '2025-08-14', '2025-08-14 14:00:00', '2025-08-14 20:00:00', 'Evening');
INSERT INTO Schedule (scheduleID, doctorID, date, startTime, endTime, shift) VALUES ('SC0531', 'ST0003', '2025-08-14', '2025-08-14 08:00:00', '2025-08-14 14:00:00', 'Morning');
INSERT INTO Schedule (scheduleID, doctorID, date, startTime, endTime, shift) VALUES ('SC0532', 'ST0003', '2025-08-14', '2025-08-14 14:00:00', '2025-08-14 20:00:00', 'Evening');
INSERT INTO Schedule (scheduleID, doctorID, date, startTime, endTime, shift) VALUES ('SC0533', 'ST0004', '2025-08-14', '2025-08-14 08:00:00', '2025-08-14 14:00:00', 'Morning');
INSERT INTO Schedule (scheduleID, doctorID, date, startTime, endTime, shift) VALUES ('SC0534', 'ST0004', '2025-08-14', '2025-08-14 14:00:00', '2025-08-14 20:00:00', 'Evening');
INSERT INTO Schedule (scheduleID, doctorID, date, startTime, endTime, shift) VALUES ('SC0535', 'ST0006', '2025-08-14', '2025-08-14 08:00:00', '2025-08-14 14:00:00', 'Morning');
INSERT INTO Schedule (scheduleID, doctorID, date, startTime, endTime, shift) VALUES ('SC0536', 'ST0006', '2025-08-14', '2025-08-14 14:00:00', '2025-08-14 20:00:00', 'Evening');
INSERT INTO Schedule (scheduleID, doctorID, date, startTime, endTime, shift) VALUES ('SC0537', 'ST0009', '2025-08-14', '2025-08-14 08:00:00', '2025-08-14 14:00:00', 'Morning');
INSERT INTO Schedule (scheduleID, doctorID, date, startTime, endTime, shift) VALUES ('SC0538', 'ST0009', '2025-08-14', '2025-08-14 14:00:00', '2025-08-14 20:00:00', 'Evening');
INSERT INTO Schedule (scheduleID, doctorID, date, startTime, endTime, shift) VALUES ('SC0539', 'ST0010', '2025-08-14', '2025-08-14 08:00:00', '2025-08-14 14:00:00', 'Morning');
INSERT INTO Schedule (scheduleID, doctorID, date, startTime, endTime, shift) VALUES ('SC0540', 'ST0010', '2025-08-14', '2025-08-14 14:00:00', '2025-08-14 20:00:00', 'Evening');
INSERT INTO Schedule (scheduleID, doctorID, date, startTime, endTime, shift) VALUES ('SC0541', 'ST0001', '2025-08-15', '2025-08-15 08:00:00', '2025-08-15 14:00:00', 'Morning');
INSERT INTO Schedule (scheduleID, doctorID, date, startTime, endTime, shift) VALUES ('SC0542', 'ST0001', '2025-08-15', '2025-08-15 14:00:00', '2025-08-15 20:00:00', 'Evening');
INSERT INTO Schedule (scheduleID, doctorID, date, startTime, endTime, shift) VALUES ('SC0543', 'ST0003', '2025-08-15', '2025-08-15 08:00:00', '2025-08-15 14:00:00', 'Morning');
INSERT INTO Schedule (scheduleID, doctorID, date, startTime, endTime, shift) VALUES ('SC0544', 'ST0003', '2025-08-15', '2025-08-15 14:00:00', '2025-08-15 20:00:00', 'Evening');
INSERT INTO Schedule (scheduleID, doctorID, date, startTime, endTime, shift) VALUES ('SC0545', 'ST0004', '2025-08-15', '2025-08-15 08:00:00', '2025-08-15 14:00:00', 'Morning');
INSERT INTO Schedule (scheduleID, doctorID, date, startTime, endTime, shift) VALUES ('SC0546', 'ST0004', '2025-08-15', '2025-08-15 14:00:00', '2025-08-15 20:00:00', 'Evening');
INSERT INTO Schedule (scheduleID, doctorID, date, startTime, endTime, shift) VALUES ('SC0547', 'ST0006', '2025-08-15', '2025-08-15 08:00:00', '2025-08-15 14:00:00', 'Morning');
INSERT INTO Schedule (scheduleID, doctorID, date, startTime, endTime, shift) VALUES ('SC0548', 'ST0006', '2025-08-15', '2025-08-15 14:00:00', '2025-08-15 20:00:00', 'Evening');
INSERT INTO Schedule (scheduleID, doctorID, date, startTime, endTime, shift) VALUES ('SC0549', 'ST0009', '2025-08-15', '2025-08-15 08:00:00', '2025-08-15 14:00:00', 'Morning');
INSERT INTO Schedule (scheduleID, doctorID, date, startTime, endTime, shift) VALUES ('SC0550', 'ST0009', '2025-08-15', '2025-08-15 14:00:00', '2025-08-15 20:00:00', 'Evening');
INSERT INTO Schedule (scheduleID, doctorID, date, startTime, endTime, shift) VALUES ('SC0551', 'ST0010', '2025-08-15', '2025-08-15 08:00:00', '2025-08-15 14:00:00', 'Morning');
INSERT INTO Schedule (scheduleID, doctorID, date, startTime, endTime, shift) VALUES ('SC0552', 'ST0010', '2025-08-15', '2025-08-15 14:00:00', '2025-08-15 20:00:00', 'Evening');
INSERT INTO Schedule (scheduleID, doctorID, date, startTime, endTime, shift) VALUES ('SC0553', 'ST0001', '2025-08-16', '2025-08-16 08:00:00', '2025-08-16 14:00:00', 'Morning');
INSERT INTO Schedule (scheduleID, doctorID, date, startTime, endTime, shift) VALUES ('SC0554', 'ST0001', '2025-08-16', '2025-08-16 14:00:00', '2025-08-16 20:00:00', 'Evening');
INSERT INTO Schedule (scheduleID, doctorID, date, startTime, endTime, shift) VALUES ('SC0555', 'ST0003', '2025-08-16', '2025-08-16 08:00:00', '2025-08-16 14:00:00', 'Morning');
INSERT INTO Schedule (scheduleID, doctorID, date, startTime, endTime, shift) VALUES ('SC0556', 'ST0003', '2025-08-16', '2025-08-16 14:00:00', '2025-08-16 20:00:00', 'Evening');
INSERT INTO Schedule (scheduleID, doctorID, date, startTime, endTime, shift) VALUES ('SC0557', 'ST0004', '2025-08-16', '2025-08-16 08:00:00', '2025-08-16 14:00:00', 'Morning');
INSERT INTO Schedule (scheduleID, doctorID, date, startTime, endTime, shift) VALUES ('SC0558', 'ST0004', '2025-08-16', '2025-08-16 14:00:00', '2025-08-16 20:00:00', 'Evening');
INSERT INTO Schedule (scheduleID, doctorID, date, startTime, endTime, shift) VALUES ('SC0559', 'ST0006', '2025-08-16', '2025-08-16 08:00:00', '2025-08-16 14:00:00', 'Morning');
INSERT INTO Schedule (scheduleID, doctorID, date, startTime, endTime, shift) VALUES ('SC0560', 'ST0006', '2025-08-16', '2025-08-16 14:00:00', '2025-08-16 20:00:00', 'Evening');
INSERT INTO Schedule (scheduleID, doctorID, date, startTime, endTime, shift) VALUES ('SC0561', 'ST0009', '2025-08-16', '2025-08-16 08:00:00', '2025-08-16 14:00:00', 'Morning');
INSERT INTO Schedule (scheduleID, doctorID, date, startTime, endTime, shift) VALUES ('SC0562', 'ST0009', '2025-08-16', '2025-08-16 14:00:00', '2025-08-16 20:00:00', 'Evening');
INSERT INTO Schedule (scheduleID, doctorID, date, startTime, endTime, shift) VALUES ('SC0563', 'ST0010', '2025-08-16', '2025-08-16 08:00:00', '2025-08-16 14:00:00', 'Morning');
INSERT INTO Schedule (scheduleID, doctorID, date, startTime, endTime, shift) VALUES ('SC0564', 'ST0010', '2025-08-16', '2025-08-16 14:00:00', '2025-08-16 20:00:00', 'Evening');
INSERT INTO Schedule (scheduleID, doctorID, date, startTime, endTime, shift) VALUES ('SC0565', 'ST0001', '2025-08-17', '2025-08-17 08:00:00', '2025-08-17 14:00:00', 'Morning');
INSERT INTO Schedule (scheduleID, doctorID, date, startTime, endTime, shift) VALUES ('SC0566', 'ST0001', '2025-08-17', '2025-08-17 14:00:00', '2025-08-17 20:00:00', 'Evening');
INSERT INTO Schedule (scheduleID, doctorID, date, startTime, endTime, shift) VALUES ('SC0567', 'ST0003', '2025-08-17', '2025-08-17 08:00:00', '2025-08-17 14:00:00', 'Morning');
INSERT INTO Schedule (scheduleID, doctorID, date, startTime, endTime, shift) VALUES ('SC0568', 'ST0003', '2025-08-17', '2025-08-17 14:00:00', '2025-08-17 20:00:00', 'Evening');
INSERT INTO Schedule (scheduleID, doctorID, date, startTime, endTime, shift) VALUES ('SC0569', 'ST0004', '2025-08-17', '2025-08-17 08:00:00', '2025-08-17 14:00:00', 'Morning');
INSERT INTO Schedule (scheduleID, doctorID, date, startTime, endTime, shift) VALUES ('SC0570', 'ST0004', '2025-08-17', '2025-08-17 14:00:00', '2025-08-17 20:00:00', 'Evening');
INSERT INTO Schedule (scheduleID, doctorID, date, startTime, endTime, shift) VALUES ('SC0571', 'ST0006', '2025-08-17', '2025-08-17 08:00:00', '2025-08-17 14:00:00', 'Morning');
INSERT INTO Schedule (scheduleID, doctorID, date, startTime, endTime, shift) VALUES ('SC0572', 'ST0006', '2025-08-17', '2025-08-17 14:00:00', '2025-08-17 20:00:00', 'Evening');
INSERT INTO Schedule (scheduleID, doctorID, date, startTime, endTime, shift) VALUES ('SC0573', 'ST0009', '2025-08-17', '2025-08-17 08:00:00', '2025-08-17 14:00:00', 'Morning');
INSERT INTO Schedule (scheduleID, doctorID, date, startTime, endTime, shift) VALUES ('SC0574', 'ST0009', '2025-08-17', '2025-08-17 14:00:00', '2025-08-17 20:00:00', 'Evening');
INSERT INTO Schedule (scheduleID, doctorID, date, startTime, endTime, shift) VALUES ('SC0575', 'ST0010', '2025-08-17', '2025-08-17 08:00:00', '2025-08-17 14:00:00', 'Morning');
INSERT INTO Schedule (scheduleID, doctorID, date, startTime, endTime, shift) VALUES ('SC0576', 'ST0010', '2025-08-17', '2025-08-17 14:00:00', '2025-08-17 20:00:00', 'Evening');
INSERT INTO Schedule (scheduleID, doctorID, date, startTime, endTime, shift) VALUES ('SC0577', 'ST0001', '2025-08-18', '2025-08-18 08:00:00', '2025-08-18 14:00:00', 'Morning');
INSERT INTO Schedule (scheduleID, doctorID, date, startTime, endTime, shift) VALUES ('SC0578', 'ST0001', '2025-08-18', '2025-08-18 14:00:00', '2025-08-18 20:00:00', 'Evening');
INSERT INTO Schedule (scheduleID, doctorID, date, startTime, endTime, shift) VALUES ('SC0579', 'ST0003', '2025-08-18', '2025-08-18 08:00:00', '2025-08-18 14:00:00', 'Morning');
INSERT INTO Schedule (scheduleID, doctorID, date, startTime, endTime, shift) VALUES ('SC0580', 'ST0003', '2025-08-18', '2025-08-18 14:00:00', '2025-08-18 20:00:00', 'Evening');
INSERT INTO Schedule (scheduleID, doctorID, date, startTime, endTime, shift) VALUES ('SC0581', 'ST0004', '2025-08-18', '2025-08-18 08:00:00', '2025-08-18 14:00:00', 'Morning');
INSERT INTO Schedule (scheduleID, doctorID, date, startTime, endTime, shift) VALUES ('SC0582', 'ST0004', '2025-08-18', '2025-08-18 14:00:00', '2025-08-18 20:00:00', 'Evening');
INSERT INTO Schedule (scheduleID, doctorID, date, startTime, endTime, shift) VALUES ('SC0583', 'ST0006', '2025-08-18', '2025-08-18 08:00:00', '2025-08-18 14:00:00', 'Morning');
INSERT INTO Schedule (scheduleID, doctorID, date, startTime, endTime, shift) VALUES ('SC0584', 'ST0006', '2025-08-18', '2025-08-18 14:00:00', '2025-08-18 20:00:00', 'Evening');
INSERT INTO Schedule (scheduleID, doctorID, date, startTime, endTime, shift) VALUES ('SC0585', 'ST0009', '2025-08-18', '2025-08-18 08:00:00', '2025-08-18 14:00:00', 'Morning');
INSERT INTO Schedule (scheduleID, doctorID, date, startTime, endTime, shift) VALUES ('SC0586', 'ST0009', '2025-08-18', '2025-08-18 14:00:00', '2025-08-18 20:00:00', 'Evening');
INSERT INTO Schedule (scheduleID, doctorID, date, startTime, endTime, shift) VALUES ('SC0587', 'ST0010', '2025-08-18', '2025-08-18 08:00:00', '2025-08-18 14:00:00', 'Morning');
INSERT INTO Schedule (scheduleID, doctorID, date, startTime, endTime, shift) VALUES ('SC0588', 'ST0010', '2025-08-18', '2025-08-18 14:00:00', '2025-08-18 20:00:00', 'Evening');
INSERT INTO Schedule (scheduleID, doctorID, date, startTime, endTime, shift) VALUES ('SC0589', 'ST0001', '2025-08-19', '2025-08-19 08:00:00', '2025-08-19 14:00:00', 'Morning');
INSERT INTO Schedule (scheduleID, doctorID, date, startTime, endTime, shift) VALUES ('SC0590', 'ST0001', '2025-08-19', '2025-08-19 14:00:00', '2025-08-19 20:00:00', 'Evening');
INSERT INTO Schedule (scheduleID, doctorID, date, startTime, endTime, shift) VALUES ('SC0591', 'ST0003', '2025-08-19', '2025-08-19 08:00:00', '2025-08-19 14:00:00', 'Morning');
INSERT INTO Schedule (scheduleID, doctorID, date, startTime, endTime, shift) VALUES ('SC0592', 'ST0003', '2025-08-19', '2025-08-19 14:00:00', '2025-08-19 20:00:00', 'Evening');
INSERT INTO Schedule (scheduleID, doctorID, date, startTime, endTime, shift) VALUES ('SC0593', 'ST0004', '2025-08-19', '2025-08-19 08:00:00', '2025-08-19 14:00:00', 'Morning');
INSERT INTO Schedule (scheduleID, doctorID, date, startTime, endTime, shift) VALUES ('SC0594', 'ST0004', '2025-08-19', '2025-08-19 14:00:00', '2025-08-19 20:00:00', 'Evening');
INSERT INTO Schedule (scheduleID, doctorID, date, startTime, endTime, shift) VALUES ('SC0595', 'ST0006', '2025-08-19', '2025-08-19 08:00:00', '2025-08-19 14:00:00', 'Morning');
INSERT INTO Schedule (scheduleID, doctorID, date, startTime, endTime, shift) VALUES ('SC0596', 'ST0006', '2025-08-19', '2025-08-19 14:00:00', '2025-08-19 20:00:00', 'Evening');
INSERT INTO Schedule (scheduleID, doctorID, date, startTime, endTime, shift) VALUES ('SC0597', 'ST0009', '2025-08-19', '2025-08-19 08:00:00', '2025-08-19 14:00:00', 'Morning');
INSERT INTO Schedule (scheduleID, doctorID, date, startTime, endTime, shift) VALUES ('SC0598', 'ST0009', '2025-08-19', '2025-08-19 14:00:00', '2025-08-19 20:00:00', 'Evening');
INSERT INTO Schedule (scheduleID, doctorID, date, startTime, endTime, shift) VALUES ('SC0599', 'ST0010', '2025-08-19', '2025-08-19 08:00:00', '2025-08-19 14:00:00', 'Morning');
INSERT INTO Schedule (scheduleID, doctorID, date, startTime, endTime, shift) VALUES ('SC0600', 'ST0010', '2025-08-19', '2025-08-19 14:00:00', '2025-08-19 20:00:00', 'Evening');
INSERT INTO Schedule (scheduleID, doctorID, date, startTime, endTime, shift) VALUES ('SC0601', 'ST0001', '2025-08-20', '2025-08-20 08:00:00', '2025-08-20 14:00:00', 'Morning');
INSERT INTO Schedule (scheduleID, doctorID, date, startTime, endTime, shift) VALUES ('SC0602', 'ST0001', '2025-08-20', '2025-08-20 14:00:00', '2025-08-20 20:00:00', 'Evening');
INSERT INTO Schedule (scheduleID, doctorID, date, startTime, endTime, shift) VALUES ('SC0603', 'ST0003', '2025-08-20', '2025-08-20 08:00:00', '2025-08-20 14:00:00', 'Morning');
INSERT INTO Schedule (scheduleID, doctorID, date, startTime, endTime, shift) VALUES ('SC0604', 'ST0003', '2025-08-20', '2025-08-20 14:00:00', '2025-08-20 20:00:00', 'Evening');
INSERT INTO Schedule (scheduleID, doctorID, date, startTime, endTime, shift) VALUES ('SC0605', 'ST0004', '2025-08-20', '2025-08-20 08:00:00', '2025-08-20 14:00:00', 'Morning');
INSERT INTO Schedule (scheduleID, doctorID, date, startTime, endTime, shift) VALUES ('SC0606', 'ST0004', '2025-08-20', '2025-08-20 14:00:00', '2025-08-20 20:00:00', 'Evening');
INSERT INTO Schedule (scheduleID, doctorID, date, startTime, endTime, shift) VALUES ('SC0607', 'ST0006', '2025-08-20', '2025-08-20 08:00:00', '2025-08-20 14:00:00', 'Morning');
INSERT INTO Schedule (scheduleID, doctorID, date, startTime, endTime, shift) VALUES ('SC0608', 'ST0006', '2025-08-20', '2025-08-20 14:00:00', '2025-08-20 20:00:00', 'Evening');
INSERT INTO Schedule (scheduleID, doctorID, date, startTime, endTime, shift) VALUES ('SC0609', 'ST0009', '2025-08-20', '2025-08-20 08:00:00', '2025-08-20 14:00:00', 'Morning');
INSERT INTO Schedule (scheduleID, doctorID, date, startTime, endTime, shift) VALUES ('SC0610', 'ST0009', '2025-08-20', '2025-08-20 14:00:00', '2025-08-20 20:00:00', 'Evening');
INSERT INTO Schedule (scheduleID, doctorID, date, startTime, endTime, shift) VALUES ('SC0611', 'ST0010', '2025-08-20', '2025-08-20 08:00:00', '2025-08-20 14:00:00', 'Morning');
INSERT INTO Schedule (scheduleID, doctorID, date, startTime, endTime, shift) VALUES ('SC0612', 'ST0010', '2025-08-20', '2025-08-20 14:00:00', '2025-08-20 20:00:00', 'Evening');
INSERT INTO Schedule (scheduleID, doctorID, date, startTime, endTime, shift) VALUES ('SC0613', 'ST0001', '2025-08-21', '2025-08-21 08:00:00', '2025-08-21 14:00:00', 'Morning');
INSERT INTO Schedule (scheduleID, doctorID, date, startTime, endTime, shift) VALUES ('SC0614', 'ST0001', '2025-08-21', '2025-08-21 14:00:00', '2025-08-21 20:00:00', 'Evening');
INSERT INTO Schedule (scheduleID, doctorID, date, startTime, endTime, shift) VALUES ('SC0615', 'ST0003', '2025-08-21', '2025-08-21 08:00:00', '2025-08-21 14:00:00', 'Morning');
INSERT INTO Schedule (scheduleID, doctorID, date, startTime, endTime, shift) VALUES ('SC0616', 'ST0003', '2025-08-21', '2025-08-21 14:00:00', '2025-08-21 20:00:00', 'Evening');
INSERT INTO Schedule (scheduleID, doctorID, date, startTime, endTime, shift) VALUES ('SC0617', 'ST0004', '2025-08-21', '2025-08-21 08:00:00', '2025-08-21 14:00:00', 'Morning');
INSERT INTO Schedule (scheduleID, doctorID, date, startTime, endTime, shift) VALUES ('SC0618', 'ST0004', '2025-08-21', '2025-08-21 14:00:00', '2025-08-21 20:00:00', 'Evening');
INSERT INTO Schedule (scheduleID, doctorID, date, startTime, endTime, shift) VALUES ('SC0619', 'ST0006', '2025-08-21', '2025-08-21 08:00:00', '2025-08-21 14:00:00', 'Morning');
INSERT INTO Schedule (scheduleID, doctorID, date, startTime, endTime, shift) VALUES ('SC0620', 'ST0006', '2025-08-21', '2025-08-21 14:00:00', '2025-08-21 20:00:00', 'Evening');
INSERT INTO Schedule (scheduleID, doctorID, date, startTime, endTime, shift) VALUES ('SC0621', 'ST0009', '2025-08-21', '2025-08-21 08:00:00', '2025-08-21 14:00:00', 'Morning');
INSERT INTO Schedule (scheduleID, doctorID, date, startTime, endTime, shift) VALUES ('SC0622', 'ST0009', '2025-08-21', '2025-08-21 14:00:00', '2025-08-21 20:00:00', 'Evening');
INSERT INTO Schedule (scheduleID, doctorID, date, startTime, endTime, shift) VALUES ('SC0623', 'ST0010', '2025-08-21', '2025-08-21 08:00:00', '2025-08-21 14:00:00', 'Morning');
INSERT INTO Schedule (scheduleID, doctorID, date, startTime, endTime, shift) VALUES ('SC0624', 'ST0010', '2025-08-21', '2025-08-21 14:00:00', '2025-08-21 20:00:00', 'Evening');
INSERT INTO Schedule (scheduleID, doctorID, date, startTime, endTime, shift) VALUES ('SC0625', 'ST0001', '2025-08-22', '2025-08-22 08:00:00', '2025-08-22 14:00:00', 'Morning');
INSERT INTO Schedule (scheduleID, doctorID, date, startTime, endTime, shift) VALUES ('SC0626', 'ST0001', '2025-08-22', '2025-08-22 14:00:00', '2025-08-22 20:00:00', 'Evening');
INSERT INTO Schedule (scheduleID, doctorID, date, startTime, endTime, shift) VALUES ('SC0627', 'ST0003', '2025-08-22', '2025-08-22 08:00:00', '2025-08-22 14:00:00', 'Morning');
INSERT INTO Schedule (scheduleID, doctorID, date, startTime, endTime, shift) VALUES ('SC0628', 'ST0003', '2025-08-22', '2025-08-22 14:00:00', '2025-08-22 20:00:00', 'Evening');
INSERT INTO Schedule (scheduleID, doctorID, date, startTime, endTime, shift) VALUES ('SC0629', 'ST0004', '2025-08-22', '2025-08-22 08:00:00', '2025-08-22 14:00:00', 'Morning');
INSERT INTO Schedule (scheduleID, doctorID, date, startTime, endTime, shift) VALUES ('SC0630', 'ST0004', '2025-08-22', '2025-08-22 14:00:00', '2025-08-22 20:00:00', 'Evening');
INSERT INTO Schedule (scheduleID, doctorID, date, startTime, endTime, shift) VALUES ('SC0631', 'ST0006', '2025-08-22', '2025-08-22 08:00:00', '2025-08-22 14:00:00', 'Morning');
INSERT INTO Schedule (scheduleID, doctorID, date, startTime, endTime, shift) VALUES ('SC0632', 'ST0006', '2025-08-22', '2025-08-22 14:00:00', '2025-08-22 20:00:00', 'Evening');
INSERT INTO Schedule (scheduleID, doctorID, date, startTime, endTime, shift) VALUES ('SC0633', 'ST0009', '2025-08-22', '2025-08-22 08:00:00', '2025-08-22 14:00:00', 'Morning');
INSERT INTO Schedule (scheduleID, doctorID, date, startTime, endTime, shift) VALUES ('SC0634', 'ST0009', '2025-08-22', '2025-08-22 14:00:00', '2025-08-22 20:00:00', 'Evening');
INSERT INTO Schedule (scheduleID, doctorID, date, startTime, endTime, shift) VALUES ('SC0635', 'ST0010', '2025-08-22', '2025-08-22 08:00:00', '2025-08-22 14:00:00', 'Morning');
INSERT INTO Schedule (scheduleID, doctorID, date, startTime, endTime, shift) VALUES ('SC0636', 'ST0010', '2025-08-22', '2025-08-22 14:00:00', '2025-08-22 20:00:00', 'Evening');
INSERT INTO Schedule (scheduleID, doctorID, date, startTime, endTime, shift) VALUES ('SC0637', 'ST0001', '2025-08-23', '2025-08-23 08:00:00', '2025-08-23 14:00:00', 'Morning');
INSERT INTO Schedule (scheduleID, doctorID, date, startTime, endTime, shift) VALUES ('SC0638', 'ST0001', '2025-08-23', '2025-08-23 14:00:00', '2025-08-23 20:00:00', 'Evening');
INSERT INTO Schedule (scheduleID, doctorID, date, startTime, endTime, shift) VALUES ('SC0639', 'ST0003', '2025-08-23', '2025-08-23 08:00:00', '2025-08-23 14:00:00', 'Morning');
INSERT INTO Schedule (scheduleID, doctorID, date, startTime, endTime, shift) VALUES ('SC0640', 'ST0003', '2025-08-23', '2025-08-23 14:00:00', '2025-08-23 20:00:00', 'Evening');
INSERT INTO Schedule (scheduleID, doctorID, date, startTime, endTime, shift) VALUES ('SC0641', 'ST0004', '2025-08-23', '2025-08-23 08:00:00', '2025-08-23 14:00:00', 'Morning');
INSERT INTO Schedule (scheduleID, doctorID, date, startTime, endTime, shift) VALUES ('SC0642', 'ST0004', '2025-08-23', '2025-08-23 14:00:00', '2025-08-23 20:00:00', 'Evening');
INSERT INTO Schedule (scheduleID, doctorID, date, startTime, endTime, shift) VALUES ('SC0643', 'ST0006', '2025-08-23', '2025-08-23 08:00:00', '2025-08-23 14:00:00', 'Morning');
INSERT INTO Schedule (scheduleID, doctorID, date, startTime, endTime, shift) VALUES ('SC0644', 'ST0006', '2025-08-23', '2025-08-23 14:00:00', '2025-08-23 20:00:00', 'Evening');
INSERT INTO Schedule (scheduleID, doctorID, date, startTime, endTime, shift) VALUES ('SC0645', 'ST0009', '2025-08-23', '2025-08-23 08:00:00', '2025-08-23 14:00:00', 'Morning');
INSERT INTO Schedule (scheduleID, doctorID, date, startTime, endTime, shift) VALUES ('SC0646', 'ST0009', '2025-08-23', '2025-08-23 14:00:00', '2025-08-23 20:00:00', 'Evening');
INSERT INTO Schedule (scheduleID, doctorID, date, startTime, endTime, shift) VALUES ('SC0647', 'ST0010', '2025-08-23', '2025-08-23 08:00:00', '2025-08-23 14:00:00', 'Morning');
INSERT INTO Schedule (scheduleID, doctorID, date, startTime, endTime, shift) VALUES ('SC0648', 'ST0010', '2025-08-23', '2025-08-23 14:00:00', '2025-08-23 20:00:00', 'Evening');
INSERT INTO Schedule (scheduleID, doctorID, date, startTime, endTime, shift) VALUES ('SC0649', 'ST0001', '2025-08-24', '2025-08-24 08:00:00', '2025-08-24 14:00:00', 'Morning');
INSERT INTO Schedule (scheduleID, doctorID, date, startTime, endTime, shift) VALUES ('SC0650', 'ST0001', '2025-08-24', '2025-08-24 14:00:00', '2025-08-24 20:00:00', 'Evening');
INSERT INTO Schedule (scheduleID, doctorID, date, startTime, endTime, shift) VALUES ('SC0651', 'ST0003', '2025-08-24', '2025-08-24 08:00:00', '2025-08-24 14:00:00', 'Morning');
INSERT INTO Schedule (scheduleID, doctorID, date, startTime, endTime, shift) VALUES ('SC0652', 'ST0003', '2025-08-24', '2025-08-24 14:00:00', '2025-08-24 20:00:00', 'Evening');
INSERT INTO Schedule (scheduleID, doctorID, date, startTime, endTime, shift) VALUES ('SC0653', 'ST0004', '2025-08-24', '2025-08-24 08:00:00', '2025-08-24 14:00:00', 'Morning');
INSERT INTO Schedule (scheduleID, doctorID, date, startTime, endTime, shift) VALUES ('SC0654', 'ST0004', '2025-08-24', '2025-08-24 14:00:00', '2025-08-24 20:00:00', 'Evening');
INSERT INTO Schedule (scheduleID, doctorID, date, startTime, endTime, shift) VALUES ('SC0655', 'ST0006', '2025-08-24', '2025-08-24 08:00:00', '2025-08-24 14:00:00', 'Morning');
INSERT INTO Schedule (scheduleID, doctorID, date, startTime, endTime, shift) VALUES ('SC0656', 'ST0006', '2025-08-24', '2025-08-24 14:00:00', '2025-08-24 20:00:00', 'Evening');
INSERT INTO Schedule (scheduleID, doctorID, date, startTime, endTime, shift) VALUES ('SC0657', 'ST0009', '2025-08-24', '2025-08-24 08:00:00', '2025-08-24 14:00:00', 'Morning');
INSERT INTO Schedule (scheduleID, doctorID, date, startTime, endTime, shift) VALUES ('SC0658', 'ST0009', '2025-08-24', '2025-08-24 14:00:00', '2025-08-24 20:00:00', 'Evening');
INSERT INTO Schedule (scheduleID, doctorID, date, startTime, endTime, shift) VALUES ('SC0659', 'ST0010', '2025-08-24', '2025-08-24 08:00:00', '2025-08-24 14:00:00', 'Morning');
INSERT INTO Schedule (scheduleID, doctorID, date, startTime, endTime, shift) VALUES ('SC0660', 'ST0010', '2025-08-24', '2025-08-24 14:00:00', '2025-08-24 20:00:00', 'Evening');
INSERT INTO Schedule (scheduleID, doctorID, date, startTime, endTime, shift) VALUES ('SC0661', 'ST0001', '2025-08-25', '2025-08-25 08:00:00', '2025-08-25 14:00:00', 'Morning');
INSERT INTO Schedule (scheduleID, doctorID, date, startTime, endTime, shift) VALUES ('SC0662', 'ST0001', '2025-08-25', '2025-08-25 14:00:00', '2025-08-25 20:00:00', 'Evening');
INSERT INTO Schedule (scheduleID, doctorID, date, startTime, endTime, shift) VALUES ('SC0663', 'ST0003', '2025-08-25', '2025-08-25 08:00:00', '2025-08-25 14:00:00', 'Morning');
INSERT INTO Schedule (scheduleID, doctorID, date, startTime, endTime, shift) VALUES ('SC0664', 'ST0003', '2025-08-25', '2025-08-25 14:00:00', '2025-08-25 20:00:00', 'Evening');
INSERT INTO Schedule (scheduleID, doctorID, date, startTime, endTime, shift) VALUES ('SC0665', 'ST0004', '2025-08-25', '2025-08-25 08:00:00', '2025-08-25 14:00:00', 'Morning');
INSERT INTO Schedule (scheduleID, doctorID, date, startTime, endTime, shift) VALUES ('SC0666', 'ST0004', '2025-08-25', '2025-08-25 14:00:00', '2025-08-25 20:00:00', 'Evening');
INSERT INTO Schedule (scheduleID, doctorID, date, startTime, endTime, shift) VALUES ('SC0667', 'ST0006', '2025-08-25', '2025-08-25 08:00:00', '2025-08-25 14:00:00', 'Morning');
INSERT INTO Schedule (scheduleID, doctorID, date, startTime, endTime, shift) VALUES ('SC0668', 'ST0006', '2025-08-25', '2025-08-25 14:00:00', '2025-08-25 20:00:00', 'Evening');
INSERT INTO Schedule (scheduleID, doctorID, date, startTime, endTime, shift) VALUES ('SC0669', 'ST0009', '2025-08-25', '2025-08-25 08:00:00', '2025-08-25 14:00:00', 'Morning');
INSERT INTO Schedule (scheduleID, doctorID, date, startTime, endTime, shift) VALUES ('SC0670', 'ST0009', '2025-08-25', '2025-08-25 14:00:00', '2025-08-25 20:00:00', 'Evening');
INSERT INTO Schedule (scheduleID, doctorID, date, startTime, endTime, shift) VALUES ('SC0671', 'ST0010', '2025-08-25', '2025-08-25 08:00:00', '2025-08-25 14:00:00', 'Morning');
INSERT INTO Schedule (scheduleID, doctorID, date, startTime, endTime, shift) VALUES ('SC0672', 'ST0010', '2025-08-25', '2025-08-25 14:00:00', '2025-08-25 20:00:00', 'Evening');
INSERT INTO Schedule (scheduleID, doctorID, date, startTime, endTime, shift) VALUES ('SC0673', 'ST0001', '2025-08-26', '2025-08-26 08:00:00', '2025-08-26 14:00:00', 'Morning');
INSERT INTO Schedule (scheduleID, doctorID, date, startTime, endTime, shift) VALUES ('SC0674', 'ST0001', '2025-08-26', '2025-08-26 14:00:00', '2025-08-26 20:00:00', 'Evening');
INSERT INTO Schedule (scheduleID, doctorID, date, startTime, endTime, shift) VALUES ('SC0675', 'ST0003', '2025-08-26', '2025-08-26 08:00:00', '2025-08-26 14:00:00', 'Morning');
INSERT INTO Schedule (scheduleID, doctorID, date, startTime, endTime, shift) VALUES ('SC0676', 'ST0003', '2025-08-26', '2025-08-26 14:00:00', '2025-08-26 20:00:00', 'Evening');
INSERT INTO Schedule (scheduleID, doctorID, date, startTime, endTime, shift) VALUES ('SC0677', 'ST0004', '2025-08-26', '2025-08-26 08:00:00', '2025-08-26 14:00:00', 'Morning');
INSERT INTO Schedule (scheduleID, doctorID, date, startTime, endTime, shift) VALUES ('SC0678', 'ST0004', '2025-08-26', '2025-08-26 14:00:00', '2025-08-26 20:00:00', 'Evening');
INSERT INTO Schedule (scheduleID, doctorID, date, startTime, endTime, shift) VALUES ('SC0679', 'ST0006', '2025-08-26', '2025-08-26 08:00:00', '2025-08-26 14:00:00', 'Morning');
INSERT INTO Schedule (scheduleID, doctorID, date, startTime, endTime, shift) VALUES ('SC0680', 'ST0006', '2025-08-26', '2025-08-26 14:00:00', '2025-08-26 20:00:00', 'Evening');
INSERT INTO Schedule (scheduleID, doctorID, date, startTime, endTime, shift) VALUES ('SC0681', 'ST0009', '2025-08-26', '2025-08-26 08:00:00', '2025-08-26 14:00:00', 'Morning');
INSERT INTO Schedule (scheduleID, doctorID, date, startTime, endTime, shift) VALUES ('SC0682', 'ST0009', '2025-08-26', '2025-08-26 14:00:00', '2025-08-26 20:00:00', 'Evening');
INSERT INTO Schedule (scheduleID, doctorID, date, startTime, endTime, shift) VALUES ('SC0683', 'ST0010', '2025-08-26', '2025-08-26 08:00:00', '2025-08-26 14:00:00', 'Morning');
INSERT INTO Schedule (scheduleID, doctorID, date, startTime, endTime, shift) VALUES ('SC0684', 'ST0010', '2025-08-26', '2025-08-26 14:00:00', '2025-08-26 20:00:00', 'Evening');
INSERT INTO Schedule (scheduleID, doctorID, date, startTime, endTime, shift) VALUES ('SC0685', 'ST0001', '2025-08-27', '2025-08-27 08:00:00', '2025-08-27 14:00:00', 'Morning');
INSERT INTO Schedule (scheduleID, doctorID, date, startTime, endTime, shift) VALUES ('SC0686', 'ST0001', '2025-08-27', '2025-08-27 14:00:00', '2025-08-27 20:00:00', 'Evening');
INSERT INTO Schedule (scheduleID, doctorID, date, startTime, endTime, shift) VALUES ('SC0687', 'ST0003', '2025-08-27', '2025-08-27 08:00:00', '2025-08-27 14:00:00', 'Morning');
INSERT INTO Schedule (scheduleID, doctorID, date, startTime, endTime, shift) VALUES ('SC0688', 'ST0003', '2025-08-27', '2025-08-27 14:00:00', '2025-08-27 20:00:00', 'Evening');
INSERT INTO Schedule (scheduleID, doctorID, date, startTime, endTime, shift) VALUES ('SC0689', 'ST0004', '2025-08-27', '2025-08-27 08:00:00', '2025-08-27 14:00:00', 'Morning');
INSERT INTO Schedule (scheduleID, doctorID, date, startTime, endTime, shift) VALUES ('SC0690', 'ST0004', '2025-08-27', '2025-08-27 14:00:00', '2025-08-27 20:00:00', 'Evening');
INSERT INTO Schedule (scheduleID, doctorID, date, startTime, endTime, shift) VALUES ('SC0691', 'ST0006', '2025-08-27', '2025-08-27 08:00:00', '2025-08-27 14:00:00', 'Morning');
INSERT INTO Schedule (scheduleID, doctorID, date, startTime, endTime, shift) VALUES ('SC0692', 'ST0006', '2025-08-27', '2025-08-27 14:00:00', '2025-08-27 20:00:00', 'Evening');
INSERT INTO Schedule (scheduleID, doctorID, date, startTime, endTime, shift) VALUES ('SC0693', 'ST0009', '2025-08-27', '2025-08-27 08:00:00', '2025-08-27 14:00:00', 'Morning');
INSERT INTO Schedule (scheduleID, doctorID, date, startTime, endTime, shift) VALUES ('SC0694', 'ST0009', '2025-08-27', '2025-08-27 14:00:00', '2025-08-27 20:00:00', 'Evening');
INSERT INTO Schedule (scheduleID, doctorID, date, startTime, endTime, shift) VALUES ('SC0695', 'ST0010', '2025-08-27', '2025-08-27 08:00:00', '2025-08-27 14:00:00', 'Morning');
INSERT INTO Schedule (scheduleID, doctorID, date, startTime, endTime, shift) VALUES ('SC0696', 'ST0010', '2025-08-27', '2025-08-27 14:00:00', '2025-08-27 20:00:00', 'Evening');
INSERT INTO Schedule (scheduleID, doctorID, date, startTime, endTime, shift) VALUES ('SC0697', 'ST0001', '2025-08-28', '2025-08-28 08:00:00', '2025-08-28 14:00:00', 'Morning');
INSERT INTO Schedule (scheduleID, doctorID, date, startTime, endTime, shift) VALUES ('SC0698', 'ST0001', '2025-08-28', '2025-08-28 14:00:00', '2025-08-28 20:00:00', 'Evening');
INSERT INTO Schedule (scheduleID, doctorID, date, startTime, endTime, shift) VALUES ('SC0699', 'ST0003', '2025-08-28', '2025-08-28 08:00:00', '2025-08-28 14:00:00', 'Morning');
INSERT INTO Schedule (scheduleID, doctorID, date, startTime, endTime, shift) VALUES ('SC0700', 'ST0003', '2025-08-28', '2025-08-28 14:00:00', '2025-08-28 20:00:00', 'Evening');
INSERT INTO Schedule (scheduleID, doctorID, date, startTime, endTime, shift) VALUES ('SC0701', 'ST0004', '2025-08-28', '2025-08-28 08:00:00', '2025-08-28 14:00:00', 'Morning');
INSERT INTO Schedule (scheduleID, doctorID, date, startTime, endTime, shift) VALUES ('SC0702', 'ST0004', '2025-08-28', '2025-08-28 14:00:00', '2025-08-28 20:00:00', 'Evening');
INSERT INTO Schedule (scheduleID, doctorID, date, startTime, endTime, shift) VALUES ('SC0703', 'ST0006', '2025-08-28', '2025-08-28 08:00:00', '2025-08-28 14:00:00', 'Morning');
INSERT INTO Schedule (scheduleID, doctorID, date, startTime, endTime, shift) VALUES ('SC0704', 'ST0006', '2025-08-28', '2025-08-28 14:00:00', '2025-08-28 20:00:00', 'Evening');
INSERT INTO Schedule (scheduleID, doctorID, date, startTime, endTime, shift) VALUES ('SC0705', 'ST0009', '2025-08-28', '2025-08-28 08:00:00', '2025-08-28 14:00:00', 'Morning');
INSERT INTO Schedule (scheduleID, doctorID, date, startTime, endTime, shift) VALUES ('SC0706', 'ST0009', '2025-08-28', '2025-08-28 14:00:00', '2025-08-28 20:00:00', 'Evening');
INSERT INTO Schedule (scheduleID, doctorID, date, startTime, endTime, shift) VALUES ('SC0707', 'ST0010', '2025-08-28', '2025-08-28 08:00:00', '2025-08-28 14:00:00', 'Morning');
INSERT INTO Schedule (scheduleID, doctorID, date, startTime, endTime, shift) VALUES ('SC0708', 'ST0010', '2025-08-28', '2025-08-28 14:00:00', '2025-08-28 20:00:00', 'Evening');
INSERT INTO Schedule (scheduleID, doctorID, date, startTime, endTime, shift) VALUES ('SC0709', 'ST0001', '2025-08-29', '2025-08-29 08:00:00', '2025-08-29 14:00:00', 'Morning');
INSERT INTO Schedule (scheduleID, doctorID, date, startTime, endTime, shift) VALUES ('SC0710', 'ST0001', '2025-08-29', '2025-08-29 14:00:00', '2025-08-29 20:00:00', 'Evening');
INSERT INTO Schedule (scheduleID, doctorID, date, startTime, endTime, shift) VALUES ('SC0711', 'ST0003', '2025-08-29', '2025-08-29 08:00:00', '2025-08-29 14:00:00', 'Morning');
INSERT INTO Schedule (scheduleID, doctorID, date, startTime, endTime, shift) VALUES ('SC0712', 'ST0003', '2025-08-29', '2025-08-29 14:00:00', '2025-08-29 20:00:00', 'Evening');
INSERT INTO Schedule (scheduleID, doctorID, date, startTime, endTime, shift) VALUES ('SC0713', 'ST0004', '2025-08-29', '2025-08-29 08:00:00', '2025-08-29 14:00:00', 'Morning');
INSERT INTO Schedule (scheduleID, doctorID, date, startTime, endTime, shift) VALUES ('SC0714', 'ST0004', '2025-08-29', '2025-08-29 14:00:00', '2025-08-29 20:00:00', 'Evening');
INSERT INTO Schedule (scheduleID, doctorID, date, startTime, endTime, shift) VALUES ('SC0715', 'ST0006', '2025-08-29', '2025-08-29 08:00:00', '2025-08-29 14:00:00', 'Morning');
INSERT INTO Schedule (scheduleID, doctorID, date, startTime, endTime, shift) VALUES ('SC0716', 'ST0006', '2025-08-29', '2025-08-29 14:00:00', '2025-08-29 20:00:00', 'Evening');
INSERT INTO Schedule (scheduleID, doctorID, date, startTime, endTime, shift) VALUES ('SC0717', 'ST0009', '2025-08-29', '2025-08-29 08:00:00', '2025-08-29 14:00:00', 'Morning');
INSERT INTO Schedule (scheduleID, doctorID, date, startTime, endTime, shift) VALUES ('SC0718', 'ST0009', '2025-08-29', '2025-08-29 14:00:00', '2025-08-29 20:00:00', 'Evening');
INSERT INTO Schedule (scheduleID, doctorID, date, startTime, endTime, shift) VALUES ('SC0719', 'ST0010', '2025-08-29', '2025-08-29 08:00:00', '2025-08-29 14:00:00', 'Morning');
INSERT INTO Schedule (scheduleID, doctorID, date, startTime, endTime, shift) VALUES ('SC0720', 'ST0010', '2025-08-29', '2025-08-29 14:00:00', '2025-08-29 20:00:00', 'Evening');
INSERT INTO Schedule (scheduleID, doctorID, date, startTime, endTime, shift) VALUES ('SC0721', 'ST0001', '2025-08-30', '2025-08-30 08:00:00', '2025-08-30 14:00:00', 'Morning');
INSERT INTO Schedule (scheduleID, doctorID, date, startTime, endTime, shift) VALUES ('SC0722', 'ST0001', '2025-08-30', '2025-08-30 14:00:00', '2025-08-30 20:00:00', 'Evening');
INSERT INTO Schedule (scheduleID, doctorID, date, startTime, endTime, shift) VALUES ('SC0723', 'ST0003', '2025-08-30', '2025-08-30 08:00:00', '2025-08-30 14:00:00', 'Morning');
INSERT INTO Schedule (scheduleID, doctorID, date, startTime, endTime, shift) VALUES ('SC0724', 'ST0003', '2025-08-30', '2025-08-30 14:00:00', '2025-08-30 20:00:00', 'Evening');
INSERT INTO Schedule (scheduleID, doctorID, date, startTime, endTime, shift) VALUES ('SC0725', 'ST0004', '2025-08-30', '2025-08-30 08:00:00', '2025-08-30 14:00:00', 'Morning');
INSERT INTO Schedule (scheduleID, doctorID, date, startTime, endTime, shift) VALUES ('SC0726', 'ST0004', '2025-08-30', '2025-08-30 14:00:00', '2025-08-30 20:00:00', 'Evening');
INSERT INTO Schedule (scheduleID, doctorID, date, startTime, endTime, shift) VALUES ('SC0727', 'ST0006', '2025-08-30', '2025-08-30 08:00:00', '2025-08-30 14:00:00', 'Morning');
INSERT INTO Schedule (scheduleID, doctorID, date, startTime, endTime, shift) VALUES ('SC0728', 'ST0006', '2025-08-30', '2025-08-30 14:00:00', '2025-08-30 20:00:00', 'Evening');
INSERT INTO Schedule (scheduleID, doctorID, date, startTime, endTime, shift) VALUES ('SC0729', 'ST0009', '2025-08-30', '2025-08-30 08:00:00', '2025-08-30 14:00:00', 'Morning');
INSERT INTO Schedule (scheduleID, doctorID, date, startTime, endTime, shift) VALUES ('SC0730', 'ST0009', '2025-08-30', '2025-08-30 14:00:00', '2025-08-30 20:00:00', 'Evening');
INSERT INTO Schedule (scheduleID, doctorID, date, startTime, endTime, shift) VALUES ('SC0731', 'ST0010', '2025-08-30', '2025-08-30 08:00:00', '2025-08-30 14:00:00', 'Morning');
INSERT INTO Schedule (scheduleID, doctorID, date, startTime, endTime, shift) VALUES ('SC0732', 'ST0010', '2025-08-30', '2025-08-30 14:00:00', '2025-08-30 20:00:00', 'Evening');
INSERT INTO Schedule (scheduleID, doctorID, date, startTime, endTime, shift) VALUES ('SC0733', 'ST0001', '2025-08-31', '2025-08-31 08:00:00', '2025-08-31 14:00:00', 'Morning');
INSERT INTO Schedule (scheduleID, doctorID, date, startTime, endTime, shift) VALUES ('SC0734', 'ST0001', '2025-08-31', '2025-08-31 14:00:00', '2025-08-31 20:00:00', 'Evening');
INSERT INTO Schedule (scheduleID, doctorID, date, startTime, endTime, shift) VALUES ('SC0735', 'ST0003', '2025-08-31', '2025-08-31 08:00:00', '2025-08-31 14:00:00', 'Morning');
INSERT INTO Schedule (scheduleID, doctorID, date, startTime, endTime, shift) VALUES ('SC0736', 'ST0003', '2025-08-31', '2025-08-31 14:00:00', '2025-08-31 20:00:00', 'Evening');
INSERT INTO Schedule (scheduleID, doctorID, date, startTime, endTime, shift) VALUES ('SC0737', 'ST0004', '2025-08-31', '2025-08-31 08:00:00', '2025-08-31 14:00:00', 'Morning');
INSERT INTO Schedule (scheduleID, doctorID, date, startTime, endTime, shift) VALUES ('SC0738', 'ST0004', '2025-08-31', '2025-08-31 14:00:00', '2025-08-31 20:00:00', 'Evening');
INSERT INTO Schedule (scheduleID, doctorID, date, startTime, endTime, shift) VALUES ('SC0739', 'ST0006', '2025-08-31', '2025-08-31 08:00:00', '2025-08-31 14:00:00', 'Morning');
INSERT INTO Schedule (scheduleID, doctorID, date, startTime, endTime, shift) VALUES ('SC0740', 'ST0006', '2025-08-31', '2025-08-31 14:00:00', '2025-08-31 20:00:00', 'Evening');
INSERT INTO Schedule (scheduleID, doctorID, date, startTime, endTime, shift) VALUES ('SC0741', 'ST0009', '2025-08-31', '2025-08-31 08:00:00', '2025-08-31 14:00:00', 'Morning');
INSERT INTO Schedule (scheduleID, doctorID, date, startTime, endTime, shift) VALUES ('SC0742', 'ST0009', '2025-08-31', '2025-08-31 14:00:00', '2025-08-31 20:00:00', 'Evening');
INSERT INTO Schedule (scheduleID, doctorID, date, startTime, endTime, shift) VALUES ('SC0743', 'ST0010', '2025-08-31', '2025-08-31 08:00:00', '2025-08-31 14:00:00', 'Morning');
INSERT INTO Schedule (scheduleID, doctorID, date, startTime, endTime, shift) VALUES ('SC0744', 'ST0010', '2025-08-31', '2025-08-31 14:00:00', '2025-08-31 20:00:00', 'Evening');
INSERT INTO Schedule (scheduleID, doctorID, date, startTime, endTime, shift) VALUES ('SC0745', 'ST0001', '2025-09-01', '2025-09-01 08:00:00', '2025-09-01 14:00:00', 'Morning');
INSERT INTO Schedule (scheduleID, doctorID, date, startTime, endTime, shift) VALUES ('SC0746', 'ST0001', '2025-09-01', '2025-09-01 14:00:00', '2025-09-01 20:00:00', 'Evening');
INSERT INTO Schedule (scheduleID, doctorID, date, startTime, endTime, shift) VALUES ('SC0747', 'ST0003', '2025-09-01', '2025-09-01 08:00:00', '2025-09-01 14:00:00', 'Morning');
INSERT INTO Schedule (scheduleID, doctorID, date, startTime, endTime, shift) VALUES ('SC0748', 'ST0003', '2025-09-01', '2025-09-01 14:00:00', '2025-09-01 20:00:00', 'Evening');
INSERT INTO Schedule (scheduleID, doctorID, date, startTime, endTime, shift) VALUES ('SC0749', 'ST0004', '2025-09-01', '2025-09-01 08:00:00', '2025-09-01 14:00:00', 'Morning');
INSERT INTO Schedule (scheduleID, doctorID, date, startTime, endTime, shift) VALUES ('SC0750', 'ST0004', '2025-09-01', '2025-09-01 14:00:00', '2025-09-01 20:00:00', 'Evening');
INSERT INTO Schedule (scheduleID, doctorID, date, startTime, endTime, shift) VALUES ('SC0751', 'ST0006', '2025-09-01', '2025-09-01 08:00:00', '2025-09-01 14:00:00', 'Morning');
INSERT INTO Schedule (scheduleID, doctorID, date, startTime, endTime, shift) VALUES ('SC0752', 'ST0006', '2025-09-01', '2025-09-01 14:00:00', '2025-09-01 20:00:00', 'Evening');
INSERT INTO Schedule (scheduleID, doctorID, date, startTime, endTime, shift) VALUES ('SC0753', 'ST0009', '2025-09-01', '2025-09-01 08:00:00', '2025-09-01 14:00:00', 'Morning');
INSERT INTO Schedule (scheduleID, doctorID, date, startTime, endTime, shift) VALUES ('SC0754', 'ST0009', '2025-09-01', '2025-09-01 14:00:00', '2025-09-01 20:00:00', 'Evening');
INSERT INTO Schedule (scheduleID, doctorID, date, startTime, endTime, shift) VALUES ('SC0755', 'ST0010', '2025-09-01', '2025-09-01 08:00:00', '2025-09-01 14:00:00', 'Morning');
INSERT INTO Schedule (scheduleID, doctorID, date, startTime, endTime, shift) VALUES ('SC0756', 'ST0010', '2025-09-01', '2025-09-01 14:00:00', '2025-09-01 20:00:00', 'Evening');
INSERT INTO Schedule (scheduleID, doctorID, date, startTime, endTime, shift) VALUES ('SC0757', 'ST0001', '2025-09-02', '2025-09-02 08:00:00', '2025-09-02 14:00:00', 'Morning');
INSERT INTO Schedule (scheduleID, doctorID, date, startTime, endTime, shift) VALUES ('SC0758', 'ST0001', '2025-09-02', '2025-09-02 14:00:00', '2025-09-02 20:00:00', 'Evening');
INSERT INTO Schedule (scheduleID, doctorID, date, startTime, endTime, shift) VALUES ('SC0759', 'ST0003', '2025-09-02', '2025-09-02 08:00:00', '2025-09-02 14:00:00', 'Morning');
INSERT INTO Schedule (scheduleID, doctorID, date, startTime, endTime, shift) VALUES ('SC0760', 'ST0003', '2025-09-02', '2025-09-02 14:00:00', '2025-09-02 20:00:00', 'Evening');
INSERT INTO Schedule (scheduleID, doctorID, date, startTime, endTime, shift) VALUES ('SC0761', 'ST0004', '2025-09-02', '2025-09-02 08:00:00', '2025-09-02 14:00:00', 'Morning');
INSERT INTO Schedule (scheduleID, doctorID, date, startTime, endTime, shift) VALUES ('SC0762', 'ST0004', '2025-09-02', '2025-09-02 14:00:00', '2025-09-02 20:00:00', 'Evening');
INSERT INTO Schedule (scheduleID, doctorID, date, startTime, endTime, shift) VALUES ('SC0763', 'ST0006', '2025-09-02', '2025-09-02 08:00:00', '2025-09-02 14:00:00', 'Morning');
INSERT INTO Schedule (scheduleID, doctorID, date, startTime, endTime, shift) VALUES ('SC0764', 'ST0006', '2025-09-02', '2025-09-02 14:00:00', '2025-09-02 20:00:00', 'Evening');
INSERT INTO Schedule (scheduleID, doctorID, date, startTime, endTime, shift) VALUES ('SC0765', 'ST0009', '2025-09-02', '2025-09-02 08:00:00', '2025-09-02 14:00:00', 'Morning');
INSERT INTO Schedule (scheduleID, doctorID, date, startTime, endTime, shift) VALUES ('SC0766', 'ST0009', '2025-09-02', '2025-09-02 14:00:00', '2025-09-02 20:00:00', 'Evening');
INSERT INTO Schedule (scheduleID, doctorID, date, startTime, endTime, shift) VALUES ('SC0767', 'ST0010', '2025-09-02', '2025-09-02 08:00:00', '2025-09-02 14:00:00', 'Morning');
INSERT INTO Schedule (scheduleID, doctorID, date, startTime, endTime, shift) VALUES ('SC0768', 'ST0010', '2025-09-02', '2025-09-02 14:00:00', '2025-09-02 20:00:00', 'Evening');
INSERT INTO Schedule (scheduleID, doctorID, date, startTime, endTime, shift) VALUES ('SC0769', 'ST0001', '2025-09-03', '2025-09-03 08:00:00', '2025-09-03 14:00:00', 'Morning');
INSERT INTO Schedule (scheduleID, doctorID, date, startTime, endTime, shift) VALUES ('SC0770', 'ST0001', '2025-09-03', '2025-09-03 14:00:00', '2025-09-03 20:00:00', 'Evening');
INSERT INTO Schedule (scheduleID, doctorID, date, startTime, endTime, shift) VALUES ('SC0771', 'ST0003', '2025-09-03', '2025-09-03 08:00:00', '2025-09-03 14:00:00', 'Morning');
INSERT INTO Schedule (scheduleID, doctorID, date, startTime, endTime, shift) VALUES ('SC0772', 'ST0003', '2025-09-03', '2025-09-03 14:00:00', '2025-09-03 20:00:00', 'Evening');
INSERT INTO Schedule (scheduleID, doctorID, date, startTime, endTime, shift) VALUES ('SC0773', 'ST0004', '2025-09-03', '2025-09-03 08:00:00', '2025-09-03 14:00:00', 'Morning');
INSERT INTO Schedule (scheduleID, doctorID, date, startTime, endTime, shift) VALUES ('SC0774', 'ST0004', '2025-09-03', '2025-09-03 14:00:00', '2025-09-03 20:00:00', 'Evening');
INSERT INTO Schedule (scheduleID, doctorID, date, startTime, endTime, shift) VALUES ('SC0775', 'ST0006', '2025-09-03', '2025-09-03 08:00:00', '2025-09-03 14:00:00', 'Morning');
INSERT INTO Schedule (scheduleID, doctorID, date, startTime, endTime, shift) VALUES ('SC0776', 'ST0006', '2025-09-03', '2025-09-03 14:00:00', '2025-09-03 20:00:00', 'Evening');
INSERT INTO Schedule (scheduleID, doctorID, date, startTime, endTime, shift) VALUES ('SC0777', 'ST0009', '2025-09-03', '2025-09-03 08:00:00', '2025-09-03 14:00:00', 'Morning');
INSERT INTO Schedule (scheduleID, doctorID, date, startTime, endTime, shift) VALUES ('SC0778', 'ST0009', '2025-09-03', '2025-09-03 14:00:00', '2025-09-03 20:00:00', 'Evening');
INSERT INTO Schedule (scheduleID, doctorID, date, startTime, endTime, shift) VALUES ('SC0779', 'ST0010', '2025-09-03', '2025-09-03 08:00:00', '2025-09-03 14:00:00', 'Morning');
INSERT INTO Schedule (scheduleID, doctorID, date, startTime, endTime, shift) VALUES ('SC0780', 'ST0010', '2025-09-03', '2025-09-03 14:00:00', '2025-09-03 20:00:00', 'Evening');
INSERT INTO Schedule (scheduleID, doctorID, date, startTime, endTime, shift) VALUES ('SC0781', 'ST0001', '2025-09-04', '2025-09-04 08:00:00', '2025-09-04 14:00:00', 'Morning');
INSERT INTO Schedule (scheduleID, doctorID, date, startTime, endTime, shift) VALUES ('SC0782', 'ST0001', '2025-09-04', '2025-09-04 14:00:00', '2025-09-04 20:00:00', 'Evening');
INSERT INTO Schedule (scheduleID, doctorID, date, startTime, endTime, shift) VALUES ('SC0783', 'ST0003', '2025-09-04', '2025-09-04 08:00:00', '2025-09-04 14:00:00', 'Morning');
INSERT INTO Schedule (scheduleID, doctorID, date, startTime, endTime, shift) VALUES ('SC0784', 'ST0003', '2025-09-04', '2025-09-04 14:00:00', '2025-09-04 20:00:00', 'Evening');
INSERT INTO Schedule (scheduleID, doctorID, date, startTime, endTime, shift) VALUES ('SC0785', 'ST0004', '2025-09-04', '2025-09-04 08:00:00', '2025-09-04 14:00:00', 'Morning');
INSERT INTO Schedule (scheduleID, doctorID, date, startTime, endTime, shift) VALUES ('SC0786', 'ST0004', '2025-09-04', '2025-09-04 14:00:00', '2025-09-04 20:00:00', 'Evening');
INSERT INTO Schedule (scheduleID, doctorID, date, startTime, endTime, shift) VALUES ('SC0787', 'ST0006', '2025-09-04', '2025-09-04 08:00:00', '2025-09-04 14:00:00', 'Morning');
INSERT INTO Schedule (scheduleID, doctorID, date, startTime, endTime, shift) VALUES ('SC0788', 'ST0006', '2025-09-04', '2025-09-04 14:00:00', '2025-09-04 20:00:00', 'Evening');
INSERT INTO Schedule (scheduleID, doctorID, date, startTime, endTime, shift) VALUES ('SC0789', 'ST0009', '2025-09-04', '2025-09-04 08:00:00', '2025-09-04 14:00:00', 'Morning');
INSERT INTO Schedule (scheduleID, doctorID, date, startTime, endTime, shift) VALUES ('SC0790', 'ST0009', '2025-09-04', '2025-09-04 14:00:00', '2025-09-04 20:00:00', 'Evening');
INSERT INTO Schedule (scheduleID, doctorID, date, startTime, endTime, shift) VALUES ('SC0791', 'ST0010', '2025-09-04', '2025-09-04 08:00:00', '2025-09-04 14:00:00', 'Morning');
INSERT INTO Schedule (scheduleID, doctorID, date, startTime, endTime, shift) VALUES ('SC0792', 'ST0010', '2025-09-04', '2025-09-04 14:00:00', '2025-09-04 20:00:00', 'Evening');
INSERT INTO Schedule (scheduleID, doctorID, date, startTime, endTime, shift) VALUES ('SC0793', 'ST0001', '2025-09-05', '2025-09-05 08:00:00', '2025-09-05 14:00:00', 'Morning');
INSERT INTO Schedule (scheduleID, doctorID, date, startTime, endTime, shift) VALUES ('SC0794', 'ST0001', '2025-09-05', '2025-09-05 14:00:00', '2025-09-05 20:00:00', 'Evening');
INSERT INTO Schedule (scheduleID, doctorID, date, startTime, endTime, shift) VALUES ('SC0795', 'ST0003', '2025-09-05', '2025-09-05 08:00:00', '2025-09-05 14:00:00', 'Morning');
INSERT INTO Schedule (scheduleID, doctorID, date, startTime, endTime, shift) VALUES ('SC0796', 'ST0003', '2025-09-05', '2025-09-05 14:00:00', '2025-09-05 20:00:00', 'Evening');
INSERT INTO Schedule (scheduleID, doctorID, date, startTime, endTime, shift) VALUES ('SC0797', 'ST0004', '2025-09-05', '2025-09-05 08:00:00', '2025-09-05 14:00:00', 'Morning');
INSERT INTO Schedule (scheduleID, doctorID, date, startTime, endTime, shift) VALUES ('SC0798', 'ST0004', '2025-09-05', '2025-09-05 14:00:00', '2025-09-05 20:00:00', 'Evening');
INSERT INTO Schedule (scheduleID, doctorID, date, startTime, endTime, shift) VALUES ('SC0799', 'ST0006', '2025-09-05', '2025-09-05 08:00:00', '2025-09-05 14:00:00', 'Morning');
INSERT INTO Schedule (scheduleID, doctorID, date, startTime, endTime, shift) VALUES ('SC0800', 'ST0006', '2025-09-05', '2025-09-05 14:00:00', '2025-09-05 20:00:00', 'Evening');
INSERT INTO Schedule (scheduleID, doctorID, date, startTime, endTime, shift) VALUES ('SC0801', 'ST0009', '2025-09-05', '2025-09-05 08:00:00', '2025-09-05 14:00:00', 'Morning');
INSERT INTO Schedule (scheduleID, doctorID, date, startTime, endTime, shift) VALUES ('SC0802', 'ST0009', '2025-09-05', '2025-09-05 14:00:00', '2025-09-05 20:00:00', 'Evening');
INSERT INTO Schedule (scheduleID, doctorID, date, startTime, endTime, shift) VALUES ('SC0803', 'ST0010', '2025-09-05', '2025-09-05 08:00:00', '2025-09-05 14:00:00', 'Morning');
INSERT INTO Schedule (scheduleID, doctorID, date, startTime, endTime, shift) VALUES ('SC0804', 'ST0010', '2025-09-05', '2025-09-05 14:00:00', '2025-09-05 20:00:00', 'Evening');
INSERT INTO Schedule (scheduleID, doctorID, date, startTime, endTime, shift) VALUES ('SC0805', 'ST0001', '2025-09-06', '2025-09-06 08:00:00', '2025-09-06 14:00:00', 'Morning');
INSERT INTO Schedule (scheduleID, doctorID, date, startTime, endTime, shift) VALUES ('SC0806', 'ST0001', '2025-09-06', '2025-09-06 14:00:00', '2025-09-06 20:00:00', 'Evening');
INSERT INTO Schedule (scheduleID, doctorID, date, startTime, endTime, shift) VALUES ('SC0807', 'ST0003', '2025-09-06', '2025-09-06 08:00:00', '2025-09-06 14:00:00', 'Morning');
INSERT INTO Schedule (scheduleID, doctorID, date, startTime, endTime, shift) VALUES ('SC0808', 'ST0003', '2025-09-06', '2025-09-06 14:00:00', '2025-09-06 20:00:00', 'Evening');
INSERT INTO Schedule (scheduleID, doctorID, date, startTime, endTime, shift) VALUES ('SC0809', 'ST0004', '2025-09-06', '2025-09-06 08:00:00', '2025-09-06 14:00:00', 'Morning');
INSERT INTO Schedule (scheduleID, doctorID, date, startTime, endTime, shift) VALUES ('SC0810', 'ST0004', '2025-09-06', '2025-09-06 14:00:00', '2025-09-06 20:00:00', 'Evening');
INSERT INTO Schedule (scheduleID, doctorID, date, startTime, endTime, shift) VALUES ('SC0811', 'ST0006', '2025-09-06', '2025-09-06 08:00:00', '2025-09-06 14:00:00', 'Morning');
INSERT INTO Schedule (scheduleID, doctorID, date, startTime, endTime, shift) VALUES ('SC0812', 'ST0006', '2025-09-06', '2025-09-06 14:00:00', '2025-09-06 20:00:00', 'Evening');
INSERT INTO Schedule (scheduleID, doctorID, date, startTime, endTime, shift) VALUES ('SC0813', 'ST0009', '2025-09-06', '2025-09-06 08:00:00', '2025-09-06 14:00:00', 'Morning');
INSERT INTO Schedule (scheduleID, doctorID, date, startTime, endTime, shift) VALUES ('SC0814', 'ST0009', '2025-09-06', '2025-09-06 14:00:00', '2025-09-06 20:00:00', 'Evening');
INSERT INTO Schedule (scheduleID, doctorID, date, startTime, endTime, shift) VALUES ('SC0815', 'ST0010', '2025-09-06', '2025-09-06 08:00:00', '2025-09-06 14:00:00', 'Morning');
INSERT INTO Schedule (scheduleID, doctorID, date, startTime, endTime, shift) VALUES ('SC0816', 'ST0010', '2025-09-06', '2025-09-06 14:00:00', '2025-09-06 20:00:00', 'Evening');
INSERT INTO Schedule (scheduleID, doctorID, date, startTime, endTime, shift) VALUES ('SC0817', 'ST0001', '2025-09-07', '2025-09-07 08:00:00', '2025-09-07 14:00:00', 'Morning');
INSERT INTO Schedule (scheduleID, doctorID, date, startTime, endTime, shift) VALUES ('SC0818', 'ST0001', '2025-09-07', '2025-09-07 14:00:00', '2025-09-07 20:00:00', 'Evening');
INSERT INTO Schedule (scheduleID, doctorID, date, startTime, endTime, shift) VALUES ('SC0819', 'ST0003', '2025-09-07', '2025-09-07 08:00:00', '2025-09-07 14:00:00', 'Morning');
INSERT INTO Schedule (scheduleID, doctorID, date, startTime, endTime, shift) VALUES ('SC0820', 'ST0003', '2025-09-07', '2025-09-07 14:00:00', '2025-09-07 20:00:00', 'Evening');
INSERT INTO Schedule (scheduleID, doctorID, date, startTime, endTime, shift) VALUES ('SC0821', 'ST0004', '2025-09-07', '2025-09-07 08:00:00', '2025-09-07 14:00:00', 'Morning');
INSERT INTO Schedule (scheduleID, doctorID, date, startTime, endTime, shift) VALUES ('SC0822', 'ST0004', '2025-09-07', '2025-09-07 14:00:00', '2025-09-07 20:00:00', 'Evening');
INSERT INTO Schedule (scheduleID, doctorID, date, startTime, endTime, shift) VALUES ('SC0823', 'ST0006', '2025-09-07', '2025-09-07 08:00:00', '2025-09-07 14:00:00', 'Morning');
INSERT INTO Schedule (scheduleID, doctorID, date, startTime, endTime, shift) VALUES ('SC0824', 'ST0006', '2025-09-07', '2025-09-07 14:00:00', '2025-09-07 20:00:00', 'Evening');
INSERT INTO Schedule (scheduleID, doctorID, date, startTime, endTime, shift) VALUES ('SC0825', 'ST0009', '2025-09-07', '2025-09-07 08:00:00', '2025-09-07 14:00:00', 'Morning');
INSERT INTO Schedule (scheduleID, doctorID, date, startTime, endTime, shift) VALUES ('SC0826', 'ST0009', '2025-09-07', '2025-09-07 14:00:00', '2025-09-07 20:00:00', 'Evening');
INSERT INTO Schedule (scheduleID, doctorID, date, startTime, endTime, shift) VALUES ('SC0827', 'ST0010', '2025-09-07', '2025-09-07 08:00:00', '2025-09-07 14:00:00', 'Morning');
INSERT INTO Schedule (scheduleID, doctorID, date, startTime, endTime, shift) VALUES ('SC0828', 'ST0010', '2025-09-07', '2025-09-07 14:00:00', '2025-09-07 20:00:00', 'Evening');
INSERT INTO Schedule (scheduleID, doctorID, date, startTime, endTime, shift) VALUES ('SC0829', 'ST0001', '2025-09-08', '2025-09-08 08:00:00', '2025-09-08 14:00:00', 'Morning');
INSERT INTO Schedule (scheduleID, doctorID, date, startTime, endTime, shift) VALUES ('SC0830', 'ST0001', '2025-09-08', '2025-09-08 14:00:00', '2025-09-08 20:00:00', 'Evening');
INSERT INTO Schedule (scheduleID, doctorID, date, startTime, endTime, shift) VALUES ('SC0831', 'ST0003', '2025-09-08', '2025-09-08 08:00:00', '2025-09-08 14:00:00', 'Morning');
INSERT INTO Schedule (scheduleID, doctorID, date, startTime, endTime, shift) VALUES ('SC0832', 'ST0003', '2025-09-08', '2025-09-08 14:00:00', '2025-09-08 20:00:00', 'Evening');
INSERT INTO Schedule (scheduleID, doctorID, date, startTime, endTime, shift) VALUES ('SC0833', 'ST0004', '2025-09-08', '2025-09-08 08:00:00', '2025-09-08 14:00:00', 'Morning');
INSERT INTO Schedule (scheduleID, doctorID, date, startTime, endTime, shift) VALUES ('SC0834', 'ST0004', '2025-09-08', '2025-09-08 14:00:00', '2025-09-08 20:00:00', 'Evening');
INSERT INTO Schedule (scheduleID, doctorID, date, startTime, endTime, shift) VALUES ('SC0835', 'ST0006', '2025-09-08', '2025-09-08 08:00:00', '2025-09-08 14:00:00', 'Morning');
INSERT INTO Schedule (scheduleID, doctorID, date, startTime, endTime, shift) VALUES ('SC0836', 'ST0006', '2025-09-08', '2025-09-08 14:00:00', '2025-09-08 20:00:00', 'Evening');
INSERT INTO Schedule (scheduleID, doctorID, date, startTime, endTime, shift) VALUES ('SC0837', 'ST0009', '2025-09-08', '2025-09-08 08:00:00', '2025-09-08 14:00:00', 'Morning');
INSERT INTO Schedule (scheduleID, doctorID, date, startTime, endTime, shift) VALUES ('SC0838', 'ST0009', '2025-09-08', '2025-09-08 14:00:00', '2025-09-08 20:00:00', 'Evening');
INSERT INTO Schedule (scheduleID, doctorID, date, startTime, endTime, shift) VALUES ('SC0839', 'ST0010', '2025-09-08', '2025-09-08 08:00:00', '2025-09-08 14:00:00', 'Morning');
INSERT INTO Schedule (scheduleID, doctorID, date, startTime, endTime, shift) VALUES ('SC0840', 'ST0010', '2025-09-08', '2025-09-08 14:00:00', '2025-09-08 20:00:00', 'Evening');
INSERT INTO Schedule (scheduleID, doctorID, date, startTime, endTime, shift) VALUES ('SC0841', 'ST0001', '2025-09-09', '2025-09-09 08:00:00', '2025-09-09 14:00:00', 'Morning');
INSERT INTO Schedule (scheduleID, doctorID, date, startTime, endTime, shift) VALUES ('SC0842', 'ST0001', '2025-09-09', '2025-09-09 14:00:00', '2025-09-09 20:00:00', 'Evening');
INSERT INTO Schedule (scheduleID, doctorID, date, startTime, endTime, shift) VALUES ('SC0843', 'ST0003', '2025-09-09', '2025-09-09 08:00:00', '2025-09-09 14:00:00', 'Morning');
INSERT INTO Schedule (scheduleID, doctorID, date, startTime, endTime, shift) VALUES ('SC0844', 'ST0003', '2025-09-09', '2025-09-09 14:00:00', '2025-09-09 20:00:00', 'Evening');
INSERT INTO Schedule (scheduleID, doctorID, date, startTime, endTime, shift) VALUES ('SC0845', 'ST0004', '2025-09-09', '2025-09-09 08:00:00', '2025-09-09 14:00:00', 'Morning');
INSERT INTO Schedule (scheduleID, doctorID, date, startTime, endTime, shift) VALUES ('SC0846', 'ST0004', '2025-09-09', '2025-09-09 14:00:00', '2025-09-09 20:00:00', 'Evening');
INSERT INTO Schedule (scheduleID, doctorID, date, startTime, endTime, shift) VALUES ('SC0847', 'ST0006', '2025-09-09', '2025-09-09 08:00:00', '2025-09-09 14:00:00', 'Morning');
INSERT INTO Schedule (scheduleID, doctorID, date, startTime, endTime, shift) VALUES ('SC0848', 'ST0006', '2025-09-09', '2025-09-09 14:00:00', '2025-09-09 20:00:00', 'Evening');
INSERT INTO Schedule (scheduleID, doctorID, date, startTime, endTime, shift) VALUES ('SC0849', 'ST0009', '2025-09-09', '2025-09-09 08:00:00', '2025-09-09 14:00:00', 'Morning');
INSERT INTO Schedule (scheduleID, doctorID, date, startTime, endTime, shift) VALUES ('SC0850', 'ST0009', '2025-09-09', '2025-09-09 14:00:00', '2025-09-09 20:00:00', 'Evening');
INSERT INTO Schedule (scheduleID, doctorID, date, startTime, endTime, shift) VALUES ('SC0851', 'ST0010', '2025-09-09', '2025-09-09 08:00:00', '2025-09-09 14:00:00', 'Morning');
INSERT INTO Schedule (scheduleID, doctorID, date, startTime, endTime, shift) VALUES ('SC0852', 'ST0010', '2025-09-09', '2025-09-09 14:00:00', '2025-09-09 20:00:00', 'Evening');
INSERT INTO Schedule (scheduleID, doctorID, date, startTime, endTime, shift) VALUES ('SC0853', 'ST0001', '2025-09-10', '2025-09-10 08:00:00', '2025-09-10 14:00:00', 'Morning');
INSERT INTO Schedule (scheduleID, doctorID, date, startTime, endTime, shift) VALUES ('SC0854', 'ST0001', '2025-09-10', '2025-09-10 14:00:00', '2025-09-10 20:00:00', 'Evening');
INSERT INTO Schedule (scheduleID, doctorID, date, startTime, endTime, shift) VALUES ('SC0855', 'ST0003', '2025-09-10', '2025-09-10 08:00:00', '2025-09-10 14:00:00', 'Morning');
INSERT INTO Schedule (scheduleID, doctorID, date, startTime, endTime, shift) VALUES ('SC0856', 'ST0003', '2025-09-10', '2025-09-10 14:00:00', '2025-09-10 20:00:00', 'Evening');
INSERT INTO Schedule (scheduleID, doctorID, date, startTime, endTime, shift) VALUES ('SC0857', 'ST0004', '2025-09-10', '2025-09-10 08:00:00', '2025-09-10 14:00:00', 'Morning');
INSERT INTO Schedule (scheduleID, doctorID, date, startTime, endTime, shift) VALUES ('SC0858', 'ST0004', '2025-09-10', '2025-09-10 14:00:00', '2025-09-10 20:00:00', 'Evening');
INSERT INTO Schedule (scheduleID, doctorID, date, startTime, endTime, shift) VALUES ('SC0859', 'ST0006', '2025-09-10', '2025-09-10 08:00:00', '2025-09-10 14:00:00', 'Morning');
INSERT INTO Schedule (scheduleID, doctorID, date, startTime, endTime, shift) VALUES ('SC0860', 'ST0006', '2025-09-10', '2025-09-10 14:00:00', '2025-09-10 20:00:00', 'Evening');
INSERT INTO Schedule (scheduleID, doctorID, date, startTime, endTime, shift) VALUES ('SC0861', 'ST0009', '2025-09-10', '2025-09-10 08:00:00', '2025-09-10 14:00:00', 'Morning');
INSERT INTO Schedule (scheduleID, doctorID, date, startTime, endTime, shift) VALUES ('SC0862', 'ST0009', '2025-09-10', '2025-09-10 14:00:00', '2025-09-10 20:00:00', 'Evening');
INSERT INTO Schedule (scheduleID, doctorID, date, startTime, endTime, shift) VALUES ('SC0863', 'ST0010', '2025-09-10', '2025-09-10 08:00:00', '2025-09-10 14:00:00', 'Morning');
INSERT INTO Schedule (scheduleID, doctorID, date, startTime, endTime, shift) VALUES ('SC0864', 'ST0010', '2025-09-10', '2025-09-10 14:00:00', '2025-09-10 20:00:00', 'Evening');
INSERT INTO Schedule (scheduleID, doctorID, date, startTime, endTime, shift) VALUES ('SC0865', 'ST0001', '2025-09-11', '2025-09-11 08:00:00', '2025-09-11 14:00:00', 'Morning');
INSERT INTO Schedule (scheduleID, doctorID, date, startTime, endTime, shift) VALUES ('SC0866', 'ST0001', '2025-09-11', '2025-09-11 14:00:00', '2025-09-11 20:00:00', 'Evening');
INSERT INTO Schedule (scheduleID, doctorID, date, startTime, endTime, shift) VALUES ('SC0867', 'ST0003', '2025-09-11', '2025-09-11 08:00:00', '2025-09-11 14:00:00', 'Morning');
INSERT INTO Schedule (scheduleID, doctorID, date, startTime, endTime, shift) VALUES ('SC0868', 'ST0003', '2025-09-11', '2025-09-11 14:00:00', '2025-09-11 20:00:00', 'Evening');
INSERT INTO Schedule (scheduleID, doctorID, date, startTime, endTime, shift) VALUES ('SC0869', 'ST0004', '2025-09-11', '2025-09-11 08:00:00', '2025-09-11 14:00:00', 'Morning');
INSERT INTO Schedule (scheduleID, doctorID, date, startTime, endTime, shift) VALUES ('SC0870', 'ST0004', '2025-09-11', '2025-09-11 14:00:00', '2025-09-11 20:00:00', 'Evening');
INSERT INTO Schedule (scheduleID, doctorID, date, startTime, endTime, shift) VALUES ('SC0871', 'ST0006', '2025-09-11', '2025-09-11 08:00:00', '2025-09-11 14:00:00', 'Morning');
INSERT INTO Schedule (scheduleID, doctorID, date, startTime, endTime, shift) VALUES ('SC0872', 'ST0006', '2025-09-11', '2025-09-11 14:00:00', '2025-09-11 20:00:00', 'Evening');
INSERT INTO Schedule (scheduleID, doctorID, date, startTime, endTime, shift) VALUES ('SC0873', 'ST0009', '2025-09-11', '2025-09-11 08:00:00', '2025-09-11 14:00:00', 'Morning');
INSERT INTO Schedule (scheduleID, doctorID, date, startTime, endTime, shift) VALUES ('SC0874', 'ST0009', '2025-09-11', '2025-09-11 14:00:00', '2025-09-11 20:00:00', 'Evening');
INSERT INTO Schedule (scheduleID, doctorID, date, startTime, endTime, shift) VALUES ('SC0875', 'ST0010', '2025-09-11', '2025-09-11 08:00:00', '2025-09-11 14:00:00', 'Morning');
INSERT INTO Schedule (scheduleID, doctorID, date, startTime, endTime, shift) VALUES ('SC0876', 'ST0010', '2025-09-11', '2025-09-11 14:00:00', '2025-09-11 20:00:00', 'Evening');
INSERT INTO Schedule (scheduleID, doctorID, date, startTime, endTime, shift) VALUES ('SC0877', 'ST0001', '2025-09-12', '2025-09-12 08:00:00', '2025-09-12 14:00:00', 'Morning');
INSERT INTO Schedule (scheduleID, doctorID, date, startTime, endTime, shift) VALUES ('SC0878', 'ST0001', '2025-09-12', '2025-09-12 14:00:00', '2025-09-12 20:00:00', 'Evening');
INSERT INTO Schedule (scheduleID, doctorID, date, startTime, endTime, shift) VALUES ('SC0879', 'ST0003', '2025-09-12', '2025-09-12 08:00:00', '2025-09-12 14:00:00', 'Morning');
INSERT INTO Schedule (scheduleID, doctorID, date, startTime, endTime, shift) VALUES ('SC0880', 'ST0003', '2025-09-12', '2025-09-12 14:00:00', '2025-09-12 20:00:00', 'Evening');
INSERT INTO Schedule (scheduleID, doctorID, date, startTime, endTime, shift) VALUES ('SC0881', 'ST0004', '2025-09-12', '2025-09-12 08:00:00', '2025-09-12 14:00:00', 'Morning');
INSERT INTO Schedule (scheduleID, doctorID, date, startTime, endTime, shift) VALUES ('SC0882', 'ST0004', '2025-09-12', '2025-09-12 14:00:00', '2025-09-12 20:00:00', 'Evening');
INSERT INTO Schedule (scheduleID, doctorID, date, startTime, endTime, shift) VALUES ('SC0883', 'ST0006', '2025-09-12', '2025-09-12 08:00:00', '2025-09-12 14:00:00', 'Morning');
INSERT INTO Schedule (scheduleID, doctorID, date, startTime, endTime, shift) VALUES ('SC0884', 'ST0006', '2025-09-12', '2025-09-12 14:00:00', '2025-09-12 20:00:00', 'Evening');
INSERT INTO Schedule (scheduleID, doctorID, date, startTime, endTime, shift) VALUES ('SC0885', 'ST0009', '2025-09-12', '2025-09-12 08:00:00', '2025-09-12 14:00:00', 'Morning');
INSERT INTO Schedule (scheduleID, doctorID, date, startTime, endTime, shift) VALUES ('SC0886', 'ST0009', '2025-09-12', '2025-09-12 14:00:00', '2025-09-12 20:00:00', 'Evening');
INSERT INTO Schedule (scheduleID, doctorID, date, startTime, endTime, shift) VALUES ('SC0887', 'ST0010', '2025-09-12', '2025-09-12 08:00:00', '2025-09-12 14:00:00', 'Morning');
INSERT INTO Schedule (scheduleID, doctorID, date, startTime, endTime, shift) VALUES ('SC0888', 'ST0010', '2025-09-12', '2025-09-12 14:00:00', '2025-09-12 20:00:00', 'Evening');
INSERT INTO Schedule (scheduleID, doctorID, date, startTime, endTime, shift) VALUES ('SC0889', 'ST0001', '2025-09-13', '2025-09-13 08:00:00', '2025-09-13 14:00:00', 'Morning');
INSERT INTO Schedule (scheduleID, doctorID, date, startTime, endTime, shift) VALUES ('SC0890', 'ST0001', '2025-09-13', '2025-09-13 14:00:00', '2025-09-13 20:00:00', 'Evening');
INSERT INTO Schedule (scheduleID, doctorID, date, startTime, endTime, shift) VALUES ('SC0891', 'ST0003', '2025-09-13', '2025-09-13 08:00:00', '2025-09-13 14:00:00', 'Morning');
INSERT INTO Schedule (scheduleID, doctorID, date, startTime, endTime, shift) VALUES ('SC0892', 'ST0003', '2025-09-13', '2025-09-13 14:00:00', '2025-09-13 20:00:00', 'Evening');
INSERT INTO Schedule (scheduleID, doctorID, date, startTime, endTime, shift) VALUES ('SC0893', 'ST0004', '2025-09-13', '2025-09-13 08:00:00', '2025-09-13 14:00:00', 'Morning');
INSERT INTO Schedule (scheduleID, doctorID, date, startTime, endTime, shift) VALUES ('SC0894', 'ST0004', '2025-09-13', '2025-09-13 14:00:00', '2025-09-13 20:00:00', 'Evening');
INSERT INTO Schedule (scheduleID, doctorID, date, startTime, endTime, shift) VALUES ('SC0895', 'ST0006', '2025-09-13', '2025-09-13 08:00:00', '2025-09-13 14:00:00', 'Morning');
INSERT INTO Schedule (scheduleID, doctorID, date, startTime, endTime, shift) VALUES ('SC0896', 'ST0006', '2025-09-13', '2025-09-13 14:00:00', '2025-09-13 20:00:00', 'Evening');
INSERT INTO Schedule (scheduleID, doctorID, date, startTime, endTime, shift) VALUES ('SC0897', 'ST0009', '2025-09-13', '2025-09-13 08:00:00', '2025-09-13 14:00:00', 'Morning');
INSERT INTO Schedule (scheduleID, doctorID, date, startTime, endTime, shift) VALUES ('SC0898', 'ST0009', '2025-09-13', '2025-09-13 14:00:00', '2025-09-13 20:00:00', 'Evening');
INSERT INTO Schedule (scheduleID, doctorID, date, startTime, endTime, shift) VALUES ('SC0899', 'ST0010', '2025-09-13', '2025-09-13 08:00:00', '2025-09-13 14:00:00', 'Morning');
INSERT INTO Schedule (scheduleID, doctorID, date, startTime, endTime, shift) VALUES ('SC0900', 'ST0010', '2025-09-13', '2025-09-13 14:00:00', '2025-09-13 20:00:00', 'Evening');
INSERT INTO Schedule (scheduleID, doctorID, date, startTime, endTime, shift) VALUES ('SC0901', 'ST0001', '2025-09-14', '2025-09-14 08:00:00', '2025-09-14 14:00:00', 'Morning');
INSERT INTO Schedule (scheduleID, doctorID, date, startTime, endTime, shift) VALUES ('SC0902', 'ST0001', '2025-09-14', '2025-09-14 14:00:00', '2025-09-14 20:00:00', 'Evening');
INSERT INTO Schedule (scheduleID, doctorID, date, startTime, endTime, shift) VALUES ('SC0903', 'ST0003', '2025-09-14', '2025-09-14 08:00:00', '2025-09-14 14:00:00', 'Morning');
INSERT INTO Schedule (scheduleID, doctorID, date, startTime, endTime, shift) VALUES ('SC0904', 'ST0003', '2025-09-14', '2025-09-14 14:00:00', '2025-09-14 20:00:00', 'Evening');
INSERT INTO Schedule (scheduleID, doctorID, date, startTime, endTime, shift) VALUES ('SC0905', 'ST0004', '2025-09-14', '2025-09-14 08:00:00', '2025-09-14 14:00:00', 'Morning');
INSERT INTO Schedule (scheduleID, doctorID, date, startTime, endTime, shift) VALUES ('SC0906', 'ST0004', '2025-09-14', '2025-09-14 14:00:00', '2025-09-14 20:00:00', 'Evening');
INSERT INTO Schedule (scheduleID, doctorID, date, startTime, endTime, shift) VALUES ('SC0907', 'ST0006', '2025-09-14', '2025-09-14 08:00:00', '2025-09-14 14:00:00', 'Morning');
INSERT INTO Schedule (scheduleID, doctorID, date, startTime, endTime, shift) VALUES ('SC0908', 'ST0006', '2025-09-14', '2025-09-14 14:00:00', '2025-09-14 20:00:00', 'Evening');
INSERT INTO Schedule (scheduleID, doctorID, date, startTime, endTime, shift) VALUES ('SC0909', 'ST0009', '2025-09-14', '2025-09-14 08:00:00', '2025-09-14 14:00:00', 'Morning');
INSERT INTO Schedule (scheduleID, doctorID, date, startTime, endTime, shift) VALUES ('SC0910', 'ST0009', '2025-09-14', '2025-09-14 14:00:00', '2025-09-14 20:00:00', 'Evening');
INSERT INTO Schedule (scheduleID, doctorID, date, startTime, endTime, shift) VALUES ('SC0911', 'ST0010', '2025-09-14', '2025-09-14 08:00:00', '2025-09-14 14:00:00', 'Morning');
INSERT INTO Schedule (scheduleID, doctorID, date, startTime, endTime, shift) VALUES ('SC0912', 'ST0010', '2025-09-14', '2025-09-14 14:00:00', '2025-09-14 20:00:00', 'Evening');
INSERT INTO Schedule (scheduleID, doctorID, date, startTime, endTime, shift) VALUES ('SC0913', 'ST0001', '2025-09-15', '2025-09-15 08:00:00', '2025-09-15 14:00:00', 'Morning');
INSERT INTO Schedule (scheduleID, doctorID, date, startTime, endTime, shift) VALUES ('SC0914', 'ST0001', '2025-09-15', '2025-09-15 14:00:00', '2025-09-15 20:00:00', 'Evening');
INSERT INTO Schedule (scheduleID, doctorID, date, startTime, endTime, shift) VALUES ('SC0915', 'ST0003', '2025-09-15', '2025-09-15 08:00:00', '2025-09-15 14:00:00', 'Morning');
INSERT INTO Schedule (scheduleID, doctorID, date, startTime, endTime, shift) VALUES ('SC0916', 'ST0003', '2025-09-15', '2025-09-15 14:00:00', '2025-09-15 20:00:00', 'Evening');
INSERT INTO Schedule (scheduleID, doctorID, date, startTime, endTime, shift) VALUES ('SC0917', 'ST0004', '2025-09-15', '2025-09-15 08:00:00', '2025-09-15 14:00:00', 'Morning');
INSERT INTO Schedule (scheduleID, doctorID, date, startTime, endTime, shift) VALUES ('SC0918', 'ST0004', '2025-09-15', '2025-09-15 14:00:00', '2025-09-15 20:00:00', 'Evening');
INSERT INTO Schedule (scheduleID, doctorID, date, startTime, endTime, shift) VALUES ('SC0919', 'ST0006', '2025-09-15', '2025-09-15 08:00:00', '2025-09-15 14:00:00', 'Morning');
INSERT INTO Schedule (scheduleID, doctorID, date, startTime, endTime, shift) VALUES ('SC0920', 'ST0006', '2025-09-15', '2025-09-15 14:00:00', '2025-09-15 20:00:00', 'Evening');
INSERT INTO Schedule (scheduleID, doctorID, date, startTime, endTime, shift) VALUES ('SC0921', 'ST0009', '2025-09-15', '2025-09-15 08:00:00', '2025-09-15 14:00:00', 'Morning');
INSERT INTO Schedule (scheduleID, doctorID, date, startTime, endTime, shift) VALUES ('SC0922', 'ST0009', '2025-09-15', '2025-09-15 14:00:00', '2025-09-15 20:00:00', 'Evening');
INSERT INTO Schedule (scheduleID, doctorID, date, startTime, endTime, shift) VALUES ('SC0923', 'ST0010', '2025-09-15', '2025-09-15 08:00:00', '2025-09-15 14:00:00', 'Morning');
INSERT INTO Schedule (scheduleID, doctorID, date, startTime, endTime, shift) VALUES ('SC0924', 'ST0010', '2025-09-15', '2025-09-15 14:00:00', '2025-09-15 20:00:00', 'Evening');
INSERT INTO Schedule (scheduleID, doctorID, date, startTime, endTime, shift) VALUES ('SC0925', 'ST0001', '2025-09-16', '2025-09-16 08:00:00', '2025-09-16 14:00:00', 'Morning');
INSERT INTO Schedule (scheduleID, doctorID, date, startTime, endTime, shift) VALUES ('SC0926', 'ST0001', '2025-09-16', '2025-09-16 14:00:00', '2025-09-16 20:00:00', 'Evening');
INSERT INTO Schedule (scheduleID, doctorID, date, startTime, endTime, shift) VALUES ('SC0927', 'ST0003', '2025-09-16', '2025-09-16 08:00:00', '2025-09-16 14:00:00', 'Morning');
INSERT INTO Schedule (scheduleID, doctorID, date, startTime, endTime, shift) VALUES ('SC0928', 'ST0003', '2025-09-16', '2025-09-16 14:00:00', '2025-09-16 20:00:00', 'Evening');
INSERT INTO Schedule (scheduleID, doctorID, date, startTime, endTime, shift) VALUES ('SC0929', 'ST0004', '2025-09-16', '2025-09-16 08:00:00', '2025-09-16 14:00:00', 'Morning');
INSERT INTO Schedule (scheduleID, doctorID, date, startTime, endTime, shift) VALUES ('SC0930', 'ST0004', '2025-09-16', '2025-09-16 14:00:00', '2025-09-16 20:00:00', 'Evening');
INSERT INTO Schedule (scheduleID, doctorID, date, startTime, endTime, shift) VALUES ('SC0931', 'ST0006', '2025-09-16', '2025-09-16 08:00:00', '2025-09-16 14:00:00', 'Morning');
INSERT INTO Schedule (scheduleID, doctorID, date, startTime, endTime, shift) VALUES ('SC0932', 'ST0006', '2025-09-16', '2025-09-16 14:00:00', '2025-09-16 20:00:00', 'Evening');
INSERT INTO Schedule (scheduleID, doctorID, date, startTime, endTime, shift) VALUES ('SC0933', 'ST0009', '2025-09-16', '2025-09-16 08:00:00', '2025-09-16 14:00:00', 'Morning');
INSERT INTO Schedule (scheduleID, doctorID, date, startTime, endTime, shift) VALUES ('SC0934', 'ST0009', '2025-09-16', '2025-09-16 14:00:00', '2025-09-16 20:00:00', 'Evening');
INSERT INTO Schedule (scheduleID, doctorID, date, startTime, endTime, shift) VALUES ('SC0935', 'ST0010', '2025-09-16', '2025-09-16 08:00:00', '2025-09-16 14:00:00', 'Morning');
INSERT INTO Schedule (scheduleID, doctorID, date, startTime, endTime, shift) VALUES ('SC0936', 'ST0010', '2025-09-16', '2025-09-16 14:00:00', '2025-09-16 20:00:00', 'Evening');
INSERT INTO Schedule (scheduleID, doctorID, date, startTime, endTime, shift) VALUES ('SC0937', 'ST0001', '2025-09-17', '2025-09-17 08:00:00', '2025-09-17 14:00:00', 'Morning');
INSERT INTO Schedule (scheduleID, doctorID, date, startTime, endTime, shift) VALUES ('SC0938', 'ST0001', '2025-09-17', '2025-09-17 14:00:00', '2025-09-17 20:00:00', 'Evening');
INSERT INTO Schedule (scheduleID, doctorID, date, startTime, endTime, shift) VALUES ('SC0939', 'ST0003', '2025-09-17', '2025-09-17 08:00:00', '2025-09-17 14:00:00', 'Morning');
INSERT INTO Schedule (scheduleID, doctorID, date, startTime, endTime, shift) VALUES ('SC0940', 'ST0003', '2025-09-17', '2025-09-17 14:00:00', '2025-09-17 20:00:00', 'Evening');
INSERT INTO Schedule (scheduleID, doctorID, date, startTime, endTime, shift) VALUES ('SC0941', 'ST0004', '2025-09-17', '2025-09-17 08:00:00', '2025-09-17 14:00:00', 'Morning');
INSERT INTO Schedule (scheduleID, doctorID, date, startTime, endTime, shift) VALUES ('SC0942', 'ST0004', '2025-09-17', '2025-09-17 14:00:00', '2025-09-17 20:00:00', 'Evening');
INSERT INTO Schedule (scheduleID, doctorID, date, startTime, endTime, shift) VALUES ('SC0943', 'ST0006', '2025-09-17', '2025-09-17 08:00:00', '2025-09-17 14:00:00', 'Morning');
INSERT INTO Schedule (scheduleID, doctorID, date, startTime, endTime, shift) VALUES ('SC0944', 'ST0006', '2025-09-17', '2025-09-17 14:00:00', '2025-09-17 20:00:00', 'Evening');
INSERT INTO Schedule (scheduleID, doctorID, date, startTime, endTime, shift) VALUES ('SC0945', 'ST0009', '2025-09-17', '2025-09-17 08:00:00', '2025-09-17 14:00:00', 'Morning');
INSERT INTO Schedule (scheduleID, doctorID, date, startTime, endTime, shift) VALUES ('SC0946', 'ST0009', '2025-09-17', '2025-09-17 14:00:00', '2025-09-17 20:00:00', 'Evening');
INSERT INTO Schedule (scheduleID, doctorID, date, startTime, endTime, shift) VALUES ('SC0947', 'ST0010', '2025-09-17', '2025-09-17 08:00:00', '2025-09-17 14:00:00', 'Morning');
INSERT INTO Schedule (scheduleID, doctorID, date, startTime, endTime, shift) VALUES ('SC0948', 'ST0010', '2025-09-17', '2025-09-17 14:00:00', '2025-09-17 20:00:00', 'Evening');
INSERT INTO Schedule (scheduleID, doctorID, date, startTime, endTime, shift) VALUES ('SC0949', 'ST0001', '2025-09-18', '2025-09-18 08:00:00', '2025-09-18 14:00:00', 'Morning');
INSERT INTO Schedule (scheduleID, doctorID, date, startTime, endTime, shift) VALUES ('SC0950', 'ST0001', '2025-09-18', '2025-09-18 14:00:00', '2025-09-18 20:00:00', 'Evening');
INSERT INTO Schedule (scheduleID, doctorID, date, startTime, endTime, shift) VALUES ('SC0951', 'ST0003', '2025-09-18', '2025-09-18 08:00:00', '2025-09-18 14:00:00', 'Morning');
INSERT INTO Schedule (scheduleID, doctorID, date, startTime, endTime, shift) VALUES ('SC0952', 'ST0003', '2025-09-18', '2025-09-18 14:00:00', '2025-09-18 20:00:00', 'Evening');
INSERT INTO Schedule (scheduleID, doctorID, date, startTime, endTime, shift) VALUES ('SC0953', 'ST0004', '2025-09-18', '2025-09-18 08:00:00', '2025-09-18 14:00:00', 'Morning');
INSERT INTO Schedule (scheduleID, doctorID, date, startTime, endTime, shift) VALUES ('SC0954', 'ST0004', '2025-09-18', '2025-09-18 14:00:00', '2025-09-18 20:00:00', 'Evening');
INSERT INTO Schedule (scheduleID, doctorID, date, startTime, endTime, shift) VALUES ('SC0955', 'ST0006', '2025-09-18', '2025-09-18 08:00:00', '2025-09-18 14:00:00', 'Morning');
INSERT INTO Schedule (scheduleID, doctorID, date, startTime, endTime, shift) VALUES ('SC0956', 'ST0006', '2025-09-18', '2025-09-18 14:00:00', '2025-09-18 20:00:00', 'Evening');
INSERT INTO Schedule (scheduleID, doctorID, date, startTime, endTime, shift) VALUES ('SC0957', 'ST0009', '2025-09-18', '2025-09-18 08:00:00', '2025-09-18 14:00:00', 'Morning');
INSERT INTO Schedule (scheduleID, doctorID, date, startTime, endTime, shift) VALUES ('SC0958', 'ST0009', '2025-09-18', '2025-09-18 14:00:00', '2025-09-18 20:00:00', 'Evening');
INSERT INTO Schedule (scheduleID, doctorID, date, startTime, endTime, shift) VALUES ('SC0959', 'ST0010', '2025-09-18', '2025-09-18 08:00:00', '2025-09-18 14:00:00', 'Morning');
INSERT INTO Schedule (scheduleID, doctorID, date, startTime, endTime, shift) VALUES ('SC0960', 'ST0010', '2025-09-18', '2025-09-18 14:00:00', '2025-09-18 20:00:00', 'Evening');
INSERT INTO Schedule (scheduleID, doctorID, date, startTime, endTime, shift) VALUES ('SC0961', 'ST0001', '2025-09-19', '2025-09-19 08:00:00', '2025-09-19 14:00:00', 'Morning');
INSERT INTO Schedule (scheduleID, doctorID, date, startTime, endTime, shift) VALUES ('SC0962', 'ST0001', '2025-09-19', '2025-09-19 14:00:00', '2025-09-19 20:00:00', 'Evening');
INSERT INTO Schedule (scheduleID, doctorID, date, startTime, endTime, shift) VALUES ('SC0963', 'ST0003', '2025-09-19', '2025-09-19 08:00:00', '2025-09-19 14:00:00', 'Morning');
INSERT INTO Schedule (scheduleID, doctorID, date, startTime, endTime, shift) VALUES ('SC0964', 'ST0003', '2025-09-19', '2025-09-19 14:00:00', '2025-09-19 20:00:00', 'Evening');
INSERT INTO Schedule (scheduleID, doctorID, date, startTime, endTime, shift) VALUES ('SC0965', 'ST0004', '2025-09-19', '2025-09-19 08:00:00', '2025-09-19 14:00:00', 'Morning');
INSERT INTO Schedule (scheduleID, doctorID, date, startTime, endTime, shift) VALUES ('SC0966', 'ST0004', '2025-09-19', '2025-09-19 14:00:00', '2025-09-19 20:00:00', 'Evening');
INSERT INTO Schedule (scheduleID, doctorID, date, startTime, endTime, shift) VALUES ('SC0967', 'ST0006', '2025-09-19', '2025-09-19 08:00:00', '2025-09-19 14:00:00', 'Morning');
INSERT INTO Schedule (scheduleID, doctorID, date, startTime, endTime, shift) VALUES ('SC0968', 'ST0006', '2025-09-19', '2025-09-19 14:00:00', '2025-09-19 20:00:00', 'Evening');
INSERT INTO Schedule (scheduleID, doctorID, date, startTime, endTime, shift) VALUES ('SC0969', 'ST0009', '2025-09-19', '2025-09-19 08:00:00', '2025-09-19 14:00:00', 'Morning');
INSERT INTO Schedule (scheduleID, doctorID, date, startTime, endTime, shift) VALUES ('SC0970', 'ST0009', '2025-09-19', '2025-09-19 14:00:00', '2025-09-19 20:00:00', 'Evening');
INSERT INTO Schedule (scheduleID, doctorID, date, startTime, endTime, shift) VALUES ('SC0971', 'ST0010', '2025-09-19', '2025-09-19 08:00:00', '2025-09-19 14:00:00', 'Morning');
INSERT INTO Schedule (scheduleID, doctorID, date, startTime, endTime, shift) VALUES ('SC0972', 'ST0010', '2025-09-19', '2025-09-19 14:00:00', '2025-09-19 20:00:00', 'Evening');
INSERT INTO Schedule (scheduleID, doctorID, date, startTime, endTime, shift) VALUES ('SC0973', 'ST0001', '2025-09-20', '2025-09-20 08:00:00', '2025-09-20 14:00:00', 'Morning');
INSERT INTO Schedule (scheduleID, doctorID, date, startTime, endTime, shift) VALUES ('SC0974', 'ST0001', '2025-09-20', '2025-09-20 14:00:00', '2025-09-20 20:00:00', 'Evening');
INSERT INTO Schedule (scheduleID, doctorID, date, startTime, endTime, shift) VALUES ('SC0975', 'ST0003', '2025-09-20', '2025-09-20 08:00:00', '2025-09-20 14:00:00', 'Morning');
INSERT INTO Schedule (scheduleID, doctorID, date, startTime, endTime, shift) VALUES ('SC0976', 'ST0003', '2025-09-20', '2025-09-20 14:00:00', '2025-09-20 20:00:00', 'Evening');
INSERT INTO Schedule (scheduleID, doctorID, date, startTime, endTime, shift) VALUES ('SC0977', 'ST0004', '2025-09-20', '2025-09-20 08:00:00', '2025-09-20 14:00:00', 'Morning');
INSERT INTO Schedule (scheduleID, doctorID, date, startTime, endTime, shift) VALUES ('SC0978', 'ST0004', '2025-09-20', '2025-09-20 14:00:00', '2025-09-20 20:00:00', 'Evening');
INSERT INTO Schedule (scheduleID, doctorID, date, startTime, endTime, shift) VALUES ('SC0979', 'ST0006', '2025-09-20', '2025-09-20 08:00:00', '2025-09-20 14:00:00', 'Morning');
INSERT INTO Schedule (scheduleID, doctorID, date, startTime, endTime, shift) VALUES ('SC0980', 'ST0006', '2025-09-20', '2025-09-20 14:00:00', '2025-09-20 20:00:00', 'Evening');
INSERT INTO Schedule (scheduleID, doctorID, date, startTime, endTime, shift) VALUES ('SC0981', 'ST0009', '2025-09-20', '2025-09-20 08:00:00', '2025-09-20 14:00:00', 'Morning');
INSERT INTO Schedule (scheduleID, doctorID, date, startTime, endTime, shift) VALUES ('SC0982', 'ST0009', '2025-09-20', '2025-09-20 14:00:00', '2025-09-20 20:00:00', 'Evening');
INSERT INTO Schedule (scheduleID, doctorID, date, startTime, endTime, shift) VALUES ('SC0983', 'ST0010', '2025-09-20', '2025-09-20 08:00:00', '2025-09-20 14:00:00', 'Morning');
INSERT INTO Schedule (scheduleID, doctorID, date, startTime, endTime, shift) VALUES ('SC0984', 'ST0010', '2025-09-20', '2025-09-20 14:00:00', '2025-09-20 20:00:00', 'Evening');
INSERT INTO Schedule (scheduleID, doctorID, date, startTime, endTime, shift) VALUES ('SC0985', 'ST0001', '2025-09-21', '2025-09-21 08:00:00', '2025-09-21 14:00:00', 'Morning');
INSERT INTO Schedule (scheduleID, doctorID, date, startTime, endTime, shift) VALUES ('SC0986', 'ST0001', '2025-09-21', '2025-09-21 14:00:00', '2025-09-21 20:00:00', 'Evening');
INSERT INTO Schedule (scheduleID, doctorID, date, startTime, endTime, shift) VALUES ('SC0987', 'ST0003', '2025-09-21', '2025-09-21 08:00:00', '2025-09-21 14:00:00', 'Morning');
INSERT INTO Schedule (scheduleID, doctorID, date, startTime, endTime, shift) VALUES ('SC0988', 'ST0003', '2025-09-21', '2025-09-21 14:00:00', '2025-09-21 20:00:00', 'Evening');
INSERT INTO Schedule (scheduleID, doctorID, date, startTime, endTime, shift) VALUES ('SC0989', 'ST0004', '2025-09-21', '2025-09-21 08:00:00', '2025-09-21 14:00:00', 'Morning');
INSERT INTO Schedule (scheduleID, doctorID, date, startTime, endTime, shift) VALUES ('SC0990', 'ST0004', '2025-09-21', '2025-09-21 14:00:00', '2025-09-21 20:00:00', 'Evening');
INSERT INTO Schedule (scheduleID, doctorID, date, startTime, endTime, shift) VALUES ('SC0991', 'ST0006', '2025-09-21', '2025-09-21 08:00:00', '2025-09-21 14:00:00', 'Morning');
INSERT INTO Schedule (scheduleID, doctorID, date, startTime, endTime, shift) VALUES ('SC0992', 'ST0006', '2025-09-21', '2025-09-21 14:00:00', '2025-09-21 20:00:00', 'Evening');
INSERT INTO Schedule (scheduleID, doctorID, date, startTime, endTime, shift) VALUES ('SC0993', 'ST0009', '2025-09-21', '2025-09-21 08:00:00', '2025-09-21 14:00:00', 'Morning');
INSERT INTO Schedule (scheduleID, doctorID, date, startTime, endTime, shift) VALUES ('SC0994', 'ST0009', '2025-09-21', '2025-09-21 14:00:00', '2025-09-21 20:00:00', 'Evening');
INSERT INTO Schedule (scheduleID, doctorID, date, startTime, endTime, shift) VALUES ('SC0995', 'ST0010', '2025-09-21', '2025-09-21 08:00:00', '2025-09-21 14:00:00', 'Morning');
INSERT INTO Schedule (scheduleID, doctorID, date, startTime, endTime, shift) VALUES ('SC0996', 'ST0010', '2025-09-21', '2025-09-21 14:00:00', '2025-09-21 20:00:00', 'Evening');
INSERT INTO Schedule (scheduleID, doctorID, date, startTime, endTime, shift) VALUES ('SC0997', 'ST0001', '2025-09-22', '2025-09-22 08:00:00', '2025-09-22 14:00:00', 'Morning');
INSERT INTO Schedule (scheduleID, doctorID, date, startTime, endTime, shift) VALUES ('SC0998', 'ST0001', '2025-09-22', '2025-09-22 14:00:00', '2025-09-22 20:00:00', 'Evening');
INSERT INTO Schedule (scheduleID, doctorID, date, startTime, endTime, shift) VALUES ('SC0999', 'ST0003', '2025-09-22', '2025-09-22 08:00:00', '2025-09-22 14:00:00', 'Morning');
INSERT INTO Schedule (scheduleID, doctorID, date, startTime, endTime, shift) VALUES ('SC1000', 'ST0003', '2025-09-22', '2025-09-22 14:00:00', '2025-09-22 20:00:00', 'Evening');
INSERT INTO Schedule (scheduleID, doctorID, date, startTime, endTime, shift) VALUES ('SC1001', 'ST0004', '2025-09-22', '2025-09-22 08:00:00', '2025-09-22 14:00:00', 'Morning');
INSERT INTO Schedule (scheduleID, doctorID, date, startTime, endTime, shift) VALUES ('SC1002', 'ST0004', '2025-09-22', '2025-09-22 14:00:00', '2025-09-22 20:00:00', 'Evening');
INSERT INTO Schedule (scheduleID, doctorID, date, startTime, endTime, shift) VALUES ('SC1003', 'ST0006', '2025-09-22', '2025-09-22 08:00:00', '2025-09-22 14:00:00', 'Morning');
INSERT INTO Schedule (scheduleID, doctorID, date, startTime, endTime, shift) VALUES ('SC1004', 'ST0006', '2025-09-22', '2025-09-22 14:00:00', '2025-09-22 20:00:00', 'Evening');
INSERT INTO Schedule (scheduleID, doctorID, date, startTime, endTime, shift) VALUES ('SC1005', 'ST0009', '2025-09-22', '2025-09-22 08:00:00', '2025-09-22 14:00:00', 'Morning');
INSERT INTO Schedule (scheduleID, doctorID, date, startTime, endTime, shift) VALUES ('SC1006', 'ST0009', '2025-09-22', '2025-09-22 14:00:00', '2025-09-22 20:00:00', 'Evening');
INSERT INTO Schedule (scheduleID, doctorID, date, startTime, endTime, shift) VALUES ('SC1007', 'ST0010', '2025-09-22', '2025-09-22 08:00:00', '2025-09-22 14:00:00', 'Morning');
INSERT INTO Schedule (scheduleID, doctorID, date, startTime, endTime, shift) VALUES ('SC1008', 'ST0010', '2025-09-22', '2025-09-22 14:00:00', '2025-09-22 20:00:00', 'Evening');
INSERT INTO Schedule (scheduleID, doctorID, date, startTime, endTime, shift) VALUES ('SC1009', 'ST0001', '2025-09-23', '2025-09-23 08:00:00', '2025-09-23 14:00:00', 'Morning');
INSERT INTO Schedule (scheduleID, doctorID, date, startTime, endTime, shift) VALUES ('SC1010', 'ST0001', '2025-09-23', '2025-09-23 14:00:00', '2025-09-23 20:00:00', 'Evening');
INSERT INTO Schedule (scheduleID, doctorID, date, startTime, endTime, shift) VALUES ('SC1011', 'ST0003', '2025-09-23', '2025-09-23 08:00:00', '2025-09-23 14:00:00', 'Morning');
INSERT INTO Schedule (scheduleID, doctorID, date, startTime, endTime, shift) VALUES ('SC1012', 'ST0003', '2025-09-23', '2025-09-23 14:00:00', '2025-09-23 20:00:00', 'Evening');
INSERT INTO Schedule (scheduleID, doctorID, date, startTime, endTime, shift) VALUES ('SC1013', 'ST0004', '2025-09-23', '2025-09-23 08:00:00', '2025-09-23 14:00:00', 'Morning');
INSERT INTO Schedule (scheduleID, doctorID, date, startTime, endTime, shift) VALUES ('SC1014', 'ST0004', '2025-09-23', '2025-09-23 14:00:00', '2025-09-23 20:00:00', 'Evening');
INSERT INTO Schedule (scheduleID, doctorID, date, startTime, endTime, shift) VALUES ('SC1015', 'ST0006', '2025-09-23', '2025-09-23 08:00:00', '2025-09-23 14:00:00', 'Morning');
INSERT INTO Schedule (scheduleID, doctorID, date, startTime, endTime, shift) VALUES ('SC1016', 'ST0006', '2025-09-23', '2025-09-23 14:00:00', '2025-09-23 20:00:00', 'Evening');
INSERT INTO Schedule (scheduleID, doctorID, date, startTime, endTime, shift) VALUES ('SC1017', 'ST0009', '2025-09-23', '2025-09-23 08:00:00', '2025-09-23 14:00:00', 'Morning');
INSERT INTO Schedule (scheduleID, doctorID, date, startTime, endTime, shift) VALUES ('SC1018', 'ST0009', '2025-09-23', '2025-09-23 14:00:00', '2025-09-23 20:00:00', 'Evening');
INSERT INTO Schedule (scheduleID, doctorID, date, startTime, endTime, shift) VALUES ('SC1019', 'ST0010', '2025-09-23', '2025-09-23 08:00:00', '2025-09-23 14:00:00', 'Morning');
INSERT INTO Schedule (scheduleID, doctorID, date, startTime, endTime, shift) VALUES ('SC1020', 'ST0010', '2025-09-23', '2025-09-23 14:00:00', '2025-09-23 20:00:00', 'Evening');
INSERT INTO Schedule (scheduleID, doctorID, date, startTime, endTime, shift) VALUES ('SC1021', 'ST0001', '2025-09-24', '2025-09-24 08:00:00', '2025-09-24 14:00:00', 'Morning');
INSERT INTO Schedule (scheduleID, doctorID, date, startTime, endTime, shift) VALUES ('SC1022', 'ST0001', '2025-09-24', '2025-09-24 14:00:00', '2025-09-24 20:00:00', 'Evening');
INSERT INTO Schedule (scheduleID, doctorID, date, startTime, endTime, shift) VALUES ('SC1023', 'ST0003', '2025-09-24', '2025-09-24 08:00:00', '2025-09-24 14:00:00', 'Morning');
INSERT INTO Schedule (scheduleID, doctorID, date, startTime, endTime, shift) VALUES ('SC1024', 'ST0003', '2025-09-24', '2025-09-24 14:00:00', '2025-09-24 20:00:00', 'Evening');
INSERT INTO Schedule (scheduleID, doctorID, date, startTime, endTime, shift) VALUES ('SC1025', 'ST0004', '2025-09-24', '2025-09-24 08:00:00', '2025-09-24 14:00:00', 'Morning');
INSERT INTO Schedule (scheduleID, doctorID, date, startTime, endTime, shift) VALUES ('SC1026', 'ST0004', '2025-09-24', '2025-09-24 14:00:00', '2025-09-24 20:00:00', 'Evening');
INSERT INTO Schedule (scheduleID, doctorID, date, startTime, endTime, shift) VALUES ('SC1027', 'ST0006', '2025-09-24', '2025-09-24 08:00:00', '2025-09-24 14:00:00', 'Morning');
INSERT INTO Schedule (scheduleID, doctorID, date, startTime, endTime, shift) VALUES ('SC1028', 'ST0006', '2025-09-24', '2025-09-24 14:00:00', '2025-09-24 20:00:00', 'Evening');
INSERT INTO Schedule (scheduleID, doctorID, date, startTime, endTime, shift) VALUES ('SC1029', 'ST0009', '2025-09-24', '2025-09-24 08:00:00', '2025-09-24 14:00:00', 'Morning');
INSERT INTO Schedule (scheduleID, doctorID, date, startTime, endTime, shift) VALUES ('SC1030', 'ST0009', '2025-09-24', '2025-09-24 14:00:00', '2025-09-24 20:00:00', 'Evening');
INSERT INTO Schedule (scheduleID, doctorID, date, startTime, endTime, shift) VALUES ('SC1031', 'ST0010', '2025-09-24', '2025-09-24 08:00:00', '2025-09-24 14:00:00', 'Morning');
INSERT INTO Schedule (scheduleID, doctorID, date, startTime, endTime, shift) VALUES ('SC1032', 'ST0010', '2025-09-24', '2025-09-24 14:00:00', '2025-09-24 20:00:00', 'Evening');
INSERT INTO Schedule (scheduleID, doctorID, date, startTime, endTime, shift) VALUES ('SC1033', 'ST0001', '2025-09-25', '2025-09-25 08:00:00', '2025-09-25 14:00:00', 'Morning');
INSERT INTO Schedule (scheduleID, doctorID, date, startTime, endTime, shift) VALUES ('SC1034', 'ST0001', '2025-09-25', '2025-09-25 14:00:00', '2025-09-25 20:00:00', 'Evening');
INSERT INTO Schedule (scheduleID, doctorID, date, startTime, endTime, shift) VALUES ('SC1035', 'ST0003', '2025-09-25', '2025-09-25 08:00:00', '2025-09-25 14:00:00', 'Morning');
INSERT INTO Schedule (scheduleID, doctorID, date, startTime, endTime, shift) VALUES ('SC1036', 'ST0003', '2025-09-25', '2025-09-25 14:00:00', '2025-09-25 20:00:00', 'Evening');
INSERT INTO Schedule (scheduleID, doctorID, date, startTime, endTime, shift) VALUES ('SC1037', 'ST0004', '2025-09-25', '2025-09-25 08:00:00', '2025-09-25 14:00:00', 'Morning');
INSERT INTO Schedule (scheduleID, doctorID, date, startTime, endTime, shift) VALUES ('SC1038', 'ST0004', '2025-09-25', '2025-09-25 14:00:00', '2025-09-25 20:00:00', 'Evening');
INSERT INTO Schedule (scheduleID, doctorID, date, startTime, endTime, shift) VALUES ('SC1039', 'ST0006', '2025-09-25', '2025-09-25 08:00:00', '2025-09-25 14:00:00', 'Morning');
INSERT INTO Schedule (scheduleID, doctorID, date, startTime, endTime, shift) VALUES ('SC1040', 'ST0006', '2025-09-25', '2025-09-25 14:00:00', '2025-09-25 20:00:00', 'Evening');
INSERT INTO Schedule (scheduleID, doctorID, date, startTime, endTime, shift) VALUES ('SC1041', 'ST0009', '2025-09-25', '2025-09-25 08:00:00', '2025-09-25 14:00:00', 'Morning');
INSERT INTO Schedule (scheduleID, doctorID, date, startTime, endTime, shift) VALUES ('SC1042', 'ST0009', '2025-09-25', '2025-09-25 14:00:00', '2025-09-25 20:00:00', 'Evening');
INSERT INTO Schedule (scheduleID, doctorID, date, startTime, endTime, shift) VALUES ('SC1043', 'ST0010', '2025-09-25', '2025-09-25 08:00:00', '2025-09-25 14:00:00', 'Morning');
INSERT INTO Schedule (scheduleID, doctorID, date, startTime, endTime, shift) VALUES ('SC1044', 'ST0010', '2025-09-25', '2025-09-25 14:00:00', '2025-09-25 20:00:00', 'Evening');
INSERT INTO Schedule (scheduleID, doctorID, date, startTime, endTime, shift) VALUES ('SC1045', 'ST0001', '2025-09-26', '2025-09-26 08:00:00', '2025-09-26 14:00:00', 'Morning');
INSERT INTO Schedule (scheduleID, doctorID, date, startTime, endTime, shift) VALUES ('SC1046', 'ST0001', '2025-09-26', '2025-09-26 14:00:00', '2025-09-26 20:00:00', 'Evening');
INSERT INTO Schedule (scheduleID, doctorID, date, startTime, endTime, shift) VALUES ('SC1047', 'ST0003', '2025-09-26', '2025-09-26 08:00:00', '2025-09-26 14:00:00', 'Morning');
INSERT INTO Schedule (scheduleID, doctorID, date, startTime, endTime, shift) VALUES ('SC1048', 'ST0003', '2025-09-26', '2025-09-26 14:00:00', '2025-09-26 20:00:00', 'Evening');
INSERT INTO Schedule (scheduleID, doctorID, date, startTime, endTime, shift) VALUES ('SC1049', 'ST0004', '2025-09-26', '2025-09-26 08:00:00', '2025-09-26 14:00:00', 'Morning');
INSERT INTO Schedule (scheduleID, doctorID, date, startTime, endTime, shift) VALUES ('SC1050', 'ST0004', '2025-09-26', '2025-09-26 14:00:00', '2025-09-26 20:00:00', 'Evening');
INSERT INTO Schedule (scheduleID, doctorID, date, startTime, endTime, shift) VALUES ('SC1051', 'ST0006', '2025-09-26', '2025-09-26 08:00:00', '2025-09-26 14:00:00', 'Morning');
INSERT INTO Schedule (scheduleID, doctorID, date, startTime, endTime, shift) VALUES ('SC1052', 'ST0006', '2025-09-26', '2025-09-26 14:00:00', '2025-09-26 20:00:00', 'Evening');
INSERT INTO Schedule (scheduleID, doctorID, date, startTime, endTime, shift) VALUES ('SC1053', 'ST0009', '2025-09-26', '2025-09-26 08:00:00', '2025-09-26 14:00:00', 'Morning');
INSERT INTO Schedule (scheduleID, doctorID, date, startTime, endTime, shift) VALUES ('SC1054', 'ST0009', '2025-09-26', '2025-09-26 14:00:00', '2025-09-26 20:00:00', 'Evening');
INSERT INTO Schedule (scheduleID, doctorID, date, startTime, endTime, shift) VALUES ('SC1055', 'ST0010', '2025-09-26', '2025-09-26 08:00:00', '2025-09-26 14:00:00', 'Morning');
INSERT INTO Schedule (scheduleID, doctorID, date, startTime, endTime, shift) VALUES ('SC1056', 'ST0010', '2025-09-26', '2025-09-26 14:00:00', '2025-09-26 20:00:00', 'Evening');
INSERT INTO Schedule (scheduleID, doctorID, date, startTime, endTime, shift) VALUES ('SC1057', 'ST0001', '2025-09-27', '2025-09-27 08:00:00', '2025-09-27 14:00:00', 'Morning');
INSERT INTO Schedule (scheduleID, doctorID, date, startTime, endTime, shift) VALUES ('SC1058', 'ST0001', '2025-09-27', '2025-09-27 14:00:00', '2025-09-27 20:00:00', 'Evening');
INSERT INTO Schedule (scheduleID, doctorID, date, startTime, endTime, shift) VALUES ('SC1059', 'ST0003', '2025-09-27', '2025-09-27 08:00:00', '2025-09-27 14:00:00', 'Morning');
INSERT INTO Schedule (scheduleID, doctorID, date, startTime, endTime, shift) VALUES ('SC1060', 'ST0003', '2025-09-27', '2025-09-27 14:00:00', '2025-09-27 20:00:00', 'Evening');
INSERT INTO Schedule (scheduleID, doctorID, date, startTime, endTime, shift) VALUES ('SC1061', 'ST0004', '2025-09-27', '2025-09-27 08:00:00', '2025-09-27 14:00:00', 'Morning');
INSERT INTO Schedule (scheduleID, doctorID, date, startTime, endTime, shift) VALUES ('SC1062', 'ST0004', '2025-09-27', '2025-09-27 14:00:00', '2025-09-27 20:00:00', 'Evening');
INSERT INTO Schedule (scheduleID, doctorID, date, startTime, endTime, shift) VALUES ('SC1063', 'ST0006', '2025-09-27', '2025-09-27 08:00:00', '2025-09-27 14:00:00', 'Morning');
INSERT INTO Schedule (scheduleID, doctorID, date, startTime, endTime, shift) VALUES ('SC1064', 'ST0006', '2025-09-27', '2025-09-27 14:00:00', '2025-09-27 20:00:00', 'Evening');
INSERT INTO Schedule (scheduleID, doctorID, date, startTime, endTime, shift) VALUES ('SC1065', 'ST0009', '2025-09-27', '2025-09-27 08:00:00', '2025-09-27 14:00:00', 'Morning');
INSERT INTO Schedule (scheduleID, doctorID, date, startTime, endTime, shift) VALUES ('SC1066', 'ST0009', '2025-09-27', '2025-09-27 14:00:00', '2025-09-27 20:00:00', 'Evening');
INSERT INTO Schedule (scheduleID, doctorID, date, startTime, endTime, shift) VALUES ('SC1067', 'ST0010', '2025-09-27', '2025-09-27 08:00:00', '2025-09-27 14:00:00', 'Morning');
INSERT INTO Schedule (scheduleID, doctorID, date, startTime, endTime, shift) VALUES ('SC1068', 'ST0010', '2025-09-27', '2025-09-27 14:00:00', '2025-09-27 20:00:00', 'Evening');
INSERT INTO Schedule (scheduleID, doctorID, date, startTime, endTime, shift) VALUES ('SC1069', 'ST0001', '2025-09-28', '2025-09-28 08:00:00', '2025-09-28 14:00:00', 'Morning');
INSERT INTO Schedule (scheduleID, doctorID, date, startTime, endTime, shift) VALUES ('SC1070', 'ST0001', '2025-09-28', '2025-09-28 14:00:00', '2025-09-28 20:00:00', 'Evening');
INSERT INTO Schedule (scheduleID, doctorID, date, startTime, endTime, shift) VALUES ('SC1071', 'ST0003', '2025-09-28', '2025-09-28 08:00:00', '2025-09-28 14:00:00', 'Morning');
INSERT INTO Schedule (scheduleID, doctorID, date, startTime, endTime, shift) VALUES ('SC1072', 'ST0003', '2025-09-28', '2025-09-28 14:00:00', '2025-09-28 20:00:00', 'Evening');
INSERT INTO Schedule (scheduleID, doctorID, date, startTime, endTime, shift) VALUES ('SC1073', 'ST0004', '2025-09-28', '2025-09-28 08:00:00', '2025-09-28 14:00:00', 'Morning');
INSERT INTO Schedule (scheduleID, doctorID, date, startTime, endTime, shift) VALUES ('SC1074', 'ST0004', '2025-09-28', '2025-09-28 14:00:00', '2025-09-28 20:00:00', 'Evening');
INSERT INTO Schedule (scheduleID, doctorID, date, startTime, endTime, shift) VALUES ('SC1075', 'ST0006', '2025-09-28', '2025-09-28 08:00:00', '2025-09-28 14:00:00', 'Morning');
INSERT INTO Schedule (scheduleID, doctorID, date, startTime, endTime, shift) VALUES ('SC1076', 'ST0006', '2025-09-28', '2025-09-28 14:00:00', '2025-09-28 20:00:00', 'Evening');
INSERT INTO Schedule (scheduleID, doctorID, date, startTime, endTime, shift) VALUES ('SC1077', 'ST0009', '2025-09-28', '2025-09-28 08:00:00', '2025-09-28 14:00:00', 'Morning');
INSERT INTO Schedule (scheduleID, doctorID, date, startTime, endTime, shift) VALUES ('SC1078', 'ST0009', '2025-09-28', '2025-09-28 14:00:00', '2025-09-28 20:00:00', 'Evening');
INSERT INTO Schedule (scheduleID, doctorID, date, startTime, endTime, shift) VALUES ('SC1079', 'ST0010', '2025-09-28', '2025-09-28 08:00:00', '2025-09-28 14:00:00', 'Morning');
INSERT INTO Schedule (scheduleID, doctorID, date, startTime, endTime, shift) VALUES ('SC1080', 'ST0010', '2025-09-28', '2025-09-28 14:00:00', '2025-09-28 20:00:00', 'Evening');
INSERT INTO Schedule (scheduleID, doctorID, date, startTime, endTime, shift) VALUES ('SC1081', 'ST0001', '2025-09-29', '2025-09-29 08:00:00', '2025-09-29 14:00:00', 'Morning');
INSERT INTO Schedule (scheduleID, doctorID, date, startTime, endTime, shift) VALUES ('SC1082', 'ST0001', '2025-09-29', '2025-09-29 14:00:00', '2025-09-29 20:00:00', 'Evening');
INSERT INTO Schedule (scheduleID, doctorID, date, startTime, endTime, shift) VALUES ('SC1083', 'ST0003', '2025-09-29', '2025-09-29 08:00:00', '2025-09-29 14:00:00', 'Morning');
INSERT INTO Schedule (scheduleID, doctorID, date, startTime, endTime, shift) VALUES ('SC1084', 'ST0003', '2025-09-29', '2025-09-29 14:00:00', '2025-09-29 20:00:00', 'Evening');
INSERT INTO Schedule (scheduleID, doctorID, date, startTime, endTime, shift) VALUES ('SC1085', 'ST0004', '2025-09-29', '2025-09-29 08:00:00', '2025-09-29 14:00:00', 'Morning');
INSERT INTO Schedule (scheduleID, doctorID, date, startTime, endTime, shift) VALUES ('SC1086', 'ST0004', '2025-09-29', '2025-09-29 14:00:00', '2025-09-29 20:00:00', 'Evening');
INSERT INTO Schedule (scheduleID, doctorID, date, startTime, endTime, shift) VALUES ('SC1087', 'ST0006', '2025-09-29', '2025-09-29 08:00:00', '2025-09-29 14:00:00', 'Morning');
INSERT INTO Schedule (scheduleID, doctorID, date, startTime, endTime, shift) VALUES ('SC1088', 'ST0006', '2025-09-29', '2025-09-29 14:00:00', '2025-09-29 20:00:00', 'Evening');
INSERT INTO Schedule (scheduleID, doctorID, date, startTime, endTime, shift) VALUES ('SC1089', 'ST0009', '2025-09-29', '2025-09-29 08:00:00', '2025-09-29 14:00:00', 'Morning');
INSERT INTO Schedule (scheduleID, doctorID, date, startTime, endTime, shift) VALUES ('SC1090', 'ST0009', '2025-09-29', '2025-09-29 14:00:00', '2025-09-29 20:00:00', 'Evening');
INSERT INTO Schedule (scheduleID, doctorID, date, startTime, endTime, shift) VALUES ('SC1091', 'ST0010', '2025-09-29', '2025-09-29 08:00:00', '2025-09-29 14:00:00', 'Morning');
INSERT INTO Schedule (scheduleID, doctorID, date, startTime, endTime, shift) VALUES ('SC1092', 'ST0010', '2025-09-29', '2025-09-29 14:00:00', '2025-09-29 20:00:00', 'Evening');
INSERT INTO Schedule (scheduleID, doctorID, date, startTime, endTime, shift) VALUES ('SC1093', 'ST0001', '2025-09-30', '2025-09-30 08:00:00', '2025-09-30 14:00:00', 'Morning');
INSERT INTO Schedule (scheduleID, doctorID, date, startTime, endTime, shift) VALUES ('SC1094', 'ST0001', '2025-09-30', '2025-09-30 14:00:00', '2025-09-30 20:00:00', 'Evening');
INSERT INTO Schedule (scheduleID, doctorID, date, startTime, endTime, shift) VALUES ('SC1095', 'ST0003', '2025-09-30', '2025-09-30 08:00:00', '2025-09-30 14:00:00', 'Morning');
INSERT INTO Schedule (scheduleID, doctorID, date, startTime, endTime, shift) VALUES ('SC1096', 'ST0003', '2025-09-30', '2025-09-30 14:00:00', '2025-09-30 20:00:00', 'Evening');
INSERT INTO Schedule (scheduleID, doctorID, date, startTime, endTime, shift) VALUES ('SC1097', 'ST0004', '2025-09-30', '2025-09-30 08:00:00', '2025-09-30 14:00:00', 'Morning');
INSERT INTO Schedule (scheduleID, doctorID, date, startTime, endTime, shift) VALUES ('SC1098', 'ST0004', '2025-09-30', '2025-09-30 14:00:00', '2025-09-30 20:00:00', 'Evening');
INSERT INTO Schedule (scheduleID, doctorID, date, startTime, endTime, shift) VALUES ('SC1099', 'ST0006', '2025-09-30', '2025-09-30 08:00:00', '2025-09-30 14:00:00', 'Morning');
INSERT INTO Schedule (scheduleID, doctorID, date, startTime, endTime, shift) VALUES ('SC1100', 'ST0006', '2025-09-30', '2025-09-30 14:00:00', '2025-09-30 20:00:00', 'Evening');
INSERT INTO Schedule (scheduleID, doctorID, date, startTime, endTime, shift) VALUES ('SC1101', 'ST0009', '2025-09-30', '2025-09-30 08:00:00', '2025-09-30 14:00:00', 'Morning');
INSERT INTO Schedule (scheduleID, doctorID, date, startTime, endTime, shift) VALUES ('SC1102', 'ST0009', '2025-09-30', '2025-09-30 14:00:00', '2025-09-30 20:00:00', 'Evening');
INSERT INTO Schedule (scheduleID, doctorID, date, startTime, endTime, shift) VALUES ('SC1103', 'ST0010', '2025-09-30', '2025-09-30 08:00:00', '2025-09-30 14:00:00', 'Morning');
INSERT INTO Schedule (scheduleID, doctorID, date, startTime, endTime, shift) VALUES ('SC1104', 'ST0010', '2025-09-30', '2025-09-30 14:00:00', '2025-09-30 20:00:00', 'Evening');
INSERT INTO Orders (ordersID, medicineID, supplierID, staffID, orderDate, orderStatus, unitPrice, quantity, totalAmount, expiryDate, stock) VALUES ('OR0001', 'ME0012', 'SU0002', 'ST0005', '2025-07-04', 'Completed', 96.97, 55, 5333.35, '2025-07-16', 55);
INSERT INTO Orders (ordersID, medicineID, supplierID, staffID, orderDate, orderStatus, unitPrice, quantity, totalAmount, expiryDate, stock) VALUES ('OR0002', 'ME0006', 'SU0005', 'ST0007', '2024-12-20', 'Completed', 91.74, 54, 4953.96, '2024-12-30', 54);
INSERT INTO Orders (ordersID, medicineID, supplierID, staffID, orderDate, orderStatus, unitPrice, quantity, totalAmount, expiryDate, stock) VALUES ('OR0003', 'ME0008', 'SU0004', 'ST0009', '2025-03-16', 'Completed', 85.9, 79, 6786.1, '2025-05-27', 79);
INSERT INTO Orders (ordersID, medicineID, supplierID, staffID, orderDate, orderStatus, unitPrice, quantity, totalAmount, expiryDate, stock) VALUES ('OR0004', 'ME0013', 'SU0004', 'ST0009', '2024-11-09', 'Cancelled', 91.0, 40, 3640.0, '2025-05-16', 40);
INSERT INTO Orders (ordersID, medicineID, supplierID, staffID, orderDate, orderStatus, unitPrice, quantity, totalAmount, expiryDate, stock) VALUES ('OR0005', 'ME0003', 'SU0003', 'ST0007', '2025-03-26', 'Completed', 25.04, 52, 1302.08, '2025-09-05', 52);
INSERT INTO Orders (ordersID, medicineID, supplierID, staffID, orderDate, orderStatus, unitPrice, quantity, totalAmount, expiryDate, stock) VALUES ('OR0006', 'ME0012', 'SU0005', 'ST0003', '2025-06-30', 'Completed', 62.45, 58, 3622.1, '2025-12-05', 58);
INSERT INTO Orders (ordersID, medicineID, supplierID, staffID, orderDate, orderStatus, unitPrice, quantity, totalAmount, expiryDate, stock) VALUES ('OR0007', 'ME0015', 'SU0005', 'ST0005', '2025-08-08', 'Cancelled', 86.89, 50, 4344.5, '2025-10-26', 50);
INSERT INTO Orders (ordersID, medicineID, supplierID, staffID, orderDate, orderStatus, unitPrice, quantity, totalAmount, expiryDate, stock) VALUES ('OR0008', 'ME0013', 'SU0005', 'ST0009', '2025-01-11', 'Cancelled', 41.11, 71, 2918.81, '2025-06-30', 71);
INSERT INTO Orders (ordersID, medicineID, supplierID, staffID, orderDate, orderStatus, unitPrice, quantity, totalAmount, expiryDate, stock) VALUES ('OR0009', 'ME0001', 'SU0005', 'ST0005', '2025-06-15', 'Cancelled', 20.2, 99, 1999.8, '2026-02-23', 99);
INSERT INTO Orders (ordersID, medicineID, supplierID, staffID, orderDate, orderStatus, unitPrice, quantity, totalAmount, expiryDate, stock) VALUES ('OR0010', 'ME0001', 'SU0002', 'ST0008', '2024-11-13', 'Cancelled', 49.81, 74, 3685.94, '2025-08-17', 74);
INSERT INTO Orders (ordersID, medicineID, supplierID, staffID, orderDate, orderStatus, unitPrice, quantity, totalAmount, expiryDate, stock) VALUES ('OR0011', 'ME0002', 'SU0005', 'ST0003', '2025-08-11', 'Cancelled', 93.78, 85, 7971.3, '2026-03-05', 85);
INSERT INTO Orders (ordersID, medicineID, supplierID, staffID, orderDate, orderStatus, unitPrice, quantity, totalAmount, expiryDate, stock) VALUES ('OR0012', 'ME0004', 'SU0002', 'ST0009', '2024-09-27', 'Cancelled', 35.53, 73, 2593.69, '2025-11-30', 73);
INSERT INTO Orders (ordersID, medicineID, supplierID, staffID, orderDate, orderStatus, unitPrice, quantity, totalAmount, expiryDate, stock) VALUES ('OR0013', 'ME0002', 'SU0004', 'ST0001', '2024-12-30', 'Completed', 29.87, 71, 2120.77, '2025-06-23', 71);
INSERT INTO Orders (ordersID, medicineID, supplierID, staffID, orderDate, orderStatus, unitPrice, quantity, totalAmount, expiryDate, stock) VALUES ('OR0014', 'ME0002', 'SU0004', 'ST0001', '2024-10-31', 'Completed', 28.84, 45, 1297.8, '2025-09-05', 45);
INSERT INTO Orders (ordersID, medicineID, supplierID, staffID, orderDate, orderStatus, unitPrice, quantity, totalAmount, expiryDate, stock) VALUES ('OR0015', 'ME0013', 'SU0001', 'ST0009', '2025-06-10', 'Cancelled', 96.06, 22, 2113.32, '2025-08-03', 22);
INSERT INTO Orders (ordersID, medicineID, supplierID, staffID, orderDate, orderStatus, unitPrice, quantity, totalAmount, expiryDate, stock) VALUES ('OR0016', 'ME0015', 'SU0001', 'ST0005', '2025-01-05', 'Cancelled', 56.67, 86, 4873.62, '2025-09-02', 86);
INSERT INTO Orders (ordersID, medicineID, supplierID, staffID, orderDate, orderStatus, unitPrice, quantity, totalAmount, expiryDate, stock) VALUES ('OR0017', 'ME0003', 'SU0002', 'ST0006', '2025-07-18', 'Completed', 56.27, 87, 4895.49, '2026-04-28', 87);
INSERT INTO Orders (ordersID, medicineID, supplierID, staffID, orderDate, orderStatus, unitPrice, quantity, totalAmount, expiryDate, stock) VALUES ('OR0018', 'ME0010', 'SU0004', 'ST0006', '2025-07-02', 'Completed', 40.07, 51, 2043.57, '2025-09-18', 51);
INSERT INTO Orders (ordersID, medicineID, supplierID, staffID, orderDate, orderStatus, unitPrice, quantity, totalAmount, expiryDate, stock) VALUES ('OR0019', 'ME0003', 'SU0003', 'ST0004', '2024-10-14', 'Cancelled', 73.84, 100, 7384.0, '2024-11-24', 100);
INSERT INTO Orders (ordersID, medicineID, supplierID, staffID, orderDate, orderStatus, unitPrice, quantity, totalAmount, expiryDate, stock) VALUES ('OR0020', 'ME0007', 'SU0005', 'ST0005', '2024-10-03', 'Cancelled', 75.31, 90, 6777.9, '2025-10-31', 90);

-- Sample Treatment Data
INSERT INTO Treatment (treatmentID, consultationID, patientID, doctorID, treatmentType, treatmentName, description, treatmentProcedure, treatmentDate, status, outcome, duration, notes, price) VALUES ('TR0001', 'CO0001', 'PA0001', 'ST0001', 'Surgery', 'Appendectomy', 'Emergency appendectomy for acute appendicitis', 'Laparoscopic appendectomy with general anesthesia', '2025-07-15 14:30:00', 'Completed', 'Successful', 120, 'Patient recovered well, discharged after 2 days', 2500.00);
INSERT INTO Treatment (treatmentID, consultationID, patientID, doctorID, treatmentType, treatmentName, description, treatmentProcedure, treatmentDate, status, outcome, duration, notes, price) VALUES ('TR0002', 'CO0002', 'PA0002', 'ST0003', 'Vaccination', 'Flu Shot', 'Annual influenza vaccination', 'Intramuscular injection in deltoid muscle', '2025-07-16 09:00:00', 'Completed', 'Successful', 15, 'No adverse reactions observed', 50.00);
INSERT INTO Treatment (treatmentID, consultationID, patientID, doctorID, treatmentType, treatmentName, description, treatmentProcedure, treatmentDate, status, outcome, duration, notes, price) VALUES ('TR0003', 'CO0003', 'PA0003', 'ST0004', 'Physical Therapy', 'Knee Rehabilitation', 'Post-surgery knee rehabilitation program', 'Range of motion exercises and strength training', '2025-07-17 10:00:00', 'Completed', 'Successful', 60, 'Significant improvement in mobility', 150.00);
INSERT INTO Treatment (treatmentID, consultationID, patientID, doctorID, treatmentType, treatmentName, description, treatmentProcedure, treatmentDate, status, outcome, duration, notes, price) VALUES ('TR0004', 'CO0004', 'PA0004', 'ST0006', 'Laboratory Test', 'Blood Test', 'Comprehensive blood panel for health screening', 'Venipuncture for blood collection', '2025-07-18 11:30:00', 'Completed', 'Successful', 30, 'Results within normal range', 80.00);
INSERT INTO Treatment (treatmentID, consultationID, patientID, doctorID, treatmentType, treatmentName, description, treatmentProcedure, treatmentDate, status, outcome, duration, notes, price) VALUES ('TR0005', 'CO0005', 'PA0005', 'ST0009', 'Emergency Treatment', 'Wound Suturing', 'Emergency treatment for deep laceration', 'Local anesthesia and suturing of wound', '2025-07-19 16:00:00', 'Completed', 'Successful', 45, 'Wound healing well, follow-up in 7 days', 200.00);
INSERT INTO Treatment (treatmentID, consultationID, patientID, doctorID, treatmentType, treatmentName, description, treatmentProcedure, treatmentDate, status, outcome, duration, notes, price) VALUES ('TR0006', 'CO0006', 'PA0006', 'ST0010', 'Preventive Care', 'Health Screening', 'Comprehensive health screening for adults', 'Physical examination and health assessment', '2025-07-20 13:00:00', 'Completed', 'Successful', 90, 'Patient in good health, recommended annual follow-up', 120.00);
INSERT INTO Treatment (treatmentID, consultationID, patientID, doctorID, treatmentType, treatmentName, description, treatmentProcedure, treatmentDate, status, outcome, duration, notes, price) VALUES ('TR0007', 'CO0007', 'PA0007', 'ST0001', 'Diagnostic Procedure', 'X-Ray Examination', 'Chest X-ray for respiratory symptoms', 'Standard chest X-ray in two views', '2025-07-21 14:30:00', 'Completed', 'Successful', 20, 'No abnormalities detected', 100.00);
INSERT INTO Treatment (treatmentID, consultationID, patientID, doctorID, treatmentType, treatmentName, description, treatmentProcedure, treatmentDate, status, outcome, duration, notes, price) VALUES ('TR0008', 'CO0008', 'PA0008', 'ST0003', 'Therapeutic Procedure', 'Physiotherapy Session', 'Therapeutic exercises for back pain', 'Stretching and strengthening exercises', '2025-07-22 15:00:00', 'Completed', 'Partial Success', 75, 'Some improvement noted, continued treatment recommended', 180.00);
INSERT INTO Treatment (treatmentID, consultationID, patientID, doctorID, treatmentType, treatmentName, description, treatmentProcedure, treatmentDate, status, outcome, duration, notes, price) VALUES ('TR0009', 'CO0009', 'PA0009', 'ST0004', 'Surgery', 'Minor Surgery', 'Removal of benign skin lesion', 'Excision under local anesthesia', '2025-07-23 10:00:00', 'Completed', 'Successful', 60, 'Lesion removed successfully, sutures removed in 10 days', 800.00);
INSERT INTO Treatment (treatmentID, consultationID, patientID, doctorID, treatmentType, treatmentName, description, treatmentProcedure, treatmentDate, status, outcome, duration, notes, price) VALUES ('TR0010', 'CO0010', 'PA0010', 'ST0006', 'Vaccination', 'COVID-19 Booster', 'COVID-19 booster vaccination', 'Intramuscular injection', '2025-07-24 09:30:00', 'Completed', 'Successful', 15, 'Mild soreness at injection site, no other side effects', 60.00);
INSERT INTO Treatment (treatmentID, consultationID, patientID, doctorID, treatmentType, treatmentName, description, treatmentProcedure, treatmentDate, status, outcome, duration, notes, price) VALUES ('TR0011', 'CO0011', 'PA0011', 'ST0009', 'Physical Therapy', 'Post-Surgery Rehabilitation', 'Rehabilitation after orthopedic surgery', 'Progressive exercise program', '2025-07-25 11:00:00', 'In Progress', 'Partial Success', 90, 'Making good progress, continuing therapy', 200.00);
INSERT INTO Treatment (treatmentID, consultationID, patientID, doctorID, treatmentType, treatmentName, description, treatmentProcedure, treatmentDate, status, outcome, duration, notes, price) VALUES ('TR0012', 'CO0012', 'PA0012', 'ST0010', 'Laboratory Test', 'Diabetes Screening', 'Blood glucose and HbA1c testing', 'Fasting blood test', '2025-07-26 08:00:00', 'Completed', 'Successful', 25, 'Results indicate pre-diabetes, lifestyle changes recommended', 90.00);
INSERT INTO Treatment (treatmentID, consultationID, patientID, doctorID, treatmentType, treatmentName, description, treatmentProcedure, treatmentDate, status, outcome, duration, notes, price) VALUES ('TR0013', 'CO0013', 'PA0013', 'ST0001', 'Emergency Treatment', 'Fracture Treatment', 'Treatment for broken wrist', 'Casting and immobilization', '2025-07-27 17:00:00', 'Completed', 'Successful', 90, 'Cast to be removed in 6 weeks', 350.00);
INSERT INTO Treatment (treatmentID, consultationID, patientID, doctorID, treatmentType, treatmentName, description, treatmentProcedure, treatmentDate, status, outcome, duration, notes, price) VALUES ('TR0014', 'CO0014', 'PA0014', 'ST0003', 'Preventive Care', 'Dental Check-up', 'Routine dental examination and cleaning', 'Oral examination and professional cleaning', '2025-07-28 14:00:00', 'Completed', 'Successful', 45, 'Good oral health, recommended 6-month follow-up', 150.00);
INSERT INTO Treatment (treatmentID, consultationID, patientID, doctorID, treatmentType, treatmentName, description, treatmentProcedure, treatmentDate, status, outcome, duration, notes, price) VALUES ('TR0015', 'CO0015', 'PA0015', 'ST0004', 'Diagnostic Procedure', 'Ultrasound Scan', 'Abdominal ultrasound for pain assessment', 'Abdominal ultrasound examination', '2025-07-29 10:30:00', 'Completed', 'Successful', 40, 'No significant findings, pain likely muscular', 250.00);
INSERT INTO Treatment (treatmentID, consultationID, patientID, doctorID, treatmentType, treatmentName, description, treatmentProcedure, treatmentDate, status, outcome, duration, notes, price) VALUES ('TR0016', 'CO0016', 'PA0016', 'ST0006', 'Therapeutic Procedure', 'Massage Therapy', 'Therapeutic massage for muscle tension', 'Deep tissue massage therapy', '2025-07-30 16:00:00', 'Completed', 'Successful', 60, 'Significant relief from muscle tension', 120.00);
INSERT INTO Treatment (treatmentID, consultationID, patientID, doctorID, treatmentType, treatmentName, description, treatmentProcedure, treatmentDate, status, outcome, duration, notes, price) VALUES ('TR0017', 'CO0017', 'PA0017', 'ST0009', 'Surgery', 'Cataract Surgery', 'Removal of cataract and lens replacement', 'Phacoemulsification with IOL implantation', '2025-08-01 08:00:00', 'Scheduled', NULL, 120, 'Pre-operative assessment completed', 3000.00);
INSERT INTO Treatment (treatmentID, consultationID, patientID, doctorID, treatmentType, treatmentName, description, treatmentProcedure, treatmentDate, status, outcome, duration, notes, price) VALUES ('TR0018', 'CO0018', 'PA0018', 'ST0010', 'Vaccination', 'Hepatitis B Vaccine', 'Hepatitis B vaccination series', 'Intramuscular injection', '2025-08-02 09:00:00', 'Scheduled', NULL, 15, 'First dose of three-dose series', 80.00);
INSERT INTO Treatment (treatmentID, consultationID, patientID, doctorID, treatmentType, treatmentName, description, treatmentProcedure, treatmentDate, status, outcome, duration, notes, price) VALUES ('TR0019', 'CO0019', 'PA0019', 'ST0001', 'Physical Therapy', 'Sports Injury Rehabilitation', 'Rehabilitation for sports-related injury', 'Targeted exercise program for injury recovery', '2025-08-03 11:00:00', 'Scheduled', NULL, 75, 'Assessment completed, treatment plan developed', 180.00);
INSERT INTO Treatment (treatmentID, consultationID, patientID, doctorID, treatmentType, treatmentName, description, treatmentProcedure, treatmentDate, status, outcome, duration, notes, price) VALUES ('TR0020', 'CO0020', 'PA0020', 'ST0003', 'Laboratory Test', 'Allergy Testing', 'Comprehensive allergy panel testing', 'Skin prick test and blood allergy testing', '2025-08-04 13:30:00', 'Scheduled', NULL, 90, 'Patient advised to avoid antihistamines for 48 hours prior', 300.00);
